File,001_-30min.txt,001_-30min.txt,002_-20min.txt,002_-20min.txt,003_-10min.txt,003_-10min.txt,004_0min.txt,004_0min.txt,005_10min.txt,005_10min.txt,006_20min.txt,006_20min.txt,007_30min.txt,007_30min.txt,008_40min.txt,008_40min.txt,009_50min.txt,009_50min.txt,010_60min.txt,010_60min.txt,011_70min.txt,011_70min.txt,012_80min.txt,012_80min.txt,013_90min.txt,013_90min.txt,014_100min.txt,014_100min.txt,015_110min.txt,015_110min.txt,016_120min.txt,016_120min.txt
Replicate,Rep1,Rep2,Rep1,Rep2,Rep1,Rep2,Rep1,Rep2,Rep1,Rep2,Rep1,Rep2,Rep1,Rep2,Rep1,Rep2,Rep1,Rep2,Rep1,Rep2,Rep1,Rep2,Rep1,Rep2,Rep1,Rep2,Rep1,Rep2,Rep1,Rep2,Rep1,Rep2
Time (s),,,,,,,,,,,,,,,,,,,,,,,,,,,,,,,,
0.0,1.0,1.0,0.9102857540633031,0.8968512708344307,1.0106746845244918,0.8542532207936435,0.9140762907797125,0.864332651714132,1.031510377972822,0.8587659303525852,0.7975995971111134,0.8390765359064369,0.9719248279180258,0.7626717540331662,0.8103071420469786,0.738449266142644,0.8250402369715455,0.7189103479520932,0.8366290974480327,0.7482948723320272,0.8080411827945874,0.7717989666622703,0.7994262773446037,0.7275886137156674,0.7606304883438411,0.6870928184240451,0.7170902780421864,0.7785979011810011,0.7186311032707502,0.6670086668166341,0.7698960693786474,0.5086674027144729
0.1,0.9984723393465866,0.9964552207051155,0.909156643583811,0.8945579542529082,1.008437498484271,0.8537602240221871,0.9124568266120147,0.8635407936055123,1.0238956012900913,0.858587766204132,0.7961628418436996,0.8377625431501184,0.9640619084438579,0.7619857467312264,0.8073401193528943,0.7380870796302956,0.8243041819539456,0.7161875724718887,0.8349713678920797,0.7472256530675332,0.8061822198020655,0.7695596760586352,0.7992449239911295,0.7273007446892538,0.7580624121741134,0.6857191466078998,0.7151973807070953,0.7763146487855574,0.717526867533474,0.6667360999366699,0.7681048657048021,0.5077167157407614
0.2,0.9965541069157795,0.995346186122831,0.9060024973226959,0.8936710977692109,1.008660183940832,0.8533440315146869,0.9113537557253685,0.8625449044314573,1.024093504636386,0.858462137908578,0.7950798630020276,0.8379131537032557,0.9702322861528493,0.7622283620876419,0.8037992747355853,0.7364262914707649,0.8238201674526399,0.7144005400518116,0.8306450962003046,0.7448977090024085,0.8044253459201349,0.7668433561308922,0.7976975091238825,0.7254989720101466,0.7556328382246734,0.6862574000975686,0.7163213294398192,0.7729851195636507,0.7158500401684099,0.6659239559648434,0.7674396848388628,0.5072658377545678
0.3,0.9918315850668972,0.9935952710855508,0.9079859266325027,0.8909123661228532,1.007614667926056,0.8533140001730944,0.9113698530625631,0.8618330128264269,1.021480907821508,0.8578254457393572,0.7932462424169145,0.8380567359784172,0.9680548269951833,0.761146086081341,0.7989041633189332,0.7342538395039215,0.8173499526345058,0.7138224145701538,0.8320435601280995,0.7447681520107825,0.8016093336430429,0.7649060272366017,0.7965935899263009,0.724481621378408,0.7561899348546488,0.6845707673746236,0.7130496181476411,0.7718513475969626,0.7153261822917817,0.6647129958850474,0.7694360198028614,0.5053142875653013
0.4,0.9879363906737849,0.9935001235737875,0.9102642823738255,0.888961670923704,1.003467895120837,0.851750563722634,0.9090064797537845,0.8616975486221424,1.0186806606887115,0.8567365764464872,0.7887495838823169,0.8365242287378752,0.9701999772718649,0.760427700877624,0.7943042378474311,0.7327493490743041,0.8171160933395857,0.7100883401787847,0.8273343700970177,0.7443939055225577,0.7963944115526058,0.7636622123789049,0.7928917601713988,0.7249399275569453,0.7519684485892248,0.6838371339891315,0.7113434253731933,0.7705983204725111,0.7173958436568062,0.664162328149314,0.7684981299103991,0.503964798561852
0.5,0.9843688673083247,0.9919838225573461,0.9079465227826523,0.8857160455945129,1.0032929133419752,0.8521551749367298,0.9084094775218551,0.8623754551264168,1.0179668464786737,0.8566318616075039,0.7867065784292732,0.8329227658742087,0.9680366167587433,0.7593796753924787,0.7913563205830958,0.7309976928694697,0.8186106067130592,0.7076996677908859,0.8239746712737669,0.7425266093415922,0.792403102783916,0.7609171193445101,0.7865395182172119,0.7249649302488511,0.7470811094256814,0.6820942447860351,0.7088465211521698,0.7674600921847025,0.7134191031030137,0.6668720070351377,0.7684359906323586,0.5024346201228264
0.6,0.9858799739783817,0.9900143788108442,0.9045223730276264,0.8815645057841166,1.0023936691745652,0.8532853199805174,0.9084173173566391,0.8599481459505217,1.0149175899127802,0.8544714813578053,0.7822650818088368,0.8307359354826099,0.9668244754070892,0.7542389572201754,0.7829284653907854,0.7316684203785271,0.816675955693954,0.7052855726220535,0.8282994819398283,0.7407153874253274,0.7882172109244626,0.7570659274964648,0.7842820999483134,0.7235258035721073,0.7436945342325886,0.6813226937652224,0.7089838555868522,0.7643867823847498,0.710073694779029,0.6668658671421557,0.7682146165692455,0.5007510055380267
0.7,0.9835665476984904,0.9890679416004413,0.9039219855587757,0.8782648992970715,1.0016609150519558,0.8537405264642545,0.9025749966760848,0.8602014592957041,1.0053863609906815,0.8547396396173597,0.7792644833026267,0.827428742781557,0.963583611995927,0.7540240242743351,0.7787079553651898,0.7302361857133102,0.8143490655995959,0.7033346756763058,0.8214156378411549,0.7397379593633484,0.7989794279639293,0.7593826965838024,0.7785590397364042,0.7191531027504807,0.7383535604231257,0.6829527048997343,0.705263512057242,0.7618997354426871,0.7084033193142265,0.664846893758997,0.7649107451787505,0.498125287952946
0.8,0.9809196429752872,0.9892744898131405,0.9008412756830357,0.8753194200707352,1.0046053873242957,0.8510845829599297,0.9016411415254991,0.8612157690518801,1.005140419842884,0.8542183932417576,0.77594206345837,0.8276272797237597,0.9599483557265707,0.7552985778850325,0.771990054504763,0.7309677363784617,0.8113339097430469,0.7041506514787421,0.8183767036617466,0.7398671721326024,0.7981754654371286,0.7572178070097405,0.7787454940517576,0.716829603658538,0.7345935028888292,0.6815144864778222,0.7034792672363326,0.7603974938046172,0.7077046601082462,0.6638036257454022,0.7634616257601468,0.4967090562862827
0.9,0.9796454819072308,0.9877168626938042,0.9014599510879443,0.872849185495743,1.004215985263413,0.8504138120984974,0.8994089578937653,0.8581849602719182,1.003948946074625,0.853890586968999,0.7682313837955423,0.8248513713923278,0.960088621455279,0.7543634236946634,0.7685217715986044,0.7323707013039626,0.8104080099468558,0.6997226029962802,0.8142832937851079,0.7383865976502031,0.7950545777790643,0.7562631762004942,0.7755454389020249,0.7137479387044081,0.7298558854562724,0.6804187615261983,0.6988947004664947,0.7598565692893334,0.7051971805521817,0.6614408483857914,0.7632242955991044,0.493286345131224
1.0,0.9809964531408809,0.9846396961130469,0.902966098395823,0.8687352325330155,1.0006991223833697,0.8481163371887925,0.8969324399361489,0.8567882506199386,1.0011324257892964,0.8551509797070925,0.7693306023464719,0.8200600835218724,0.9563447120023603,0.753591828079611,0.7670266145386364,0.7323390192981191,0.803635263840689,0.6976075240590338,0.80860294990347,0.7361650575861248,0.7928748606725683,0.7546113312746211,0.7722866970353945,0.7115793084074618,0.723665719240575,0.6776202690912093,0.7046286604054869,0.758434820705572,0.6999584997826258,0.6598906489733429,0.7575613553505196,0.488030774957361
1.1,0.9765044673964117,0.9838097841026583,0.9028952682173058,0.8651952519170162,0.999448464909008,0.8452846370604769,0.8951063792303389,0.8533141212452361,1.0002840139063582,0.8559497590675131,0.7700311873598746,0.8178714288307298,0.953361342111973,0.7518563529228883,0.7622401081101574,0.7306951375487007,0.8024004976373387,0.6959137579511836,0.802378256995037,0.7342435491475365,0.7899735981925844,0.7532569472009902,0.7706089752751291,0.7097344930294722,0.7214435519082637,0.6766438440044853,0.7049495246582828,0.7554266543968174,0.6985199098207603,0.6581792006285052,0.7530681960792205,0.48404362219293884
1.2,0.9744941121053766,0.981231590373069,0.9004576726190666,0.8612938183921364,0.9994071497206495,0.8433615188262827,0.8949813661065008,0.8504535392906417,0.9968060994400371,0.8537919332210248,0.7688129001692766,0.8161889461945007,0.9501384931177373,0.7532924963014426,0.7527915871614114,0.7304272661599392,0.7977556369167618,0.6937698187509487,0.8002482092790332,0.7342572779640505,0.7854254349808985,0.7493760209299609,0.7689671918536349,0.7090467934043587,0.712321183343251,0.6741240340696283,0.7021891452044663,0.7524917655685892,0.6921667864213081,0.6556347469006994,0.7501413985904883,0.4801094791770627
1.3,0.9720690135560832,0.9790420206532856,0.8987202722746167,0.8595803232281437,0.9948010969468912,0.8413409697423544,0.8936933220373725,0.8473755539822224,0.9900096767053415,0.85480535414062,0.7669117343899795,0.8140781411917697,0.9462420051727394,0.7502262603897768,0.7436206770861425,0.7270142669077553,0.7983743998817769,0.6918138222563178,0.7933318423550999,0.7337670139727639,0.7824947968706071,0.7459769193879178,0.7629442668305327,0.7066368208883176,0.7075897937487385,0.6723712011413487,0.7008255343695902,0.7509323562602189,0.6914842443507352,0.6526397296833425,0.7416584330777977,0.4801938786416132
1.4,0.9720067165102303,0.9780184079742168,0.9002989016631231,0.8554812077285988,0.9906925019698221,0.8398869298486686,0.889183709987884,0.846832807312434,0.9844004823996553,0.8560902675012433,0.7616170545430848,0.8100494852683865,0.944351255029767,0.7490135401358243,0.7413336260418794,0.7259479338501953,0.7913896008603695,0.6895004564433015,0.7882567879952302,0.7328125152527848,0.779131433678806,0.746334618364987,0.7569450737370791,0.7049154247540116,0.7008105375062148,0.6685172264998469,0.7060494951036239,0.7467044094697391,0.6906138767905418,0.6513324617383759,0.7379572977535738,0.4787555196067251
1.5,0.9649798605754862,0.976019706342164,0.8975945952531801,0.8521202600020014,0.990420198407606,0.8381357105544868,0.8875555064411208,0.8447529870648516,0.9820503261356831,0.8571146132192957,0.7576953279188943,0.8083928567917998,0.9355621085611172,0.74942229421124,0.7346324139677247,0.7272698493659109,0.7922994348574812,0.686843588088314,0.7832039951679695,0.7312967686725745,0.7741524500303154,0.7425750751307854,0.7548175737086388,0.7026315228632231,0.6934944211103854,0.666374430266911,0.7041061627613311,0.7458205729756946,0.6862119591659137,0.6491769424866017,0.7331701730750553,0.4756571890513773
1.6,0.9669556684229931,0.9718382121857994,0.8925432037480501,0.850605078018735,0.9888286717836541,0.835860877664402,0.882722696215331,0.8417091020119347,0.9844315205134329,0.8574225423152978,0.7570549450223878,0.8065046660080312,0.9278725225423113,0.7479319669121623,0.7286795269629224,0.726951258182327,0.7913237070276423,0.6860087871944881,0.7802712518820524,0.7289982862717421,0.7717187689944246,0.7382360269288117,0.7505845502857688,0.7007428253985734,0.6847841808690833,0.6634713161328067,0.7018303785478123,0.741817633929434,0.6825733110688135,0.6458103314044547,0.7266254418262639,0.4755879624890097
1.7,0.9635125393134427,0.9692963780026636,0.8901031107945048,0.8476550253426476,0.986889372792986,0.8349635232450839,0.8786318551117387,0.8406175750152735,0.9819203984981537,0.8573565444210459,0.7449698415567061,0.8041147321111837,0.9128540319754902,0.7456160944512855,0.7142943443794083,0.7277707441723632,0.7892005076910624,0.6851034869848239,0.7726745134564885,0.7263877970550467,0.7734417732062314,0.734930340609887,0.7421918034520194,0.6971797087265158,0.6777563533286824,0.6609583914356678,0.7019266175568717,0.7396401655057594,0.6798670169595061,0.6433110001605552,0.7214625244143312,0.47275421656889954
1.8,0.9607461469441833,0.9670209327602841,0.8918878667130979,0.8446635320863007,0.9818410807250906,0.8346809732389509,0.8732500408333508,0.8381396718116021,0.9791300309567053,0.8577535827429572,0.7477004968389871,0.8002125186951441,0.9193566790465661,0.7442839372757065,0.709226214991528,0.7272121977069885,0.785778800659603,0.6820725939838423,0.7693578330085435,0.7258344413591772,0.7691287596231761,0.7316813677773982,0.7398321544985733,0.6944952154254295,0.6725356267318167,0.6590120191682493,0.6985334660617439,0.7378626912682613,0.6783358047023953,0.6396298476162763,0.7214280786908795,0.4720888395331736
1.9,0.947514999811653,0.9634942581622472,0.8901978823672463,0.8437294253525295,0.9816728142734242,0.8337793876730077,0.8700446665809635,0.8370624209551869,0.9795806495547416,0.8548413269026037,0.7432997721274751,0.7995670100753824,0.9175041604623936,0.7426613640087951,0.7050758047731926,0.7254435807886758,0.7827734491663426,0.6816252876801403,0.771073271702805,0.7222191320405212,0.7689250637935541,0.7271715481358484,0.7327947888023216,0.6912116506718333,0.6656121878554048,0.6584344891043649,0.6988062522729769,0.7390708990367397,0.6753733418018785,0.6381539534969066,0.7113869454613666,0.46983894578538093
2.0,0.9464087520198634,0.9604801171285431,0.8906266601125118,0.8411910561982693,0.9788510037975263,0.8331957133131654,0.8659509844467181,0.8356760374098839,0.9776248811543564,0.8532006005061131,0.742053992994517,0.7959945203715135,0.9144785936551831,0.7390134047070512,0.7105217267714264,0.7256440996343687,0.7798147843302388,0.6791708469172034,0.7671443346673738,0.7207904202073462,0.7681317521387993,0.7247413510595675,0.726310178907106,0.6882236533780879,0.662611227986758,0.6588681287976951,0.6915749806414767,0.7376089822197613,0.669344343516115,0.6346491901374425,0.7062900227526392,0.4700429087175915
2.1,0.9422858156706174,0.9601564762964662,0.8916538095390321,0.8401128573473452,0.9779507289645119,0.8311718373860563,0.8628363810091243,0.8340271372843887,0.9734037693042866,0.8542550034191275,0.7391589897104743,0.7933260340316586,0.9116907627565216,0.7371040925107886,0.7060243098545759,0.7262006190375299,0.775788487150807,0.6776355892845896,0.7607904190562131,0.7162226237640624,0.769792113749992,0.7248079311626657,0.7218751737576117,0.6861824085026378,0.6554928980016156,0.6562232969360476,0.6914955712202832,0.7345734806581212,0.6715560782458836,0.6324373696983807,0.699207948289598,0.4690337409820783
2.2,0.935826963893788,0.9584620501938675,0.8857991239864169,0.8371365033273528,0.9721798791625033,0.8301159267361513,0.8566109537131515,0.834388442185552,0.9798293290090451,0.8536942709328311,0.7363366854635464,0.7893383195717402,0.9080058258974241,0.7360822076044918,0.6993027487706083,0.7270809550531002,0.7761316907903018,0.6751925836136887,0.7555364942550056,0.7149191783921669,0.7678915146269535,0.7215587197792187,0.7203920702563258,0.6850192624795819,0.6582292954349661,0.6538516090828539,0.6858194150596897,0.7340859835418405,0.6759311521458368,0.629961281875405,0.6886269718387533,0.46551702694213903
2.3,0.9342215466481255,0.9562071858140584,0.885419626361193,0.8345116987952186,0.9674722611970459,0.8260694927263901,0.8560899706966321,0.8349531282052186,0.9776209864159657,0.8520831110817688,0.7337464588268658,0.7859854872064967,0.9038569325980662,0.7331859755469949,0.6982365394527833,0.7258691042174772,0.7740591464553678,0.6742105054450249,0.7523914939700609,0.7127972024759344,0.7662043021081186,0.7176733343100097,0.7189492630434418,0.6829001023226737,0.6552419155182861,0.6518285976066146,0.6842951634062018,0.7339592523573552,0.6779784441822615,0.6258552334956885,0.6827430311443028,0.46169267771046163
2.4,0.9315692865212538,0.9562150181431112,0.8888674945552774,0.8316183769916756,0.9635958931020538,0.8227756306548035,0.8532655707483862,0.836718904865599,0.9727934976099162,0.8533209447793974,0.7319062755590351,0.7812271343835736,0.9000237512018064,0.7288053248707371,0.6965852860492585,0.7274031937068037,0.7690187116518917,0.672338298139951,0.7491011837116456,0.7100093200830979,0.7687723200674962,0.7146753430520008,0.7151110948146625,0.681596879921977,0.6516432690019921,0.6494958686360147,0.6809546353545258,0.7333595107493847,0.6741346957667244,0.6211624156900987,0.6797405150949434,0.4610240205030959
2.5,0.9264396987181855,0.9540110214529445,0.8931220479037206,0.8302057620984895,0.963030566620228,0.8198512084897795,0.8504478288180749,0.8367743028784113,0.9677720056539872,0.8518905213176939,0.7284538892789312,0.7772575703437111,0.8962131877832211,0.7232592653806711,0.6946710682789156,0.7272999013676198,0.7648166804387512,0.6719847968920512,0.7462412337424987,0.706993222999273,0.7667762028066022,0.7110038746831402,0.7099887175515618,0.6795254645031681,0.6509554228640785,0.6483283531677426,0.6789396222571851,0.7324072761749196,0.67390036136619,0.6158857030371971,0.6714363927592121,0.45934789071710025
2.6,0.9216105115653238,0.9521239454122717,0.8951273808078377,0.8264906700637655,0.9530130836044637,0.8166568352638667,0.8466082046869166,0.8357692381290646,0.9633627556621576,0.8520012487020584,0.7237890105828966,0.7751487113432849,0.8904664999105342,0.7178035907375646,0.6901985325406311,0.7278880440702834,0.7654441383462707,0.6685050712225038,0.7410978679023544,0.703483742585316,0.7666195998450608,0.7069179248708237,0.7010045520967786,0.6767602785462139,0.6481043864931199,0.6491686292181363,0.6729813688296833,0.7291874684268044,0.6741840748520843,0.6130552661112824,0.6637052062930139,0.4572551423849147
2.7,0.9143349956655443,0.9474177953966597,0.8890942876131976,0.8271210881056976,0.9439167773912308,0.8141805241310021,0.8428630884183651,0.8363096724464015,0.9595713080229722,0.851606308680248,0.7215682516012102,0.7725095943181323,0.886819757279406,0.7136588188651017,0.6909847390313414,0.7261390237801563,0.7614781767736348,0.6676294325044844,0.7349497256201364,0.7000642465733354,0.7619229770706308,0.7051760620126224,0.7019295917906412,0.6765147600483434,0.6446787464141148,0.6477498174190792,0.6698725974460961,0.727553058606803,0.6754294507863308,0.6125585476965024,0.6580192248896125,0.45591762616713616
2.8,0.9041183496068007,0.9440753297809448,0.8876577882808068,0.8263575901272,0.938189594722867,0.8118837209573134,0.8373304267686048,0.836438191464762,0.9515787426689345,0.8511166869589103,0.7180999068288548,0.767824677369958,0.8808406446969871,0.7080905686039629,0.6876038681950707,0.7264906472154249,0.7576645026155844,0.6666410145025886,0.7294369915537332,0.6955969235488003,0.7590333609343352,0.7031195315865524,0.6983435729554529,0.673683202621595,0.642699113031853,0.6465333500071241,0.6687242407610066,0.7242136926858879,0.6753881332293953,0.6114024195649157,0.6480792835692418,0.45409357667829797
2.9,0.9033734771758273,0.9394665196202377,0.8851072344819176,0.8237015675951092,0.9257784441721383,0.8098541105496647,0.8335774161107667,0.833290513714001,0.9448476365550943,0.84866051458471,0.7125210057710291,0.7631533700192671,0.8762158950214898,0.7044087000681185,0.6829922922091259,0.7269320166146079,0.7515153957562041,0.6639509960316472,0.7269780271188903,0.6907084688942483,0.7528818738869641,0.700003762651326,0.6935159690417192,0.6734835762251807,0.6398019398482485,0.644963171020513,0.6658349392849917,0.7216002483952051,0.6752646872538102,0.6078528213826161,0.6420362772112522,0.4533672699457591
3.0,0.8969050743961925,0.9372426318670067,0.8822201627635193,0.8203752785116336,0.916812668373489,0.806338422617537,0.829233749101703,0.8326520879013742,0.934485430483554,0.847880584588493,0.7038006873383625,0.7578920509592315,0.8664774865309466,0.6990233616049606,0.6811115668873038,0.7255893393756331,0.7459291528568697,0.6614783717698892,0.7236091850484816,0.6855383843425602,0.7476523793593844,0.694302782659525,0.6847347523622815,0.6681804252845445,0.6388522973350865,0.6432510358114865,0.6558732271650841,0.7184804338028118,0.6656850540701833,0.6062448906060972,0.6337718176211156,0.4499375343173473
3.1,0.8859891934128304,0.933178768509111,0.8770576548321767,0.8173306111967238,0.9100383520296209,0.8039366006866538,0.8256459135423527,0.8316755849158518,0.9328998350591452,0.8460525139523855,0.6995258444262357,0.7539624827591577,0.8671321053979614,0.6940502606482744,0.6796007743368743,0.7236063761233024,0.7409438204184453,0.6620192173703031,0.7220358755864825,0.6828433950250986,0.7436643130178812,0.6906379966528161,0.6810628636324201,0.6679477909092593,0.6387454850506173,0.6434907715089832,0.6555056924232435,0.7152229795975128,0.6669390910659876,0.6058592015746469,0.6350798563146237,0.4483913232104863
3.2,0.8827459933491502,0.9282206411691594,0.8739739806310629,0.8128069606799446,0.9012588165505586,0.8016051140325453,0.8197434162071027,0.8310351574427931,0.9227421642717444,0.8443257138993978,0.6960942141392303,0.7478977297161455,0.8603354028365114,0.688009150342201,0.6766084673684938,0.7202070578193851,0.7359492951214768,0.6607001228071653,0.7217255470465574,0.6797784695067005,0.7410944505807997,0.6879157814794767,0.6778390990287732,0.666014986693298,0.6397136739579096,0.6412163406444367,0.6474316670268891,0.7135517835940149,0.6696384510121978,0.6040662636353642,0.6292495994909123,0.4452322892825595
3.3,0.8806484709814547,0.9239758579645888,0.871694118037214,0.8069755981950465,0.8983416152735544,0.7967937951069821,0.8133849994761417,0.8298095302610996,0.9155286305000826,0.8433750797501036,0.6926968443117777,0.7414353673191596,0.8570014400420936,0.683121832671417,0.6763742182624699,0.718582541598383,0.7333488794337387,0.6566561069341651,0.7206511230409226,0.6739147199753838,0.7355649225066742,0.6834132354406696,0.6722431700662641,0.6615789439877588,0.6378395856972662,0.6409918993035109,0.643299482028817,0.7115670323949127,0.6705967279661743,0.6036704459537569,0.6215226408828372,0.44258304917306235
3.4,0.8794828320528743,0.9201250158708588,0.8675932535542141,0.8036952710961522,0.8920620877264865,0.7944265498561373,0.8105044488358952,0.8291473484760336,0.9084516529568921,0.8419781361759346,0.6886518047384844,0.7360591088076955,0.8503254863423627,0.6768078829524817,0.6685350337301619,0.718454820534672,0.7244947152740744,0.6539747296979166,0.7141396345875061,0.6696931250980942,0.7309548780373484,0.6804697753737702,0.6647427038355809,0.6571381376013442,0.6373073482850309,0.6392465297575108,0.6408891080719813,0.7078221283770967,0.6698345907470911,0.6002091872669192,0.618224156665835,0.4386486113723273
3.5,0.8802720499572949,0.9166868592581402,0.8633493838774566,0.8019008791588601,0.8869031734668247,0.7909491033473789,0.8061234756349496,0.8251712160997972,0.9001911314861453,0.840362504256456,0.688194582548289,0.7343836549010293,0.8428637462138706,0.6722528389941038,0.6663371071338426,0.7172071184140322,0.7179690938574953,0.6516357673557762,0.7172201733078253,0.6629795149159518,0.7257979647101865,0.6775212999790075,0.6593007322887838,0.6513374471474326,0.6418958126509992,0.6395078781944158,0.6391289045117032,0.7053153946022979,0.6725117136960583,0.5965149884802365,0.6158516683011116,0.434972280447566
3.6,0.8781436200050007,0.9131038666511908,0.8623486801774699,0.7990580761938187,0.884208732333787,0.7871564181257942,0.801383892747054,0.8261178322516433,0.8902961561806029,0.8388580086335855,0.6844851293744367,0.7317513956796701,0.83408838666446,0.6704366157491799,0.6679085993310258,0.7155222336723883,0.7131142853200676,0.6491457706458762,0.7092569615202869,0.6602223386489382,0.7249129374359438,0.6749893379444779,0.6517444905538163,0.6451050670667812,0.6395205539267464,0.6367320151346042,0.6351509640935367,0.7040388537819605,0.6729280964728902,0.5937671814065427,0.6112345332396374,0.4313273643809283
3.7,0.8764408738187629,0.910040470771664,0.8614013607490003,0.7961612373159709,0.8793602223055265,0.7820819085131892,0.7992843071944808,0.8230468670926296,0.8872076308767192,0.8371278130961571,0.678252454284902,0.7283507226140392,0.8305308335913929,0.6668335509926844,0.6641476225829619,0.7145970128206959,0.7075237657493312,0.6458412559700397,0.7076134412626076,0.6580591674772127,0.7163220532302123,0.6722309741159257,0.6481959112974285,0.6425789097346059,0.6357518622090891,0.6321979997875425,0.6331809341317147,0.7023625066357375,0.6705511117512652,0.5907949851502491,0.6068186709022126,0.42855480762836823
3.8,0.8756685345214498,0.9058820366918048,0.857880811565326,0.7918492398669232,0.8739790525889771,0.7801126879636797,0.7929059074245702,0.8171560620667208,0.8873011553680225,0.8355586154086138,0.6770152613716238,0.7245000754930992,0.824038292053296,0.6625296829041948,0.6596434714932824,0.7107266242249638,0.6940778807910146,0.6434118918464191,0.7072230266351366,0.653574979475694,0.7070874410796224,0.6716596862295324,0.6450937107063606,0.6375320232617514,0.6358141693728838,0.6283570389870599,0.6315629586402904,0.7001515557279023,0.6656922351574129,0.5879260229783855,0.6032443683352195,0.42461260179331345
3.9,0.8715534470436228,0.9018429876010402,0.8550962371508398,0.7885363070404899,0.8690270353677384,0.7765608234908268,0.784513304404626,0.8130317288068482,0.8823949161972774,0.8339534093965911,0.680028932259237,0.7221434513482943,0.8162156202087235,0.6568353072628504,0.6558206060471581,0.7079393094772855,0.6895715346227723,0.640910319939542,0.7048450818675401,0.6499721212074626,0.7015468793250962,0.6695290886097549,0.641275910152809,0.6331169468484895,0.6371219562763787,0.6256872672041325,0.6295351366657171,0.696401860143699,0.6653316993026054,0.5858880694965182,0.596752569114246,0.41614701551322664
4.0,0.8657436230310014,0.8988961443554522,0.8511423362168716,0.784313039371175,0.8664194650075506,0.772337848450042,0.7803113784901721,0.8080691856210913,0.8771782603858483,0.831227566961661,0.6736977817864582,0.7193545996234517,0.8090045667231675,0.6538572363081795,0.6481630589173244,0.7066980143634792,0.6861659212984066,0.6344539769746427,0.7013974784391509,0.6465452096814498,0.6962185403024697,0.6678832190862127,0.6391231005938345,0.6285891816945925,0.635857336891293,0.6225916231412627,0.6296201444499212,0.6928203862246305,0.6625914820499785,0.5821382603381248,0.5980663045439378,0.4148919966519732
4.1,0.8606214969657701,0.8951519511359481,0.8404962518116396,0.7801250146988677,0.8604954705721132,0.7690037014099377,0.7734369712649453,0.8047468983908206,0.8710967132410576,0.8286925533263712,0.6662934576076575,0.71632890111757,0.7998992742582276,0.6501540722729615,0.6431967809327568,0.7039781152681859,0.6834285449734511,0.6278959661427502,0.6986569870495032,0.6437277300352531,0.6894963774197734,0.6644869852360266,0.6352426967528954,0.6224425925768262,0.6280314723339016,0.6186310856529035,0.6254373542418066,0.6906920957640511,0.6589822058758483,0.5797638846376914,0.5977457780707925,0.413401970177734
4.2,0.8561892274967509,0.8928659923781884,0.839271115314783,0.7746425434335527,0.8531920746438116,0.7648118716635643,0.7666378786807619,0.8002823292581587,0.8661070548287898,0.82721977594922,0.6564359800397741,0.7133917822386642,0.7924785407079825,0.64602082942268,0.6403955569164971,0.7013807349516235,0.6832830721088338,0.6216876188575146,0.6942859439523802,0.6401728387989385,0.6834738541536408,0.6616345692205569,0.6314084137881993,0.6169603828934188,0.6243068301205719,0.6158304266152441,0.6240378343921696,0.6878257247997585,0.6584929244578144,0.5757043410504158,0.5955133713809119,0.4130226656640727
4.3,0.8522618304996662,0.8881135631379603,0.8383305053693034,0.7703117846798129,0.8477830423026309,0.7609534266470985,0.7583550223030157,0.7959416566968903,0.8607056688972018,0.8250254091311063,0.6486510005165951,0.7098806938354504,0.7853640584758754,0.6427279890672193,0.635258128918209,0.6978272469097542,0.6795903252796165,0.6158947923437621,0.6921960636175591,0.6387105906298247,0.6800834107914102,0.6596563616334273,0.6313139473756858,0.6138319729024374,0.6206000008921583,0.6099798994453542,0.6258581283857984,0.6853527422035269,0.6574345034067366,0.5737088506552113,0.5940967924489118,0.4103943221669424
4.4,0.8476742100679152,0.8853680259675173,0.8323482645405472,0.7677632779565478,0.8479160358568832,0.757179399203831,0.7522633890630226,0.7914993201071208,0.8577180013271658,0.8216125862237389,0.6418501232355274,0.7078113437508736,0.7752453558231728,0.6396597511564315,0.6265638585486256,0.6955144740307806,0.6758321609333207,0.6108861944851437,0.6864982597204419,0.6345100911987628,0.678841889844657,0.6592564678125147,0.6260139162958774,0.6091400010326408,0.618608128481351,0.6073577195382462,0.6150338514413597,0.6831173124449815,0.655627960288787,0.5699505834936469,0.5911779568024145,0.4085540579302946
4.5,0.8446430265927153,0.8809908367074372,0.8260936826900178,0.763886458081169,0.8382425724553262,0.7537191001398739,0.742097182053509,0.7871061846242922,0.8537169484651698,0.8182936359973618,0.6343896845627588,0.7048635076907429,0.7698882060243178,0.6380031101482992,0.6180729919013532,0.6929893002556096,0.6709222899877024,0.6053848662915394,0.6830657758961849,0.6315742466990422,0.6777638172524018,0.6576224291972225,0.6204936268813623,0.606133393151444,0.6134739224169115,0.6040259323801501,0.6089616676411527,0.680452202622904,0.6533037661497516,0.5656512646949916,0.5907393722480475,0.4082488598871411
4.6,0.8309051235577566,0.8771170587236923,0.8235503371912469,0.7593334058483031,0.8355540038738105,0.7501502425521588,0.7347518159481237,0.7843498798077508,0.8502042308262602,0.8120184948953674,0.6242381559584553,0.7010729362361214,0.7550915923025296,0.6353569511846566,0.6095303769482717,0.6916176188102148,0.6671463696568068,0.5999802029428168,0.6814200271424136,0.628168468326791,0.6796035483795151,0.6555923104152409,0.6155996507853666,0.600910880337516,0.6113176869947742,0.6003285830951028,0.6102215151163191,0.6817254234867655,0.650126139156858,0.5629891466383645,0.5903652948534097,0.40505605286737617
4.7,0.8216679036298392,0.874366427987897,0.818905582876409,0.7551216920384675,0.8326961204364431,0.7482154206444189,0.7268956214814216,0.781500611129535,0.847069772098392,0.8087545530749131,0.627225224201321,0.6973633782900996,0.7596742405508933,0.6343979257542058,0.6111492921210565,0.68904145248153,0.6615025276035135,0.5948849043988218,0.6777152124915619,0.6251648558237429,0.6727597171638785,0.6535905767135765,0.609574721740316,0.5975634326984965,0.6085337599483749,0.5988902013115076,0.611134075010654,0.6811962298531586,0.6436738946022892,0.560342102021831,0.5886390271289335,0.4037399586272669
4.8,0.81012034076839,0.8708534076944797,0.8105518576762993,0.7500667562488924,0.8322378688164224,0.7449548373911491,0.7219384183899742,0.7798231040814919,0.8437928325848223,0.8042527764278623,0.6171940232897354,0.6927404954291976,0.7555913686012297,0.632256162865767,0.6072178590433343,0.6867188051960144,0.6582663481817295,0.5916361543117384,0.6761313076388547,0.6214587695675087,0.670657235485496,0.6516895602877693,0.6041883765289545,0.5944412598046505,0.598484663666593,0.5968692985218755,0.612799237572578,0.6798844017802643,0.6393857864242213,0.5567755470774416,0.5801203311715778,0.40178534986021786
4.9,0.8106896751138949,0.8705761191312542,0.8046802470461292,0.7460024625283591,0.8312427371161558,0.7422889998362379,0.7160871843429402,0.7752770307906961,0.83774263401759,0.8015719191943179,0.6116476842674138,0.6891596804888058,0.7532265402396705,0.628870454498023,0.6008384921732123,0.6865402709718202,0.6528751978746274,0.5853983958270843,0.667990787151698,0.6207910958042497,0.6692011747723191,0.6490018986506222,0.6018522908985309,0.5940650508311868,0.6013517632106007,0.5934324028536213,0.613102475237155,0.6779578540796894,0.6346328681914059,0.5523027868296665,0.5783643580182177,0.39906920198721224
5.0,0.8001641267589046,0.8698688964866753,0.7956923532197311,0.7423332321129522,0.8285622117580849,0.7388731042164074,0.7095119074898757,0.7727167736546063,0.8325790891902554,0.8009788330790582,0.6040095634837422,0.6847518154721448,0.7495970899957215,0.626836623443153,0.5916540838876218,0.6823874798131881,0.6482622498648171,0.5805524683845826,0.6662578856357083,0.616915345174553,0.6671362154184531,0.6465537934308382,0.6025072964872014,0.5932577224727673,0.6028637055763462,0.5911486437772973,0.6127918908651889,0.6752355776033826,0.64237479048947,0.5475386398037915,0.5717039710687295,0.39724621722818404
5.1,0.7944658048900813,0.8675448020898564,0.788082339024103,0.7376317617829886,0.8245338511363212,0.7361649949349255,0.7012327211704129,0.7696739554765386,0.826804056867773,0.7983926642059528,0.5989322337968975,0.6811508489028528,0.7448541296975065,0.6234493076506361,0.5868882698353578,0.6786031671318891,0.6459871651280752,0.5769041272658294,0.6645051514596511,0.6141293974943403,0.660435054011246,0.6425640237974004,0.598716777767799,0.5908444374514397,0.6059468647407295,0.5885470757793819,0.6111386838234636,0.6773151662996089,0.6411855878774311,0.5432410522777089,0.566932821513991,0.39475733120838497
5.2,0.782581275495525,0.866181915305918,0.788082016640202,0.7326692455795695,0.8213132853986441,0.7345574089452629,0.6927732191658288,0.7653805453581997,0.8202526318921766,0.7960526023617852,0.5966477655311783,0.6798171240421775,0.7427703138719106,0.6188537075456036,0.5840539888540216,0.676704235006978,0.6440630827244622,0.5716771633822918,0.6629998011006346,0.6122719218681388,0.6582838442714374,0.6388442816559916,0.5927928082539089,0.5887862989232163,0.5956511195186093,0.5854291750137023,0.6112623193109392,0.6765191523465365,0.638049625515212,0.5393160793164707,0.562276102436356,0.39333554937651294
5.3,0.7794462090989771,0.8652771760805,0.7829566213983136,0.7271962885799744,0.8178297637643861,0.7294007520014009,0.6868970472231121,0.7639542451137714,0.8136416987669451,0.7935320996921053,0.5930836698053138,0.6710600954952088,0.7370792202816362,0.6145648215411101,0.5720610348178204,0.6749754533891914,0.6314231067996706,0.5650279406214141,0.65905668504352,0.6055723344858016,0.6555702364860894,0.6349904194597119,0.587794616940685,0.5866916566793141,0.5916526347602786,0.5841990773441481,0.6086670861979986,0.6757277288906328,0.6319798022077636,0.5357196645207422,0.5599054902934145,0.3921444995973974
5.4,0.7715730129364091,0.8606869263810608,0.777506608661958,0.7216634712082766,0.8142948902777356,0.7266840510469257,0.6786169163049175,0.7573234814328269,0.8146201084436279,0.7915615876030956,0.5885218590342401,0.6656221087339298,0.7339218667100602,0.6110105932348611,0.5617238649636457,0.6712275370587052,0.6278731071180648,0.5611628232906125,0.6561277896651102,0.6032401494520298,0.6511899308633695,0.6313065734233531,0.5799089577645908,0.5845330888749943,0.5900584382610944,0.5817706533122595,0.6047486330756927,0.6748943498192254,0.6288594660161709,0.5338611366962764,0.5527417673832187,0.3905885503278639
5.5,0.7648922351408329,0.8572128381007971,0.7682782662629236,0.7164289032730353,0.8054226147697136,0.7238989569794891,0.6759611591031057,0.7557352447144402,0.8092538411687609,0.788466172043368,0.5818154739110862,0.6631374694292254,0.7329150508461124,0.6088691409255451,0.5536876416155805,0.6677405333834394,0.626952820565725,0.5575868710415977,0.6501524038838365,0.6005805633321484,0.648738378863922,0.6280652625586316,0.57407941869689,0.5822700891510958,0.5855264120345193,0.5808439803818037,0.6039691813541315,0.6731699676772062,0.6259740614411602,0.5330414863284859,0.5475169541417495,0.3885805866641427
5.6,0.7560519081296835,0.8524611609791138,0.7621020658197597,0.7122478678164075,0.8004820864847858,0.7236572058481503,0.672652042164565,0.7558096686620658,0.8063007554123617,0.7847370374518963,0.5759312380971137,0.6593754040803009,0.7336542092914838,0.6077223865031506,0.5489551776912645,0.6632349909504125,0.6248134181298463,0.5550001355394053,0.6488809673999884,0.5973832287100269,0.6485449248376829,0.6262202796417774,0.5686583292441616,0.5821177569216144,0.5838720328819611,0.5780345457622488,0.6021517573804763,0.671820858142513,0.6241492939010549,0.5315246619224359,0.54087066161456,0.38668593423148456
5.7,0.7495517025721405,0.850615892094641,0.754386510956467,0.7087344690928851,0.797405532560267,0.7212658333072598,0.6697638905553576,0.7527292736841457,0.8024338159265431,0.7805204536123913,0.5757246258543073,0.655235426145058,0.7285742082104276,0.6037539092079763,0.5396667726381663,0.6600010748267108,0.621028408874587,0.552872117160137,0.6448948042357012,0.5946780109416284,0.6446635129870913,0.6236963235715925,0.565478495226839,0.5792376534152127,0.580794977437047,0.5759049861157376,0.599544158391404,0.6707089547394036,0.6231996296845203,0.5304030738810314,0.5347698530228951,0.38353568024327017
5.8,0.7480204134907557,0.8481619670443296,0.7463961520347138,0.7059264329261089,0.791382315893272,0.719048109268238,0.6673931949715743,0.7522258006532561,0.7980924434762685,0.7769255668749786,0.5739642188538773,0.6517147327070894,0.7230653949367604,0.6011987036396249,0.5344733970533401,0.6550156048955803,0.6157170826698393,0.5507638278370112,0.644859059450848,0.5909903115113694,0.6413968244937573,0.620621639478779,0.5620799396692367,0.5783997606164667,0.5808903660497939,0.5740622218469825,0.5962613122908935,0.670333096536327,0.6179246823480861,0.530085350038476,0.5292766620837893,0.379666491243877
5.9,0.7400958122343083,0.8451328971010268,0.7369716675064637,0.7008157911412252,0.7855706329082867,0.7172924153090133,0.6641655015683722,0.7507379389076002,0.79436619704131,0.7754141531614183,0.5738109604772704,0.6460377572865017,0.7187416399608326,0.5990440918524058,0.5278899855291693,0.6508687886876916,0.6114440124829857,0.5505443304731648,0.6430067141074729,0.5887328893414453,0.6389996369189564,0.6157810241698529,0.5611856273679172,0.5768861865095608,0.5804088846641553,0.5729051281089846,0.5945002919320502,0.6679474951674392,0.613405824018349,0.5312141252939846,0.5205588543425463,0.37524858167389225
6.0,0.7352056742883136,0.8412063774534994,0.7317698724549143,0.6989122364564508,0.778382853393201,0.7144221592268166,0.6586334761131951,0.7494312056419229,0.7864962357367812,0.7738506173617659,0.5732858411275255,0.6418694352524833,0.7156474990960116,0.5959945128489038,0.520566210829372,0.6468170527050676,0.6045334171628602,0.5502259091428308,0.6413926748560245,0.5855389987493929,0.6380419450034531,0.6116089320597796,0.559647329744974,0.5763256837682718,0.5776324086712519,0.5686321527647444,0.5920744440628847,0.6649944815467304,0.6145168627201631,0.5265513774406959,0.5153424819107368,0.3721709845950215
6.1,0.738144588643667,0.837942365072539,0.7165529402054814,0.695330717152865,0.7722776012484505,0.7120703808388671,0.6546129828995392,0.7475081755801369,0.7837512377950534,0.7722307681819699,0.5739123135526177,0.6390689097717498,0.7109127010422264,0.5913714842382207,0.5126053061643786,0.6418776483977896,0.5988408289233796,0.5472313246815237,0.6374492285111708,0.5793150271102124,0.6349947473487013,0.6082171378766252,0.5571711933856788,0.5704666205835157,0.5745001848243355,0.5640972194537248,0.5855134448621321,0.6641063577963469,0.6123801479495886,0.5234166256069197,0.5058894745943047,0.3684093576356977
6.2,0.7334588469823966,0.8355813091634787,0.7136729598258483,0.6930803580331341,0.7638864986189371,0.7093498361996176,0.6550885489190559,0.7445367334745303,0.7814871439241114,0.7710274127183617,0.5714512826632306,0.6361117339843667,0.709647369642354,0.587998964137067,0.5075306285112041,0.6392619036088204,0.5917934883005634,0.5439113339417021,0.6394434029984242,0.5758929229674294,0.6292263764168013,0.6050742617400675,0.5523390950974396,0.5668707746748098,0.5723483437043334,0.5621167175324748,0.5800978531851348,0.663749021895417,0.6086341734323778,0.5220437496455427,0.502343410328822,0.365597608552521
6.3,0.7298049159008538,0.8315130649577893,0.7095975823879165,0.6913934666635982,0.7593812587047944,0.7074856470517448,0.6553628930359429,0.7432663389822934,0.7787715504217945,0.7689981894338725,0.5710669462415374,0.6318563510112533,0.7026164849386659,0.5834872932136351,0.4978733924096216,0.6349539536232887,0.5842747516664398,0.5423476272162799,0.6322667152968527,0.5706734957362009,0.6247023666127102,0.6021806925796152,0.5465905528608157,0.5641178315865637,0.5719141174342868,0.5570154451667045,0.5760661285921501,0.6601893877512405,0.6041620151731507,0.5182228294512384,0.4981634234343493,0.36135561262341015
6.4,0.7267404521707223,0.8282381589378911,0.704856811298313,0.6872958496434058,0.7490158561616065,0.7053319050215452,0.6531136737244151,0.7413166833369653,0.7741251060759087,0.7660595612375212,0.5721606235585003,0.6282579615374304,0.6959306488155934,0.5806109773951911,0.4979839796648796,0.6287498639025307,0.5773113807732932,0.5420674162852727,0.6333521987282884,0.5646756108524957,0.6224569912953891,0.5969146543200479,0.5448035592807675,0.5584898429947731,0.5694551461769122,0.5533249649638421,0.5713119068439793,0.6591160655908974,0.5990539256030676,0.5174594091231665,0.4926211496622034,0.3608505912014892
6.5,0.7190428355179715,0.8228570380737409,0.7017402681250346,0.6836477548654903,0.7495344772436244,0.7042402339685552,0.6523118335196766,0.7413683463846304,0.7678965054791487,0.7637639189817239,0.5686043225357333,0.6272048754528011,0.6909986970443299,0.5776612448944554,0.4934291186843611,0.6237768476184514,0.5723092401929211,0.5403654473661998,0.6284713531983,0.5637734035638232,0.6193122321676074,0.5935616889623626,0.5416982791536599,0.5563039328589374,0.561663261248248,0.5477775144044489,0.5676000690796731,0.6549859270641859,0.5912251320172454,0.5160607634941188,0.48159130210810364,0.3558375135184436
6.6,0.714350407235626,0.8188550560537341,0.6985930822615796,0.6804705461317969,0.7478594096281524,0.7019871832759899,0.6466485763967068,0.7376016687494523,0.7637719452130421,0.7620013043351829,0.5677099794429155,0.6234549135450246,0.6866838538386673,0.5738805258314981,0.4877748782956526,0.6196696409174698,0.5648997668825979,0.5392431648174926,0.6258942800410328,0.5595603767076455,0.6126239692058799,0.5924064728112032,0.5390057472480075,0.5540426821098315,0.5594420409089909,0.5445741190300084,0.5629479242387749,0.6490576526032903,0.5845596060541767,0.5125193896185941,0.47934220086498086,0.3515887777965741
6.7,0.7106337548497818,0.8150259327095165,0.6937108697280789,0.6774152800644156,0.7474381113593043,0.6975672670894033,0.6392562820135841,0.736345369310979,0.7650945904563486,0.7592595607233315,0.5642905342220966,0.6209666583813069,0.6789525735304853,0.5695445710021033,0.48593807750998547,0.6147248181278222,0.5582995106065205,0.5361746810174539,0.6228220046158395,0.5551595210022963,0.6042646374042326,0.5899841720764657,0.5370007984652603,0.5509287069581411,0.5594143806432047,0.5399534647295459,0.5586070861085352,0.6438294054217196,0.5810761961034645,0.5118242862997445,0.4812316539804386,0.3467856654191179
6.8,0.7024185895139115,0.8099913706168661,0.6888490693063668,0.674805683296999,0.7424944836113971,0.6961972848538877,0.6344412737536786,0.7335745088216914,0.755961436370848,0.7583281777379852,0.5565246667709799,0.6174478966077482,0.6742610790080583,0.5659397260887158,0.4871417498092759,0.6087069966271903,0.565714060961246,0.5314126823614145,0.6179494500830272,0.5520944552660605,0.6014820164992194,0.5874550932006557,0.5314993634628431,0.5477445310236456,0.5573954052772888,0.5369404946954183,0.5557188272697354,0.6377376328981972,0.5794770844726993,0.5096743995939806,0.4821514834746895,0.3422962233242737
6.9,0.6951873889139707,0.8048480378673525,0.6807701442771631,0.6695063632837979,0.7397951768551836,0.6926928092683908,0.630680402999427,0.7312848480646529,0.7522652437515283,0.7551937725877315,0.5511708541938751,0.6137215226819581,0.6676149401294166,0.5637782688034549,0.48257544692929183,0.6031878124484087,0.5585751617916284,0.5270081636174754,0.6141838388282442,0.5491443542475591,0.5940571725928576,0.5840992783275,0.5206873728155046,0.5438483286175908,0.5515100442606022,0.5313958270988266,0.5489254285125063,0.634714454474896,0.5756797262817819,0.506926901281771,0.4857598820911097,0.34148783265203625
7.0,0.6892000632142106,0.7983367596536628,0.6783732831797814,0.6653416096921327,0.7380268809492371,0.689588540115072,0.6286650865182907,0.7257154618358175,0.7445601014351118,0.7521404972297913,0.5466756398989897,0.6121575199411016,0.6614175413099433,0.5599750967101365,0.4801870952273161,0.5972741565437821,0.5525901414894712,0.5242940120987511,0.6104277826697855,0.5451459523321462,0.5868073514777794,0.5821906131428523,0.5221215510198534,0.5393805493770487,0.5451430714835702,0.5263624316140666,0.5395734317288723,0.6303831500908762,0.5734952483101432,0.5054807265926888,0.48431778753664784,0.3380853206328556
7.1,0.6849942649856097,0.7916394986229812,0.6790185875669823,0.6599547563795859,0.7335016333320515,0.6866644684946412,0.6252684966219904,0.7237874034630353,0.737437370273812,0.7496386924167964,0.5426894006570451,0.609903208642762,0.6554838743276663,0.5579839731635212,0.478190626824909,0.5929984375812787,0.5463176699584789,0.5217424397077839,0.6064722822255966,0.5405443410364944,0.5810990180209421,0.5798654244372591,0.520468321064722,0.5382675519135384,0.5412130210883089,0.5213054607127351,0.5389436100074373,0.6257786881507857,0.5714581516066539,0.5028605093175856,0.4836921586853374,0.33483179680579134
7.2,0.6771374366414105,0.7853505698852351,0.6723577501244822,0.6560095284888665,0.7319654450039981,0.6846211412375407,0.6205611119613491,0.723650812322799,0.7323168784236018,0.7483822927259564,0.5377631324403207,0.6050782467022604,0.6500084851742269,0.5553463178133606,0.47196555159728354,0.5911398275679357,0.5396380884744119,0.5169439740726877,0.6015610276706831,0.5377116193952673,0.5785704094981666,0.5790519708511533,0.5177300595099275,0.5350670505359119,0.5386000081247825,0.5159415582828996,0.529322549179544,0.6216686429982207,0.5722284123490854,0.5023897400989826,0.4837031755539915,0.3317641096507989
7.3,0.6707061366135056,0.7799992458760044,0.6626338279012277,0.652387072350585,0.7280671092601397,0.6811240270885042,0.6162961102026877,0.7214594722681466,0.7281052780571481,0.7458795004045692,0.5333015143479183,0.6015873951650379,0.642775358586646,0.5531432977934925,0.4749448426696692,0.5913650923781898,0.5313300582443904,0.5145207979022208,0.5965107339751611,0.5332037083984678,0.5759595988991516,0.5761122646031683,0.5120060794406159,0.5320892980857197,0.5340690306628284,0.5126648657725992,0.5264570736553786,0.6178765531944089,0.5674360847054128,0.49969498732291606,0.4863519281532909,0.33059827057596064
7.4,0.6624137814446254,0.7723295966098146,0.6565002538339071,0.6480501156749031,0.7247073506818155,0.6778961252036357,0.6089732219942543,0.7178306108164841,0.7232431429452341,0.7420066383526392,0.5330479839453172,0.5976363255418102,0.6351819323840489,0.5505264654695579,0.471983654217951,0.5896449107877602,0.5264011100344912,0.5119367774779782,0.593065416223398,0.5292126632004285,0.5742958193028879,0.5719032730176506,0.510319316796904,0.5289030467917551,0.528548552894966,0.5087730588457647,0.5272206250950383,0.6151368246777091,0.5629040773759615,0.49658538274541036,0.4872131141829167,0.32682108787008324
7.5,0.6606152595120582,0.76688806590479,0.6528670726695488,0.6422627962675161,0.730007896721118,0.6749334311331029,0.604162568980712,0.7147898543599508,0.7165905087338413,0.7414186270618617,0.5257785038486412,0.5930591709690938,0.6240950339757775,0.5484105552731035,0.4720469555146276,0.590669035408701,0.5201006798485249,0.5094459187896483,0.5889494764183534,0.5253824451071393,0.568138669606243,0.569161220294335,0.502478821566274,0.5268448479653459,0.5194361265598598,0.5049763682824636,0.5337426982805672,0.6123436491179617,0.5590403998580884,0.4951000165837273,0.4854961008227452,0.32312319749320767
7.6,0.6531204199900702,0.7630335543260625,0.6472231121616698,0.6380136348117781,0.7325665009521644,0.6734603093077862,0.6004760383011266,0.7113920903064092,0.7095463030769117,0.7424206747568722,0.5186066643148645,0.5892345147258328,0.6293007229418646,0.5465655655259921,0.46677570210246294,0.5876663483208002,0.5147465538469186,0.5089891398791492,0.5819601877338488,0.5226255581607793,0.5556329048129135,0.5653999265386542,0.49783207085012615,0.5266817682757153,0.5221786223318914,0.5015431420879178,0.5333045207094859,0.6083017970252116,0.5555332808911337,0.49239453559641794,0.48470997504386465,0.32155000049263754
7.7,0.6462278389066536,0.7585959054376149,0.6389995876290581,0.6340947055554405,0.7350759710910783,0.6702815689030789,0.5936465283762546,0.7073453996821993,0.7041186993428175,0.7426400762713276,0.5096487222493391,0.584589758559686,0.6221633077371123,0.5434473728317428,0.46479757799279453,0.583011092073993,0.5081734873651852,0.5057987718820557,0.5815044977553985,0.5212737968719566,0.5488877177673648,0.560881117149961,0.4946015017372174,0.5240513189821363,0.5151739383872546,0.4973621982131819,0.5299617870751238,0.6037047402126469,0.5550564383889318,0.4872239250697841,0.48298491199815263,0.31952217026445984
7.8,0.6360543691455004,0.7547680398767515,0.6313761497045514,0.6303832656196051,0.7358374017534,0.6670668961534453,0.5850636744182864,0.702933694932152,0.6971035421179053,0.7427741417970393,0.5018222746873606,0.5799105232563447,0.6173433041744503,0.5408588587419243,0.46036994892619065,0.5802870176030992,0.5043584472849292,0.5009967586114878,0.5780329414245914,0.518760455935571,0.5431208796650995,0.558898642108593,0.4868252988209524,0.5236537593253384,0.5183761032180579,0.4932549107571124,0.5279638295072806,0.6013229117422344,0.5537157249465577,0.48401104656656385,0.4819701313569943,0.3172055818684657
7.9,0.6272329088012588,0.7488759117002359,0.6225148827751642,0.6246197365052876,0.7371692307413787,0.6658260653842161,0.5766408811063375,0.6985049235714197,0.6933105942170162,0.7432907221475066,0.4932683208421598,0.5754290219730976,0.6094183431775257,0.5381644872183836,0.45525692048726807,0.578309619147403,0.5005950157901963,0.49960769398146465,0.5715541140749785,0.5143745567430896,0.5330754007150217,0.5562017860988355,0.48403880936062066,0.5202844783352549,0.5138794073526298,0.4904702017129549,0.5248886180251623,0.5977309194532225,0.5508540475125506,0.4791186433122321,0.4778033755643162,0.3153323036581267
8.0,0.6199412096776299,0.7439505437403806,0.6157731972070185,0.6187927764314743,0.736420648423988,0.6625674257624179,0.5713744693741266,0.693254871274277,0.688048815318073,0.7407079528231272,0.48653188393725366,0.5716408273350053,0.6021679791177041,0.5346496807280956,0.45246349547358766,0.5766947298631367,0.4967202882435933,0.499807725598397,0.567468589859936,0.5099175928249691,0.5277330746541609,0.5523063973739555,0.47700266507764333,0.5164620201025566,0.5053743180967117,0.4847962569056102,0.52217261692167,0.5974772782557053,0.5469831676417469,0.4773376108721213,0.47421062698450817,0.3131727139118876
8.1,0.6111969350471341,0.7398680745366994,0.6121139331975419,0.6116480600733025,0.7403716696834571,0.658351709873584,0.5648831614526245,0.6896412240224501,0.682880104238525,0.7389981291762746,0.48129187200178253,0.5675054212689582,0.5962270150136785,0.5303474285090607,0.44703967716291465,0.5746819177104574,0.4952220913727378,0.4956267667083854,0.5621433374790797,0.5063746431019089,0.5251903621575436,0.5498873029876344,0.4743455337408438,0.5139626058230535,0.49992390509661977,0.48154044094591325,0.5188172896673663,0.5940007806446308,0.5463262601631301,0.473358632739878,0.47163307241400354,0.31052629209060356
8.2,0.6100270635490217,0.7375257679652695,0.599171658877607,0.605833212585279,0.7387926083128818,0.6526608041156782,0.5587753166430961,0.6865744357066959,0.6797309083801888,0.7385164067317976,0.47440690661369594,0.5606648821071196,0.5915026802252081,0.5306003590776108,0.44183852783174665,0.5713817110639732,0.49140904723037465,0.49256559082042994,0.5544395424709445,0.5007142314044588,0.5198913328570007,0.5458220652352703,0.4750348064056347,0.5114453904036437,0.49669706273336584,0.4779441338198719,0.5155035514809878,0.5939343276633399,0.5436104873183559,0.46981352337988075,0.4706165340056493,0.307197143274496
8.3,0.5990196686871274,0.7330872405138509,0.5950523700336737,0.6024920403154131,0.7368394387046789,0.6499260454294276,0.5546838255711313,0.6814776874547709,0.6792622365411625,0.7358868290354567,0.4676351830375871,0.5609185255625729,0.5904267901992516,0.5268298519600761,0.43936328429718385,0.5692168833573626,0.4945560638178237,0.4905290512582042,0.5504493833888442,0.5009161660890391,0.5137388469653401,0.542483391349218,0.46837408690281285,0.5084271994678525,0.48933149526803726,0.47456182686365156,0.5092160966162661,0.5912664275966165,0.5460540108722178,0.467784134588669,0.461821613049707,0.30415168168537315
8.4,0.5925722440576493,0.7301466951038813,0.5911721767128718,0.5991289439367379,0.7333408072752859,0.6478196691427378,0.5527669835978959,0.6809182620877346,0.6759721820632978,0.7320930802130298,0.4646748501055161,0.5596449803461778,0.5872665773177889,0.523828126323984,0.4393121729068288,0.5657788001162805,0.49591283458904045,0.48647563141966704,0.5472437382176112,0.4973960831857264,0.5093271783991289,0.5390148966091167,0.4592994423543657,0.5048286264012383,0.48474656461271326,0.4725120097673285,0.5071735587511801,0.5900353458055743,0.5442171417582587,0.46509688711346747,0.45830148503503415,0.2993809115343025
8.5,0.5831642657292938,0.7225208154791299,0.5854324831702822,0.591869783969925,0.7298965678181175,0.6455077157817041,0.5486966558627508,0.677193058676065,0.674507094575154,0.7304547645021111,0.46050511492640495,0.5571089917340417,0.5803513248092473,0.5202707689923434,0.43038104181782927,0.5627367636018525,0.4926965345809701,0.4838178829437325,0.5441471468798577,0.49419064999000645,0.5109599606108377,0.5348802268334811,0.45452446826894294,0.5010641899709419,0.4776520669127891,0.465868624223087,0.5070900087230241,0.5897787900640242,0.5387482815095729,0.46489857569393106,0.4496066176553661,0.2947185160545354
8.6,0.5776646634646777,0.7182933251304506,0.5786200585880813,0.5905285936948279,0.7256556845047966,0.6418272858899029,0.5444629472775465,0.673387614195766,0.6755312506612342,0.7286135343880997,0.46400423029208476,0.5539029767020346,0.5738545321391858,0.5154471630215509,0.4290809185218543,0.5598990265085759,0.4861797518177195,0.47920702386398983,0.5369138858240513,0.4899828714694168,0.5048035765823937,0.5302926806739385,0.45456948505370015,0.4959361374546082,0.4715444800206797,0.4628876076551813,0.5015827012978122,0.5879121096222575,0.5374083169751441,0.46197608867053847,0.4407278512942919,0.2908031355852165
8.7,0.5722254773642144,0.713907263084322,0.571271687402353,0.5862511901990303,0.7187738104956343,0.6382651226314011,0.5398468537204902,0.6668797110321947,0.6695837220980577,0.7265684041689522,0.4597386705018749,0.5518794720812422,0.5722273873977496,0.5129524500022768,0.4293094042368531,0.5574971018415962,0.48100061977254926,0.4753999090866842,0.5348345643729613,0.48653005382864917,0.49898803317763635,0.5252157692268712,0.44803375089542957,0.49204951897160476,0.4688908283549295,0.46008371803016085,0.4969383778579913,0.5860863196145977,0.5301487925732189,0.45938820932045205,0.43277786471285234,0.28851640829371605
8.8,0.5690901680598157,0.7089054274058992,0.5644913754439509,0.5813104847560229,0.709170944328214,0.6370996434828811,0.5325845687165421,0.6627417564335708,0.6624195908658153,0.7248362915308024,0.45772234904904335,0.5486411413084415,0.5690566731735253,0.5096308879533717,0.4266938359651248,0.5562431275242032,0.4751880920294941,0.47332480491139234,0.5314260740001276,0.4837577690106341,0.4949385213193907,0.5197244633797882,0.44369082288233186,0.48866516731868903,0.4621645054017487,0.45754727235529175,0.4892575180880964,0.5859850299067578,0.5261521089888287,0.45562427862270327,0.42537238945721056,0.2859366935731513
8.9,0.5652146334206632,0.7050658819927171,0.5590253934795117,0.580029371389109,0.7023293414027063,0.6305755258537422,0.5265926917449422,0.6584028869472465,0.655412767658643,0.7227575547539001,0.45368387653518644,0.5459096859263868,0.5625304134254949,0.5038767264066599,0.4283696196374119,0.5526673528618697,0.46993277252272364,0.46999113817947435,0.5288605320788646,0.4797474173517893,0.4914010315079399,0.51711224535167,0.43716210650821813,0.48730473680805475,0.4572131636625736,0.45320534045269345,0.4823537650714805,0.5855980931397694,0.5218957028211727,0.4498417937840981,0.4233457385379091,0.2853850562683289
9.0,0.5587271762129171,0.7011723014570063,0.549142618893359,0.5769644432740845,0.6957690149035144,0.6291271563152081,0.5215490686568561,0.6538060721854411,0.6541803197255954,0.718340628752209,0.452597761002686,0.5453258734598778,0.5607586153727647,0.49754093532098775,0.4282514602737859,0.5475133932034203,0.46840427720343714,0.4661692895330987,0.5244483476263252,0.4774889864375829,0.48545784253792346,0.5143620046856416,0.43134416399260167,0.48397530211464623,0.4531264527648016,0.4516252951881102,0.47454132115351944,0.5848988009315705,0.5216364069164235,0.4503176006502635,0.4178742990635445,0.28159117721943205
9.1,0.5497044425009909,0.6955185752150806,0.5507054075748193,0.5753216325766974,0.68713487672632,0.62904524538987,0.5147603253373559,0.6489817356932637,0.6481655738359058,0.7137489671652713,0.4509739442146558,0.5410750060091623,0.5654142195201006,0.49376738703435896,0.4323044336010828,0.5429586501263288,0.46465156766379945,0.4641208941350074,0.523354311083794,0.47414689986161584,0.47777452984928326,0.5108949758541623,0.4268043774587838,0.4815614509609776,0.4491263257331401,0.44859593633058265,0.46642476312032416,0.5825262491919908,0.5161206273236543,0.4490543633980277,0.41256149576795353,0.2751844389562781
9.2,0.5450479840440414,0.6888373667559415,0.5478682180841364,0.5703907100938169,0.6842848744965947,0.6267899685980161,0.5097609194591342,0.6453890083331256,0.6430471869296122,0.7090940470122663,0.45089000265045426,0.5384230606324477,0.557829877375986,0.4896010231729213,0.4324247483953553,0.5379416771646668,0.4612587001146901,0.4618842435555231,0.5173601011670133,0.46820771274995954,0.4724387681445916,0.5074571097023549,0.4171301136584811,0.47742473012126696,0.44440626218379226,0.444788312117714,0.460101008863339,0.5796404008185436,0.5116443860241797,0.4468757077853739,0.4046054797167783,0.27327250321879853
9.3,0.5431760728401811,0.6856780737298371,0.5429341659258919,0.5681981150782307,0.6725476869539802,0.6246672050007435,0.5029354589252711,0.6426075625260864,0.6349953692322351,0.7032936741370799,0.44782997042456074,0.5360261477032131,0.5526947148441853,0.48489888606311143,0.4340209433554817,0.5321630152716922,0.45600442213808307,0.4591583490525842,0.5165213568877979,0.463443923550522,0.47096365127836176,0.5039186989052018,0.411717869990557,0.47285889187314295,0.43835380528154866,0.4441801641229943,0.45506852601586456,0.5770695798150961,0.5093972892921681,0.44425499988331596,0.3981124652099357,0.2721730719213685
9.4,0.5371126367090583,0.6803241533197827,0.536793996298977,0.5672259745270324,0.6726178196123713,0.6224523164779877,0.49738445640691015,0.6386736332351608,0.6268807250348511,0.6991630973449536,0.4384118123649828,0.53235315680798,0.549634466459912,0.48108245123646737,0.43500963785611046,0.5294653134616177,0.45700627230648433,0.4559612426852319,0.5133596079842708,0.45975481295530335,0.466669032474775,0.5025196329048841,0.4045649159435758,0.47101301400070067,0.4358552832968157,0.44175753905830284,0.4493405259567911,0.5732530035964878,0.5055429003027453,0.44066475424342266,0.39463340556246984,0.2672433563956985
9.5,0.5341945255896123,0.6766319462586124,0.5308291681399094,0.5642387415446876,0.6633601945496688,0.6187951022344954,0.49221567545434625,0.6359691918581208,0.6220141555867048,0.6961947236617311,0.4384126666488508,0.5277158910967678,0.5435134751479739,0.47615145412879567,0.43512059432615235,0.5235556991724524,0.45361265239954607,0.4539376759486148,0.5108212994700593,0.45483310717602227,0.46430119177267,0.4986667284799772,0.39968493697801105,0.464974414011634,0.4313947871632068,0.4406678120883715,0.4431144637277597,0.5690551116301371,0.4980872683219319,0.4382955941610822,0.3979931110795247,0.2651347320512907
9.6,0.5279646587568364,0.6717592557242551,0.5265343255315591,0.5621916779789673,0.6517271467387693,0.6165640016170049,0.4858646321287543,0.6334772435010756,0.6166032325290814,0.6914711638291331,0.4367304092184579,0.5234562038876351,0.5378061202995421,0.47357613153441647,0.43698128208026754,0.5172477026490455,0.45228004741946126,0.45123842067844216,0.5100843587077121,0.45064683747332795,0.4604088863224002,0.49465174480051644,0.39696394536040686,0.46074616346099884,0.42804995973268584,0.43838534060015905,0.43426471575382086,0.5667636769255316,0.4975269396144209,0.43932672979807674,0.39654267462923026,0.26249379135881606
9.7,0.5214192216206632,0.6675014310189468,0.5168398165011515,0.5582757213407813,0.6457398463982285,0.6176540380370912,0.48259016244865793,0.6289716990359062,0.610415602132318,0.6871515383942576,0.438719312695464,0.5193795059462739,0.5342934796136339,0.4714460853929739,0.436606295229369,0.5107289578468069,0.4521726226261769,0.45036715842782066,0.5092052252764366,0.4470179924594408,0.456065875924022,0.4920814312569378,0.3931372221205407,0.4560385421967449,0.4220184319871025,0.4365111379230061,0.43014996399601224,0.5638316501443195,0.4993295828191546,0.43779679031643803,0.3955944161372898,0.2607466115915041
9.8,0.5149654305656525,0.6637462556494061,0.5124576105074646,0.5544192614227851,0.6432637876355696,0.6143384495390088,0.47965526375783923,0.6248643070712602,0.6030995452598537,0.6821852300999056,0.43933498636693225,0.516293992091537,0.5299435158460903,0.4689197173953525,0.43507510037614877,0.5079809783006574,0.4462447341989654,0.44809799076737244,0.5078961262843682,0.44357394271229617,0.4507418293804731,0.4876238515996182,0.38892025515116957,0.45082344675964664,0.41606116880492666,0.43347492919833064,0.42260139902446403,0.5613592432089196,0.4999952330752294,0.43801338022617137,0.39482008406876784,0.2573596526883812
9.9,0.5117097892433086,0.6618212043960405,0.5090581153199925,0.5516858502164038,0.6373778937920813,0.6113835871201484,0.47624500277085513,0.6220292689229795,0.5935411035785141,0.6802500411646382,0.43816468074988235,0.5131237918788776,0.5263296308334053,0.46674578316113907,0.43379877347630413,0.5039515115298093,0.4441671167071849,0.44579952264798633,0.5056566334820387,0.4394021950052299,0.4489819787381405,0.4847546944098062,0.3944610666618227,0.44535569846886,0.41541518190716764,0.43078609692287656,0.41861857956976795,0.558698200155712,0.4975321445877164,0.4360534467714217,0.39370243963792634,0.25494320796759884
10.0,0.5078999482663971,0.6597705324112073,0.5024097801012634,0.5482990406983391,0.6315183512152535,0.6073515122297877,0.46910761040227267,0.6214994717430293,0.5889443354199058,0.6760333578630441,0.4378590525476642,0.5074221758716108,0.5227717334928471,0.4639361376503441,0.4316640824486546,0.5027669855492762,0.44319852758764733,0.444038576469523,0.5022977478272521,0.4354581188426018,0.44577634268077915,0.4810295008201589,0.38841466806416286,0.44294842257214,0.41531956313054313,0.42924571386543076,0.4157937220227793,0.5563331025973217,0.495546803373003,0.43370919646691325,0.39483784939894784,0.25359675128213416
10.1,0.5019477727099829,0.658063739140514,0.49964346885575966,0.5458622702730657,0.6266878791609604,0.6053865318586475,0.46539125429449335,0.6186525239974222,0.5852289124799009,0.6715112648706478,0.43473828226287936,0.5034755436236097,0.5194489350882265,0.46205339570689685,0.4277157239844327,0.5001821364398733,0.4393879437272141,0.44100119683558836,0.4985755330704673,0.43478644948062156,0.4437775186257484,0.4770830452105058,0.3859564602351393,0.4389879550233543,0.4107066358200347,0.4264127248506901,0.40774051345590423,0.5534711463385763,0.495739949252548,0.4333496321861787,0.3953891020033048,0.2510078883750438
10.2,0.4993866244214745,0.6555972511590401,0.49406241808276613,0.5416284601416282,0.6203883282319006,0.6025124130121157,0.45939225931189387,0.6140850295531036,0.5820065180979413,0.6668531996383252,0.4333341271341617,0.498707338228387,0.5158804860726494,0.46123400858059704,0.42949959616642,0.49662110536702514,0.4333489979337375,0.4411128117807997,0.4971362829965417,0.43135187582878576,0.4411221048933203,0.47137476798665984,0.3836915626957862,0.435922618334776,0.40814422387005045,0.42485982019360363,0.4143628656701768,0.5499717355861935,0.49248244313937967,0.43181567859074166,0.39659731738739795,0.2486562170358489
10.3,0.4939949751685176,0.6535958571638755,0.49185833233713055,0.5383647021962076,0.6186677548750313,0.6003250614888447,0.4527885240341477,0.6109229863607207,0.57525726891741,0.6631596468471861,0.4306807674984854,0.49389780657221416,0.5147178392487296,0.4594668363801757,0.4219860940870565,0.4927919530760658,0.4301784153714897,0.4407879565177433,0.4918738114176073,0.42813024206509537,0.43507896064296747,0.4697937804175669,0.38192321568522025,0.4341735040467652,0.40723622997392417,0.4215016333471917,0.41159981126928413,0.5487461576387984,0.49134907383004783,0.4308786176974471,0.39089045764875646,0.24626077473432306
10.4,0.49102511597497084,0.6529001231244201,0.4850344006938563,0.5352111537774864,0.6156479758912308,0.5974216777571592,0.45115789447258225,0.6071033400262762,0.5689453926612238,0.6642448194469271,0.42092648825601475,0.48904450577134906,0.5119372850299688,0.45952624200393005,0.4211683467521398,0.4896234390337038,0.4267878822350488,0.4392339203862533,0.48637394114337523,0.4254695292124762,0.42718901869381143,0.46641472981175974,0.377581177046971,0.43579937504077026,0.4051193550978745,0.4188338247720428,0.4096642688156988,0.5451417956415135,0.4916003752731396,0.4310194770596201,0.3883580318040085,0.24566054864098452
10.5,0.4739832354012326,0.6523985186486239,0.4766591959261768,0.5339054279803574,0.6153501642242095,0.5935629300643469,0.44300177392063506,0.6046541722217218,0.5626723527747776,0.6619719787339423,0.41593561823946995,0.4841666572188509,0.5076378815209989,0.4551127895322443,0.4129504310609159,0.4830182641597412,0.42684319558365447,0.4403340603708251,0.4784472148873439,0.42336035061247196,0.4233357549585937,0.46183808432462614,0.37804475008673205,0.4317809111139439,0.40882499581563536,0.41359665843770393,0.40701447527838,0.5417670570616057,0.4881020601517326,0.4300823153494747,0.3869677395177149,0.24499692051231325
10.6,0.47194711859341865,0.6507585085823892,0.4670676895303954,0.5295108530744983,0.6126520966455966,0.5914140534350478,0.44604440761106456,0.6016874913132599,0.559476100967265,0.6597446703202814,0.41030321234441813,0.47963295716999843,0.5055440977200967,0.45542720397417585,0.4100171463234879,0.48091555559685906,0.4267105192642229,0.4392397667813998,0.4703408423523405,0.42052654254266814,0.42142152912994074,0.4592167189905779,0.376614762203713,0.4257847980214769,0.4012113684333129,0.40995004501269494,0.40439354364765445,0.5380492578742874,0.4867743365252632,0.4271843614688679,0.38387547894244894,0.24278312662573234
10.7,0.464366818477129,0.6504102615520009,0.46262372539357194,0.5247275632430327,0.6115967430044755,0.5876068864881265,0.44584446772638087,0.5981721275078721,0.5556123436129056,0.6565396806170979,0.40802694200625356,0.47497782600156674,0.5026933805148636,0.4558327567928213,0.40423171522791856,0.4791845254133183,0.4271972643999058,0.4394754435111958,0.46813302741123747,0.41670477703350306,0.4178149985225197,0.45636496960818856,0.3783620366042491,0.4223256101217875,0.3979927550980569,0.40762695893115,0.40046078455309725,0.5370680736677194,0.48509775611007766,0.42547249980881074,0.3829354742970724,0.24056935928119136
10.8,0.46057585876476737,0.6490474636178516,0.4608190289674301,0.5207545674562739,0.6100584295481113,0.5844656756924054,0.44347774736110923,0.597348555217818,0.5533732144900987,0.6551070087025376,0.4056341522607077,0.4715053640788707,0.4987746154097987,0.45627167476197344,0.39625156469201805,0.47569182954865813,0.42483430942813427,0.43876569817612004,0.463121074743957,0.41687839928686315,0.411678383768968,0.45264033064669723,0.38236617886277396,0.4188331978990713,0.398032126997866,0.40349302823447786,0.3984522085781581,0.5325189067785511,0.48139172779531725,0.4231605179977814,0.37764937153024053,0.2372753314319299
10.9,0.4535323985658994,0.6462149894690101,0.456297576222228,0.5176867276986642,0.6066036346570957,0.5792597718054973,0.4424814149468701,0.597422548238322,0.5469835491509685,0.6530905740299333,0.4032104931367367,0.4711921631647441,0.4982877216716661,0.45493293134458634,0.3901349024433713,0.4726892654957,0.42693403598826424,0.4368149519137438,0.46132349048460886,0.4146976111550859,0.4088048506811696,0.4495222429916393,0.3806390020424727,0.41288570809638514,0.3960438574498479,0.3982498157002189,0.39554904238030475,0.5318698734752394,0.48283919294323385,0.42239472370946934,0.37154933118131644,0.23535346038007957
11.0,0.44675626387590894,0.6460713388912792,0.45525275262998927,0.5144391172032651,0.6046438864040264,0.5747005455848126,0.44064702194826205,0.597649775420918,0.54121504030096,0.652198141008333,0.4015251054003748,0.46774635768028805,0.49954429592814703,0.45490549107508804,0.3855423773326722,0.47065040797005153,0.4271286201345888,0.43092345819471806,0.45651616817923063,0.41283058230247544,0.4042402847660981,0.44617294262565893,0.3839104292341599,0.40811714704234386,0.394295533074657,0.39567369355934534,0.39372744327510606,0.528386701822508,0.4808755646009071,0.42000096281399557,0.36796358099937876,0.23320507978549188
11.1,0.441039040995814,0.6457994375380071,0.44813688115034417,0.51400197459289,0.5974264757870271,0.5715291773417625,0.43590515649893397,0.5957060019251567,0.5449896989012849,0.6506870471314338,0.4007631970578988,0.46288847821383916,0.5004740156465958,0.4542472127197883,0.37922009877627894,0.4723302481548486,0.4272697516811044,0.4275320835473971,0.45234309163335973,0.41049494480524273,0.4044811391634771,0.44280316712497064,0.38294252460757644,0.4047615908496476,0.3925417318289996,0.3909725840024261,0.39743882181870954,0.5273511751205583,0.47672939537084924,0.41769136112737204,0.36360167540818933,0.23042721424110219
11.2,0.43466670112670186,0.6408450987891873,0.4505349887885105,0.5108796974727093,0.5957716238974311,0.5682069397973772,0.4325435272340886,0.5936761794972998,0.5407039277361713,0.6488069682092178,0.4011845070151583,0.45878005764636237,0.49676003614819597,0.45197233512256696,0.37700777725735013,0.47273605183020445,0.422029259568175,0.4243532264864163,0.4469914473596018,0.40846597611434876,0.3982751036375942,0.4395850810306207,0.37413526789762075,0.39961569858269796,0.38832042657948407,0.385147718706333,0.39365650988327944,0.5264643413404094,0.47259985496602686,0.4147638074419369,0.35798745390119585,0.2254545761274654
11.3,0.4293490680455321,0.6359719031545041,0.4438055979877013,0.505335669504281,0.5934248750114247,0.5633870753736163,0.42855223216195154,0.591396096002401,0.5342532104502307,0.6481446684469858,0.3991755578606439,0.4553054644464078,0.49436326745105563,0.4506531520596201,0.37334839448434254,0.4723131704915655,0.41975497386567223,0.42016234228469124,0.44365513027706643,0.40649019484899973,0.3973879936634601,0.43579639215287613,0.3738085822236683,0.3953764509119092,0.38900600102052385,0.37855289290225824,0.3934550989064308,0.5207016671936294,0.4644104489585767,0.4135163064130942,0.35556470189065426,0.22301295833091217
11.4,0.42201622125886323,0.6294782375204704,0.43981055464275526,0.4981350193250394,0.5853511363673374,0.558823933948028,0.4266352049248166,0.5891267467361451,0.5264927224747314,0.6479217208437458,0.39515303101782906,0.45195499927888566,0.49070264436765004,0.4486836100364457,0.3669720783669029,0.47194681851595616,0.4155267028119628,0.4169138508893569,0.43656621909726784,0.40593991013827174,0.3957830120042228,0.4338603982069087,0.37629518491198055,0.3912219491746894,0.38667718916077093,0.372084928994595,0.39183792826770636,0.5167400266808626,0.45846244317866286,0.4114543807952668,0.3512976614309902,0.22110047596966062
11.5,0.41579733978237177,0.6261511169519931,0.43738191901017004,0.4961641730953428,0.583807728823116,0.5534105977535064,0.4228176664079479,0.5853305909537404,0.5207878088051426,0.6446128212558303,0.3926199517033345,0.44837560815918565,0.4901501121139236,0.44719590115306973,0.3703633949873614,0.4701897491913502,0.4119939076484856,0.4130789509428002,0.4323589611817139,0.4032342284768836,0.38774605861959055,0.4319733958314046,0.37696539372584376,0.38700346823977777,0.3876739785301175,0.36995361315918496,0.3849334501576402,0.511543512421597,0.4559855012457968,0.40544226813630896,0.34710148570017063,0.2196500536397299
11.6,0.4080641131734287,0.6222776943674037,0.4304130337355087,0.49311774453375734,0.5833639172831363,0.5502544887448294,0.41698471797988573,0.5794144153052238,0.5121729233213864,0.6417987881234326,0.3950758182971584,0.44516441415539015,0.487223155183928,0.4447623417501405,0.3704588817158285,0.47063780894577906,0.41093264932558343,0.41233532816536544,0.42949832262609416,0.401726329478085,0.3843318081253978,0.43200990744985995,0.37328667291339657,0.3813584692824926,0.3838209801012485,0.36596887322537436,0.3818429016514849,0.5101385863091703,0.44989442760782145,0.4035047446756569,0.3451908207178136,0.21766716767655478
11.7,0.4000286462509655,0.6179355763882841,0.4229094438926602,0.4906465149088657,0.5823467944027075,0.5462421152508931,0.4127077575600867,0.5782492494453497,0.5059727485041409,0.6405519075528754,0.3926973951285361,0.44189536908303756,0.48266374318902333,0.44115606269729307,0.3703418559736624,0.4695581940640429,0.4064223203696823,0.4103972128206104,0.4259417056042858,0.3979104532084057,0.38183010717588955,0.4316358927162055,0.37542589255693404,0.37702137057133456,0.3802684250342047,0.36324117605392037,0.3767016305343337,0.5088012622643409,0.44527666168106184,0.40022213176635113,0.34123510975348736,0.21271219984413312
11.8,0.39380493362438884,0.6121993038377763,0.42220935066789145,0.4879289017933288,0.5778963384345069,0.540692032694312,0.409922742281368,0.5747858585893689,0.5024803532800464,0.6386318505156695,0.38987775537605207,0.43899549033440866,0.4802164500709064,0.4382930872174415,0.37033623366743035,0.4680671254054867,0.4010010069062271,0.40710531377616754,0.42279277389375536,0.39446113309950526,0.37781736821930706,0.4294362276959827,0.37316395089846377,0.3731968824427127,0.37814325774498175,0.35717423733996634,0.37658428925654336,0.5033566725751052,0.4399872462793368,0.3966341818830781,0.33655141310084197,0.20746952841299235
11.9,0.38554846306363,0.6075435844882572,0.4199062200250143,0.48512254983244574,0.5742844645495012,0.5418459621831138,0.4037696382169042,0.5726135115149513,0.4948198792843959,0.6359718838206434,0.38635855046270196,0.4366651056208985,0.4799100742222678,0.4352462163148667,0.37409871950787016,0.4672257121003725,0.39645706372606293,0.4052210875670767,0.41765311338309263,0.3911110317306619,0.37424580967429893,0.4272356516888251,0.3699951183797917,0.3682273413933806,0.37512702202336856,0.3517452551830506,0.37721046398757346,0.5003738401297576,0.4370471664297179,0.3936072195877318,0.331894128963164,0.20296233015633008
12.0,0.3806929700332482,0.6022041595769492,0.4148539109538226,0.48138369726425123,0.5672131297543909,0.5380647072554504,0.4005616717374113,0.5687323252425696,0.4895060141970116,0.6339607711036367,0.3834536237686405,0.4327098274642769,0.48080537478651775,0.4326090309089649,0.3765194701224943,0.46703449629046895,0.3892039871566258,0.40265918914846044,0.4107395763677998,0.3859332917930904,0.3708095840650739,0.42347950988872657,0.36065405288710184,0.36530618826837097,0.37402022922720307,0.3489354645998555,0.3754456032388791,0.4980642824728898,0.4282452722291611,0.3906186000406419,0.3255436841923805,0.20029544665763782
12.1,0.37622673483801755,0.5978396163400834,0.4103962928727521,0.4770559849067283,0.5600402548178558,0.534993808750713,0.39773930521236034,0.5669600144987074,0.48429408287247483,0.6323023773725377,0.37880208023730827,0.4298479733884335,0.467454018184147,0.4295805556044475,0.37456694157475545,0.46630042297997926,0.3840259774821755,0.39866988221130667,0.4074043531558265,0.3817597019826532,0.36997200623270354,0.4224083027033428,0.3615755688595356,0.36165860542103845,0.36876114154642925,0.34642553942417814,0.3740704800136319,0.4949987353107898,0.42407570555369384,0.38661695170973476,0.32268288197325196,0.20250910046185755
12.2,0.37091313786323044,0.5948591864065793,0.4005994181231729,0.4737810581702657,0.5508412485814308,0.5314240724306816,0.39217419006970305,0.5640788613003512,0.47624429566331783,0.6298342219051881,0.3742173659720726,0.42465350793530704,0.46346829024584946,0.4271055062514841,0.37232711539523916,0.46439251074931237,0.37997430002385013,0.3960155162479699,0.40148150186764675,0.37826730994588653,0.3698651610713583,0.4197718734689811,0.3620709297448724,0.3581694547532783,0.36521431189594517,0.34437492925034796,0.37268547063195984,0.4923214716391388,0.41785605534529907,0.38281311290430803,0.32116697466140964,0.20071861262042306
12.3,0.36038860959248514,0.5893218098101285,0.39291922415507174,0.46934453519040914,0.546308856615701,0.5286441153938688,0.389112448864147,0.5609885199441728,0.4732395346665552,0.6310229782307787,0.37233421211239864,0.42164928706522187,0.45856157684483395,0.42428164449220046,0.37184298406130756,0.4626519077404766,0.3766024918258896,0.39489804308076604,0.3992517388956721,0.3744692399529191,0.362294657723464,0.41673461104451404,0.361360360279107,0.3546901809306316,0.36227991974587465,0.3396964569939622,0.3717073726548369,0.4916291898825094,0.4118414784226706,0.38087621707088876,0.31844661666384855,0.19858932187153264
12.4,0.3568162575999896,0.584239900940632,0.38538521192543573,0.46576574123838277,0.5390249351002238,0.5251327112747274,0.3861477325202452,0.558348419892631,0.4704755458621094,0.6287246125652469,0.37737687512876744,0.4185328988909952,0.45090281463509463,0.42076372746901836,0.3751073937777828,0.45924520317409034,0.37456272372818883,0.39177266403042826,0.3969477039971051,0.3702876001822496,0.3606239262512681,0.4140079920714593,0.36151907822527146,0.3517365645651465,0.3557821869310356,0.3382456432846622,0.36499706063728765,0.48697254192286343,0.40573273762172624,0.3791851007527633,0.3151008209745731,0.19623525398144603
12.5,0.35023946601630696,0.5809435216088852,0.3824386195966288,0.4622761342078498,0.5336277876853542,0.5232601923405907,0.379971924333998,0.5523136781520273,0.46476801841651466,0.6261055801082898,0.37828220028245874,0.4153315499970199,0.4459284641288164,0.4178010359273743,0.37347713886328043,0.4580245280077294,0.37368079359983947,0.3893572231542064,0.3934328185182667,0.36661651723180677,0.3582967511038393,0.41049941235953796,0.3608042408415404,0.34999167951580423,0.3511589028896782,0.33436999619262936,0.36696118983062925,0.4841305344739001,0.4088273314768632,0.37808290109008946,0.31040905555904563,0.19350174030992046
12.6,0.3445516294251156,0.5787110167808791,0.37650401988424953,0.4574768255609877,0.533098695382693,0.5202719284974784,0.3756042226293801,0.5474697451897204,0.46173017669167116,0.6240848241974066,0.3751026621570203,0.41575968899652355,0.4425295205107971,0.4161217570880934,0.37106813118908577,0.45682597295032834,0.3709492218585493,0.3862462292459841,0.38666212130828065,0.36316084287275224,0.3543478290985531,0.4083442464070395,0.3598189645319452,0.34682955462000037,0.34624279849351924,0.3317484854474904,0.3713586802247553,0.48156520611473647,0.4075711604963302,0.3767532470174108,0.31310868663006464,0.1891492818410704
12.7,0.339184619215236,0.5761987305151977,0.3722403278713302,0.4529117028415525,0.5267588555541612,0.5178820861373639,0.368577027576225,0.5425531882726485,0.4596617333415288,0.622497771202067,0.3732096232222285,0.4143984224172771,0.43673536445358646,0.4123868476667627,0.366031716040682,0.45696663504790613,0.3678839186481542,0.38504598340080587,0.3833364045080797,0.3610382715500359,0.35121245571385357,0.4052639648113851,0.3574838854436862,0.3457804917486525,0.34404774202015476,0.3295451295031657,0.37239604622416606,0.4797489279680945,0.40694031016892285,0.37542598091546653,0.31384524401765806,0.18659573486232647
12.8,0.33459228940914276,0.5730291846524457,0.3701183595253132,0.4499847534927383,0.5195875226126231,0.515267258025329,0.3597033532176304,0.5392344245630905,0.45965312873963304,0.6205411322116934,0.36985224565574676,0.4130335134708466,0.43282805939849406,0.40857605256636587,0.360280059460237,0.4554778081812954,0.36208343403689436,0.3807530924836039,0.38267416072888133,0.3568463193670727,0.34848823078293417,0.4017143023230625,0.35685216260466723,0.345211896485034,0.34181523041776835,0.3277760914120157,0.371291418307209,0.4796138313332427,0.40368560968648237,0.3724957367635858,0.3134317933072144,0.18314636656906785
12.9,0.32754066428832324,0.5680645161842509,0.36524539785474297,0.4459199080454973,0.5145043384732731,0.513893142852123,0.3540010547915351,0.532833776698957,0.4595029154002301,0.616402272632245,0.3709452558579007,0.4143640271398324,0.42574436951457456,0.4056708184446838,0.35787445826291886,0.45446198875769356,0.3557127661770503,0.37966933006662,0.37640413542283074,0.3534792016266242,0.34382098415372,0.40040812071635523,0.3567460698526418,0.34541431116168947,0.3349309431120312,0.32670663935430094,0.3699743217382901,0.47759742628476115,0.4033768860890578,0.3720466220223419,0.31434548932031303,0.17936360085630035
13.0,0.32267624612581386,0.5651271252240343,0.36178589930486355,0.4411413820416724,0.5070101908589143,0.5134483366482667,0.3500297625050695,0.5299566789910798,0.4558010957375246,0.6145974129027804,0.3672045173886835,0.41141007395800616,0.4224646553934842,0.40255903673123533,0.3561631852773847,0.45090834692779014,0.35101860301516974,0.37830148872717106,0.37471048392792566,0.34969894227947496,0.3422537658474353,0.3944727649046938,0.3577816370981796,0.3460707501231418,0.32777453689008806,0.3235754714184511,0.3713730826392759,0.4755335274000495,0.4049010773695822,0.3734238506976279,0.3125641975997835,0.17649237151328878
13.1,0.3194543354999233,0.5615987589802048,0.3557129885060467,0.43489363062011593,0.4981371258424508,0.5149949977392305,0.34246744560228143,0.5258405918835148,0.4539104607537271,0.6140406048224777,0.36394776347887176,0.40708880204735143,0.41788454448303314,0.39897823735931365,0.3550568519851211,0.4486666620537786,0.3486828317360819,0.3784209185362986,0.3739745087210662,0.34568601708141034,0.3384353516265256,0.3924968210792286,0.35534023087177186,0.3454877221088232,0.3256830227779184,0.3216707447293187,0.37187606586225586,0.47417365607860223,0.4038076097746493,0.3719700954393782,0.30776606838465764,0.17285441513981512
13.2,0.3142235077982869,0.558888027184867,0.3510930621282873,0.4305846172369562,0.49883493478084523,0.5137068017571067,0.3367809190142865,0.5229057725206931,0.45054367767169634,0.6131972856385852,0.3620497655938283,0.4043251617606157,0.4159531146769053,0.39285596735456174,0.351591617720522,0.44678100675171506,0.34311074031085287,0.3756563817811578,0.36813033954652585,0.342514826221827,0.33438152885549566,0.39033557274338276,0.35686277151171064,0.34825766449867707,0.3177812945330789,0.3205040027622467,0.36919988596729625,0.474858968455521,0.40489428351891593,0.37220746316016534,0.30152695735701,0.17081350443892093
13.3,0.3033730238644107,0.555774215315832,0.345835852703182,0.4252381527692815,0.49066864788528325,0.5115969605205689,0.3305813170579398,0.5205146604779008,0.44973600165412225,0.6121543302362557,0.3602827372111678,0.4012249791669779,0.41153177201913055,0.388225905509733,0.34793929958829956,0.44425432120923775,0.34334446691398046,0.3730223798056199,0.36283102099641207,0.3414382865701528,0.33247510380585477,0.38802725809167676,0.3568399963326228,0.35063632041068854,0.3151465146833168,0.3198939897799727,0.37006466051952297,0.47339068578259635,0.4005984478074999,0.3716697591166889,0.2966081568253101,0.1672178588881829
13.4,0.3055722064423534,0.5520717391044254,0.34519388025992437,0.4212688143085343,0.4844970739162734,0.5104515938709152,0.328413300025782,0.5190971184292598,0.4491490424453406,0.6099018354475798,0.3608932441155143,0.4001492406423528,0.40859556721267104,0.3826273293592258,0.34175236305581574,0.4406089300389566,0.34377693080840466,0.3746024421966491,0.3604226911213674,0.3390414910197307,0.3312081690082059,0.3844602540889378,0.35668890680001625,0.3485392723696458,0.31295171947427297,0.3187566558737878,0.3673510920216555,0.4725624005700729,0.398525275593747,0.37128883976093413,0.2911265117970865,0.16344670069474854
13.5,0.30782470924498123,0.5476923712746133,0.34426009732518625,0.4166018512948088,0.4758201030138537,0.5087931795925966,0.3336401870334885,0.5148443605327598,0.4555418860283752,0.6093122876312257,0.3602409011418733,0.3975680172478545,0.4110500989589876,0.3817372021420617,0.33946170510673573,0.43727377743826046,0.34140888790192686,0.37195654421656116,0.360267481526628,0.3367714709206329,0.3295890042080212,0.3820079070537809,0.35366189289535366,0.3471176675486816,0.31376951134873204,0.31863986521950577,0.3638591020816504,0.4714150771026002,0.39108755440462445,0.36920052057379776,0.2870335957687137,0.1591947189525238
13.6,0.30309771767281407,0.5455870216150603,0.34645587194074273,0.4138956738470819,0.4658757417489295,0.5071053058514736,0.322807918459387,0.5122632820187367,0.45465995556533567,0.6073019860777947,0.36161823007853394,0.3950303166120515,0.4067940757799041,0.3791021805954378,0.3331606555894234,0.4318714130750068,0.3391695592265233,0.36888970959053563,0.3612566315148765,0.3349023961972003,0.32531594128137065,0.37988734509105854,0.3511281213900306,0.34764786449623414,0.31293917103750873,0.3155368859799731,0.3601761960454626,0.4705001533995528,0.39240694272608406,0.3688163516527281,0.2829293550339369,0.15533154784982056
13.7,0.3010866759836656,0.5414341849590142,0.3504465997644782,0.4110075974212311,0.4590277460860902,0.5052056020317114,0.3180860208077318,0.512434449590638,0.4509904936226385,0.606142579874449,0.35437203602692124,0.39270284863277233,0.40637499030245444,0.37663544595701465,0.32670063213943284,0.42812979252541744,0.3389819794767472,0.36476536837143786,0.3565862586217211,0.3348578990938804,0.3210827380526258,0.37820494319862735,0.3481062654475628,0.3452489947266009,0.3143434195962836,0.3150432291798997,0.36067145482454255,0.46727684242957135,0.39294564998312465,0.36796539489806873,0.27608262995808625,0.15132967785731774
13.8,0.2971373170145753,0.5391959304658478,0.3459688690936044,0.41162665447659297,0.4513976621667501,0.5038584318497007,0.31438611472338374,0.5106510280169559,0.44603449281563273,0.6039822305584758,0.35445215375556416,0.3901592967359702,0.40445452113702696,0.37226539642664075,0.32468424879465957,0.426661348522952,0.3418096789297324,0.36134348074215594,0.3530526277625545,0.3310251176672431,0.31993247839628364,0.37658574898967145,0.344370447773914,0.3415714049120969,0.31467220030217397,0.31290884869285895,0.3576067077147909,0.466671685251969,0.3935940778022727,0.36611064455568865,0.27239961599718104,0.15056533991526827
13.9,0.29316633622170635,0.539129139866648,0.34219095519339265,0.40682929439479276,0.44562618021218603,0.5021741569427524,0.30780541194999994,0.5080778434059054,0.44682655975752644,0.6038433608219347,0.3544878221023243,0.3838358767246223,0.4025944267628947,0.37040889844165026,0.3198436869635721,0.42385779244026545,0.3408350238077364,0.3598941307738594,0.34986932735880955,0.32859583744853105,0.31822077749645333,0.37583059335156344,0.3401575643082076,0.3406391808680996,0.3136554502666304,0.31240631564080484,0.3544401106692146,0.46412693580226044,0.38826622819970313,0.3633836651821491,0.2681720715559004,0.14907662404880048
14.0,0.28838570534408825,0.5367627690580408,0.33703639327086377,0.4048743444648753,0.43968059408796084,0.49952875092180093,0.30161911516496437,0.5054129924900809,0.44614105956622074,0.6025724915986139,0.3533155807401273,0.3794807485736294,0.3982525790782786,0.3677819655788642,0.3160031789928261,0.42126456121692696,0.33664520188720354,0.35974622591694716,0.34790952645639717,0.32532344489546045,0.3169064138532519,0.3751319127166711,0.33748504347824554,0.3401324276655699,0.3130743824035124,0.30942155545985645,0.35513816387996583,0.4621990080849558,0.384881362243727,0.3594983135255343,0.26447923320178557,0.1458810560359532
14.1,0.2833949027804919,0.5325535259948803,0.33446522865718764,0.3993284037874118,0.4325592624208683,0.49689440208210583,0.30003834934591694,0.5003810415877363,0.43718217318516284,0.5992812001873788,0.3527929060191088,0.3766226491747161,0.39516468301771984,0.3661999888643752,0.31590337949790603,0.41638790864806946,0.32947976762876846,0.35810129207087205,0.34325092369081384,0.3243199114897271,0.3083600327343081,0.37387880997393697,0.334156771524315,0.336714550684154,0.3119528642167814,0.30649065738707615,0.34855646442490557,0.4593962377414835,0.37850820678608327,0.3575083215097713,0.2600684371986766,0.14469198121717367
14.2,0.2772966595248625,0.5303894948429987,0.3279227154261106,0.3977023801117615,0.42520285465400837,0.49440488446110614,0.2977202848004784,0.49875824362230514,0.42897540947445345,0.5974052063233161,0.3506324096302637,0.3740584139840687,0.3940840784940864,0.36415730867533797,0.3100527103306968,0.4122243755160733,0.326388929280898,0.35382912365657715,0.33943695812057895,0.32412899484507895,0.30629063209295126,0.37228273528165684,0.3328518961681242,0.33452557302910857,0.3124106014694523,0.30571028809808404,0.345760519863384,0.45146120958842223,0.3725523136196315,0.35667456695486527,0.25873401757980674,0.14435585075783242
14.3,0.2720094440238138,0.52786769563249,0.325256617043672,0.39584846836688214,0.417060487578025,0.4924082269725542,0.29519709455163884,0.4965545747506039,0.42671927294030176,0.5946397235606501,0.35150940616758075,0.3703288428883732,0.39166238201920567,0.3623764656083353,0.30549421837341234,0.40886758266301615,0.3257408748987794,0.3502275576390958,0.33508518524951153,0.3214265097665329,0.30156022532908977,0.37225397369048,0.3295096395187907,0.3300969589562108,0.3129299145620812,0.30364344449202235,0.34381105375673937,0.45421112628576643,0.3680764096878804,0.352987413979033,0.2551785869575286,0.14190690906300787
14.4,0.26315490322181795,0.5253475424800423,0.31756202475456885,0.39444727990654693,0.41968294786763044,0.48937126925657576,0.29190677713600244,0.4941940292254401,0.4242493795058548,0.5924638837863485,0.3506739281043019,0.36564130130388317,0.38696927356913363,0.3616479250317865,0.30379778001617636,0.40771794488997726,0.32476741995010255,0.3492687996273175,0.3307732645329477,0.318184493138697,0.2957117263446415,0.37068272467919844,0.32525678729766333,0.32484972816484076,0.3151377720345855,0.3026381432577291,0.34186035037765417,0.45280068992844336,0.3633293931503795,0.3492374650205205,0.25115994293298405,0.1407102639486704
14.5,0.2534555109455081,0.522647324132347,0.30977236332738944,0.3919572295932415,0.41524535015633973,0.4875997208145502,0.287385981078722,0.4925051532654705,0.4214273808825721,0.5911818352951619,0.35286984401061444,0.36199549977627915,0.38305815863248954,0.3625276411309762,0.3028942414902745,0.4073629998838087,0.32571997076664827,0.3470050524136436,0.3255364050444896,0.31652920985017446,0.29015043776655525,0.36918898907060205,0.32399740406355276,0.3184511125335952,0.3133371549670988,0.3012834271771609,0.3390905194784951,0.45246221498621886,0.35470367196835,0.3477448939425138,0.24682439041063298,0.1381649537292197
14.6,0.24499500292653997,0.5210541856602875,0.30685365043496016,0.38977164997410507,0.40250870179867665,0.4842130372667455,0.2853857043652326,0.4914635571181476,0.4164925950834048,0.5896172878271998,0.34740565971874166,0.35955687861102903,0.38145425982478287,0.35928645779449075,0.3004011620831352,0.40313189617113593,0.3194088984105819,0.34222956494841755,0.3223739907253502,0.31363417313280634,0.2871181838491075,0.36714892910361563,0.3200845006969414,0.3155753539399336,0.3141245958725103,0.29843359638573086,0.3386659388770901,0.45096821598936615,0.3460662700210322,0.34502071339377727,0.24332950159006075,0.1347290244012063
14.7,0.23948788651932448,0.5198652471756948,0.30555665729048187,0.3871375095870788,0.39589998445130964,0.48277900835511495,0.28039900386773436,0.49093196026144753,0.4125567610869794,0.5877949310115156,0.34820812571692183,0.3565281671038067,0.3782903130106988,0.35813650454260754,0.2956309818942036,0.40103576400546,0.31608973273341434,0.33604675354413927,0.315895349746689,0.313201267686456,0.2810413672156327,0.36454823648498136,0.308430593164726,0.3132737610062069,0.3156484279532117,0.2952468829599665,0.338458046315534,0.44843548717099607,0.33982535377741624,0.34494927759890437,0.2397446767235504,0.13509536164378202
14.8,0.23127972960915802,0.5200316977043931,0.2965157423314362,0.38461673134757673,0.3934838328404974,0.4811785726961691,0.27978327906590156,0.4896006359030524,0.4064352062854681,0.5839002871007565,0.3467288772803653,0.35278434020058036,0.3773555564364176,0.35477335160263096,0.2966804800530034,0.3983041337462479,0.31807322710184727,0.33254461658218126,0.3104162627814251,0.3117109420243821,0.27633385931176097,0.36291884895857607,0.30008177460021496,0.30975733793521465,0.316160571955967,0.2936152368199912,0.340329919158748,0.44643968040506216,0.33874971960924666,0.3405438536822159,0.23865228611019668,0.13563246632938694
14.9,0.22626428946997207,0.5141961608035172,0.287540368415899,0.3825881316937736,0.39076852171372944,0.48026307230492915,0.2758742455161333,0.48786546530805264,0.4029355772475641,0.5797924129538374,0.3443695786960697,0.351156258483832,0.37362052613434193,0.3520155400878499,0.2911329112758977,0.39438413481521983,0.3152857048132973,0.3287136018777149,0.305759154973993,0.3103650868531183,0.27239623194225154,0.3599114232190227,0.29305306728799985,0.3070973420337839,0.3151578258733856,0.29295601965998286,0.33310347283312747,0.4438681936717086,0.3310544008879326,0.3392689829330911,0.23696771164528027,0.13328869174945399
15.0,0.2172098282442407,0.5124094234505412,0.2809867053154304,0.38048731070909697,0.3895824407057139,0.4770175978961925,0.26939856013515584,0.48712009234782916,0.40034043645762846,0.5780295162910661,0.3435176889700056,0.3498041889415606,0.3606750537465448,0.3513158980350181,0.2877737975168655,0.3917470303337512,0.3110487481626634,0.3244947251604585,0.30741883677789483,0.309208464775411,0.26837371570654167,0.35430128117423587,0.2958493283377257,0.30282216827255237,0.30936699720318217,0.28984827312687733,0.3296853073646597,0.4402136409140507,0.3255220610041832,0.3365516879268944,0.23667825508148166,0.13263891467067207
15.1,0.20846165063682637,0.5099215835890268,0.27329518548238224,0.37798247994549783,0.3882696441335294,0.4739069873065074,0.2655001847948722,0.4833443863547989,0.39333604034656533,0.5773346865550548,0.34126455357715046,0.3433291895531051,0.365028559025589,0.3496104063629305,0.28750359689042543,0.38809948486655216,0.3032076181277018,0.3195394521679608,0.3053181794958038,0.30823492946315983,0.263692480674587,0.35157775330453434,0.2893776576687035,0.29841953015237543,0.307790924281421,0.2876151065880915,0.3266507250074763,0.4397120846339023,0.3175078759761076,0.33441952227204097,0.23286790437139246,0.13089225359646153
15.2,0.1981340672111278,0.5066120155729719,0.2652068440730704,0.37537779667302235,0.38574377718692615,0.4698957916762737,0.25933126715901444,0.4818946488569143,0.3925955982612875,0.5753929458792444,0.3416330920034167,0.3421757147223343,0.36255195559324416,0.3450405793463423,0.2933919788466211,0.3867222364343244,0.29980947256559676,0.31621464339874034,0.3030009356879771,0.3051847741101561,0.2574210879788431,0.34925622830362213,0.2841815473044907,0.2965845741317837,0.3045196158017737,0.28422279132971295,0.3247985417056502,0.43638787249045075,0.31325510155757946,0.33217805597754213,0.22536313018864582,0.12906420514457695
15.3,0.19302483900438094,0.5032271199267797,0.2653879125022014,0.3735717678519372,0.38341085610385384,0.4671174038825332,0.2546385264304927,0.47885240850729693,0.3885709532929109,0.568780513930632,0.33725021114555537,0.3406525107546651,0.3596003648979782,0.3430385041205395,0.2939622909766788,0.388316107979237,0.29852610476222596,0.3106197731763209,0.29623597751386727,0.30310426011167974,0.2574108733111125,0.34731101915558327,0.28027319052405636,0.2941264832795209,0.30110498692743487,0.28078086744078007,0.32165154867524226,0.432528014976843,0.3093843263418273,0.33001272532693526,0.22441715721885916,0.12739086622415957
15.4,0.18427096984333186,0.5012185267730281,0.2599973974628485,0.37049505971125424,0.3837299080864415,0.46573496282929266,0.24749425839236225,0.47443924005011484,0.38552443781402707,0.565822091875369,0.33653738375670533,0.3403768860307483,0.3573076578724995,0.34184093605220545,0.289573302099866,0.384304810177391,0.2923939191700812,0.3080511255606419,0.29105160671743663,0.29894691016859226,0.2534798583644342,0.34283741149306657,0.27741391781340596,0.2901895621779857,0.29963748374839394,0.27762787431630576,0.3255674231640138,0.431273149779437,0.3061935136105336,0.32762302307176144,0.22209744610060816,0.12435347772782529
15.5,0.17807865059903327,0.4978871159451569,0.2500776782532135,0.36660065421597743,0.3801494351966283,0.46337846500472785,0.23808752776333483,0.4737519644654177,0.3824891424637317,0.5639176282583822,0.3321750542160114,0.34067754421095153,0.3558054809172519,0.3402138012574461,0.28921402550407066,0.3849709313046982,0.2861084024448287,0.3051581723764717,0.2901677827059607,0.2973371763509987,0.24759387443779085,0.34209669209417015,0.27753323986504835,0.2868086854324165,0.29679223108158076,0.2753867717640375,0.3220680174159653,0.43053240408687365,0.30185740645502696,0.32610618730829233,0.2200265677505185,0.12223254354432228
15.6,0.17233495264779758,0.4936952208879793,0.24337529200859387,0.36520923166835045,0.37916509321335035,0.4620574238973805,0.23136555967033615,0.4702336502148115,0.38277629072069747,0.5605388665442207,0.33274771115987933,0.33628878220375574,0.35011494268100407,0.33830823749491995,0.2859612832167662,0.38569479208270147,0.28362621576202396,0.3025081608882343,0.2887525476581037,0.29531701271935745,0.24294683974987918,0.3334030850685238,0.27149070341210246,0.28500407599517846,0.29291027811416853,0.27365545778049716,0.31873962695595787,0.4284178202698747,0.2990859621688762,0.3230134286169196,0.21883426446546586,0.12308848910738446
15.7,0.16530863882622093,0.4885017589181435,0.23975303111614846,0.3637304900769424,0.3794725562130013,0.46054758174127697,0.22555350569413465,0.4674180703283861,0.3831652727196312,0.5577518297484871,0.32907098752110403,0.33434690081336177,0.3480598915731159,0.3362883828392667,0.2852291804527809,0.3871154492365575,0.27838476584297234,0.2984058934904044,0.28744576660164783,0.2912611369687863,0.23924668380642267,0.33280339618336346,0.27254346704022225,0.2831729508342839,0.2917050085187617,0.2718710536545926,0.3130783861612376,0.4273960362933255,0.29381660019402484,0.32050171890395435,0.21225845676799573,0.11912741470437892
15.8,0.16092812201655837,0.48393606016531737,0.2315128200628596,0.35959484331489744,0.3789948018087256,0.4600791246719109,0.21881340954401318,0.46317383537330176,0.3814361886285956,0.555255941066998,0.3280354184733881,0.3328658352975797,0.3434583850765901,0.3332592805961871,0.2845455670388711,0.38730891334126255,0.27701745704179903,0.3000693184565272,0.2819121021170603,0.2890408609764143,0.23686563733599658,0.33160890104199614,0.2746849489835624,0.28238477966450853,0.285040020145394,0.2684936612658329,0.3118028106923874,0.42476935874667404,0.29011353334689943,0.3189553299620393,0.20768506087579555,0.1167438144427284
15.9,0.15323921937078142,0.4803196530832454,0.22885216273903608,0.35721628861487575,0.3763590356011926,0.45847064896507256,0.21457110783936156,0.4616327738286105,0.3767722619974589,0.5532421775329055,0.31629810475256753,0.32571750799140586,0.3432340959905441,0.3303073546797888,0.2854215311856418,0.38954017401255964,0.27412429717989834,0.299846420923022,0.28136939835006214,0.2873952170884353,0.23287149281446076,0.32777095590721866,0.2755666636229124,0.2825835580252489,0.28365807845687785,0.2664667356797894,0.3012963490502401,0.4239037672124741,0.28643143816208966,0.31608141522164895,0.19983281413151782,0.11627630561624445
16.0,0.15307002893063193,0.4752483639537373,0.22326883571223285,0.35338968342270344,0.37806928121653344,0.4574748874773091,0.2074867422416697,0.45838238271866344,0.3794333935258081,0.5522984681352124,0.3156863442531965,0.322513578005414,0.33847488663749126,0.3275244914645967,0.28458725437698873,0.3920244058275199,0.2717363152076145,0.2993823768205925,0.2769273881346383,0.285259080514103,0.23012279891457718,0.3292660096763829,0.2751249209832894,0.28299131479282924,0.28278266956115244,0.26468433553999055,0.29788616887806724,0.42217422807967525,0.2748198267437242,0.3113754493407328,0.19332441875622156,0.11260923623769521
16.1,0.15186569081590306,0.4713994163813666,0.21720639404868197,0.3508416438438565,0.3797325750743323,0.4525716905202953,0.2015242986730556,0.4601631429871462,0.3789288830599452,0.5495313475785316,0.3155801349002537,0.3219868713869123,0.33612104062000436,0.3239308595074832,0.28467502441092096,0.3926700095741333,0.2614727757304054,0.3001340136006258,0.2743155635530378,0.28583390695906374,0.22651302850600027,0.3272229079758179,0.2782691290822712,0.28497519334475296,0.28089631271624466,0.26290513640858904,0.29647952895779855,0.42115800659666597,0.27224622280487387,0.31035273544445385,0.18238786393333292,0.11158361013434731
16.2,0.14462663748569363,0.46449911370159847,0.2162159867580715,0.34513853820834767,0.37038809121039074,0.45002336335940535,0.1976762303338444,0.4565892158246508,0.38041909177676636,0.5473159042808544,0.31356038966963673,0.3206912693740879,0.3308905810518448,0.32221455260329185,0.2829883548368304,0.3933041173095921,0.2687405015355143,0.3018750237379359,0.2638880077263119,0.2837135483573644,0.22503507269449483,0.32659651041506393,0.2749424395436161,0.2857420699409082,0.28306907604164877,0.2605794823197679,0.2968488390251983,0.4183293440924849,0.2708285288395931,0.3072824642959969,0.17875294927969115,0.10802543434599685
16.3,0.14813965241085755,0.4597778276784805,0.21383007010753358,0.3434448974949837,0.3663615040347718,0.44716544760973226,0.1981452855476244,0.45217864380216166,0.37975190503521,0.5450634103953532,0.31020807194962996,0.3189821463309655,0.32946367082545175,0.31818764468378896,0.2817060300053654,0.39351112624288065,0.2672716902069458,0.30156902212916176,0.2640792925481155,0.2781762521208627,0.22462940523044528,0.3239753782016374,0.27388852380883916,0.2873136375695656,0.28047559225141266,0.25778820356189536,0.29558633985105176,0.4156443427557556,0.27070474045018583,0.3047765590821725,0.18024671394088415,0.10542767940056492
16.4,0.13690965010881703,0.4558375019478626,0.2090616519595342,0.3417274613856145,0.3679254177387284,0.44475029805243743,0.19434560897054967,0.44693789207965845,0.3814519038010701,0.5428257224748249,0.3060935574614291,0.3150753775851131,0.3261799619450911,0.31588045652773744,0.27584245672868896,0.3934736268676601,0.2677509432767102,0.30105667126573615,0.2613866487786993,0.2758682250511994,0.22276698995997946,0.32298449549304625,0.2730396424327837,0.28640200908730284,0.2786590070628948,0.25541289542413337,0.2927485134706599,0.41294702495288876,0.26824306033904294,0.30249217629613473,0.1786226862980268,0.10276787037044906
16.5,0.13266099783908644,0.4524148327791275,0.20744326799159093,0.33849436414763034,0.36329262041157684,0.4427014466415535,0.18641959292712706,0.44448547266635663,0.37408209753582333,0.5401741594796042,0.3005514965522516,0.3135501493437813,0.32476472463163897,0.3149283593938478,0.27412746559246376,0.39336560697457984,0.2664021802260317,0.3018471512091337,0.26149446693595263,0.27193609902714183,0.21881110127515588,0.32161097095078867,0.2725141488479021,0.2852931901943731,0.27478401941051406,0.25168003457185856,0.2927872244345559,0.4111675787693991,0.2748221090734483,0.2996285926073014,0.17419644588681663,0.09870740246877034
16.6,0.12788481005615707,0.44902843051372354,0.20364869401122793,0.33743125768088444,0.3614954084822059,0.44069239020445483,0.18422518952703015,0.4406551381425881,0.36948108934151763,0.538974985262231,0.2939848204392729,0.311145564997316,0.31850536948093855,0.31244517299205343,0.27788678464570243,0.39491258205415053,0.2656396441592091,0.30095639985324835,0.2605631696166183,0.2690461567670107,0.2161695594732782,0.31918969026130417,0.2741902016626021,0.2813289500180646,0.27474598359399166,0.24948008910467134,0.2917032868856726,0.40852630745861795,0.2752580626796277,0.2959432258734987,0.17188587819594117,0.09555075990977172
16.7,0.12427368885182717,0.44571273666033906,0.19381745607794995,0.33743093962799275,0.35378968388207416,0.4387809077928239,0.17877802876312252,0.43880753825511104,0.36685285361203995,0.5393499227579573,0.29366788750908157,0.3087891342560354,0.313736993581141,0.311477994074996,0.27603337249018123,0.3953954506270368,0.26577153913149126,0.30116822859970543,0.2600382829537999,0.26430030530133003,0.20932904176787812,0.3169021263705767,0.27355491272522575,0.2806215468176183,0.27176970401255335,0.24648257186649664,0.28937649416041783,0.4058754238086585,0.27392417511519773,0.2925819109274491,0.1704928137479399,0.09400945680542216
16.8,0.11812115671331809,0.44152779921902424,0.18910869671592198,0.33319588164812053,0.3492426878123592,0.4369176047832985,0.17433537813086974,0.435671284047043,0.36537711399032563,0.5385321635246222,0.29176516524012747,0.30667024368541845,0.3103382957287115,0.30964661712034713,0.27603601667150457,0.39444947000520036,0.26075632166427143,0.3043701111681887,0.2595316670033666,0.25867752960681933,0.20557888720175224,0.31532377347432594,0.27246436277925645,0.2813222199231419,0.2692927683873103,0.2443352682623124,0.2882635566581057,0.40368409703067076,0.2712659476422411,0.2908178321673449,0.1675730135757712,0.09152665625105333
16.9,0.11105391598855688,0.43724930809794366,0.1833379469090476,0.3339055175184498,0.3416565454726294,0.4342839564231474,0.1752095437451779,0.43384460831875427,0.3594254655452343,0.5352427179197731,0.28568382658158736,0.30504083487796446,0.3053203245077453,0.3070827550310756,0.2751674987895855,0.39435491324857236,0.25997220521089154,0.30458870226418705,0.25862863676890013,0.2537005731902208,0.20536529378474813,0.313342380921436,0.27788737626297505,0.2797514789700821,0.2662268113724784,0.24260543042713506,0.29016891703246855,0.4012558600123471,0.2717898802062749,0.290379172144823,0.16773498472099785,0.08828123492075172
17.0,0.10702205276367245,0.43313888037196063,0.17584863150033547,0.33193694518855116,0.33427345880314635,0.43123522967766004,0.17099599051288636,0.4303939413509173,0.35657823004493716,0.5328041156760285,0.2826265382489519,0.3030901673498233,0.30242096124018564,0.30576324645275815,0.27515508755005885,0.3942157762175451,0.26131447411310693,0.30233386981159566,0.2567359462208633,0.2513747833881451,0.2010977615107049,0.31006091059558,0.27798006431197236,0.2776078005840566,0.26060303399679885,0.2379621845154775,0.2908920426586182,0.39846785382815914,0.26948409747823676,0.2889824105828903,0.16422905441916882,0.08629602482998816
17.1,0.10465758635514913,0.4296611152006681,0.17314362059326288,0.3302872481583469,0.3257094185537983,0.42946298655898657,0.16584881785489317,0.43130474382367356,0.35063274324646554,0.5310727065543465,0.2762389814066037,0.3006816595231185,0.2966578168819721,0.30449167243723524,0.27364279015524495,0.3942853611934135,0.26205846908935204,0.29974786093584815,0.2547912924444164,0.2483719365851277,0.19532983484143035,0.30610542919083217,0.27808697607666777,0.2772862128594873,0.26268370306511474,0.23448804982333513,0.27972104780181817,0.39646213642709704,0.2693531224920839,0.28693288339428424,0.16375089265829915,0.08276396889150296
17.2,0.10071125736645152,0.4254001928778607,0.17008826185004944,0.3278098738649381,0.31799152242956064,0.4251624545825064,0.16301902082117556,0.42840480405431935,0.347981279502057,0.5301871407069748,0.2705060540383752,0.29813637085566874,0.2910169817884359,0.3026906510863953,0.2712187511578947,0.39487119938995435,0.26304560347022216,0.29902513111292334,0.25206236591426534,0.2428825144890484,0.19232359541506375,0.304186043494504,0.2782243284044032,0.275217916056984,0.2616020889871049,0.2313287898985751,0.28030012194114784,0.3924059147945706,0.2688593903379973,0.2862364863005774,0.16170897654462704,0.0802787534630902
17.3,0.09412381828362822,0.4210866147718736,0.16385424394738085,0.3258423802527641,0.31358283644221246,0.4224749256329794,0.1597576120245863,0.4261066305278677,0.3427158448592729,0.5295214928205135,0.2640131071389534,0.2962315782460892,0.28507171380012053,0.3013738622373762,0.2684579218547016,0.3949104765286541,0.26360983626170403,0.29804119841094995,0.24760904777843842,0.24010516268159,0.19141144438342847,0.3006468286236942,0.28072698242287997,0.27541716503936436,0.25833636483922456,0.22965770949012065,0.280935609735995,0.38874260131223715,0.2630338407002688,0.28552433144276645,0.16359595676033423,0.0781985769639807
17.4,0.0897738048468999,0.4152750075803371,0.1599296740501129,0.32328018134799985,0.30644682423304165,0.4187985296683663,0.1562635051149878,0.42433765046567784,0.33813542219777126,0.529190208287373,0.26137772482108196,0.2967567070978098,0.2813870658559035,0.29977046068892843,0.2637823620357764,0.3907388402281594,0.26287792952319533,0.2941878342702349,0.2448607726017431,0.2352810364032719,0.18919617352294849,0.29643196055603044,0.28442878661260007,0.2720898391906184,0.25319230788955854,0.22704078196030675,0.280987841179984,0.38641733326276634,0.26001923275732614,0.2859023345271671,0.15751429339050904,0.07450251524446598
17.5,0.08580074226037784,0.4114839100491628,0.1565644434337336,0.3210415034240598,0.2998286405079995,0.41546161226474465,0.15393290204476415,0.4222717304345453,0.33428439823513106,0.5281972461324483,0.2604143767956363,0.29630073787193845,0.2750408443090712,0.2927133185439062,0.2606890599560924,0.3866558569601461,0.2581898798382911,0.2892270665787313,0.24257802381980945,0.2316108434974058,0.18928177525353382,0.29292958979606964,0.278996981435163,0.26929236947653656,0.24949052560917398,0.2238531383777293,0.28238800796003616,0.38376233738039145,0.26028961905959214,0.28444661926740855,0.15208989669654893,0.07182400938615495
17.6,0.08287890354669955,0.40832907513742867,0.1530637714985854,0.31930501612486106,0.298945705922863,0.41248083905720145,0.14933971284434075,0.4211162379684444,0.33032310559081424,0.5270616078686032,0.25839179035414866,0.2955439181800178,0.2702703947717631,0.29134007285676805,0.25926268955924964,0.38438989927210176,0.2583060203763635,0.28539572766849736,0.2399966836199201,0.22902503091534104,0.18685095411967442,0.2873017624322129,0.2739566414262504,0.26707169551162163,0.24692046403142226,0.222077870877717,0.2800072011277947,0.3798676946663386,0.25966841926670714,0.2838166664506487,0.14542161468324444,0.07227330141603269
17.7,0.0800214947100796,0.4042979132209867,0.14588331280388914,0.317121080080056,0.2938184531503529,0.4075350505030868,0.1469610656366717,0.42328273177229975,0.32426131399861735,0.5254328834754773,0.25220512000335693,0.2944384889573435,0.2698669401248572,0.2880363520035579,0.25653922633173915,0.3813546357082254,0.2508896552798719,0.28216059677512567,0.24051719943466282,0.22420323778506646,0.18706636614025499,0.28044287348584257,0.2755662257708919,0.2637903950390153,0.24110608745969084,0.2191857465028941,0.283185611141289,0.3769715860050544,0.25960933375356093,0.28127272419054844,0.1394020187720914,0.06876738615348714
17.8,0.0743094842330164,0.39684405824684493,0.14191071162900326,0.3167760793296856,0.28808904265527685,0.4021061379018955,0.1401902162739452,0.4214554584021705,0.31666526678555695,0.5253724858274583,0.2474890470167789,0.29238205006800716,0.2628696463200997,0.2860458365756071,0.2534907323960894,0.3789488698289112,0.24558839308077313,0.2758093549030636,0.23658605658483658,0.2220976410847151,0.18580875516800052,0.27398781395445226,0.27549958784460943,0.26140742789138266,0.23603295568906882,0.2174530210608626,0.28032208474987885,0.37587551777939165,0.255758950671167,0.28523403580104034,0.13128533734119288,0.06765566037318609
17.9,0.06745135851624874,0.3974122270427656,0.1359664451393285,0.31429564679718475,0.28165241811818365,0.3944748047854736,0.13643388489200964,0.4196155446649576,0.3104746391350522,0.5267371353257312,0.24126840509557002,0.290741859728147,0.25879511624052304,0.28392033328888017,0.25162212875527823,0.375002003828066,0.23989716435289307,0.26973439768192836,0.23197769532402776,0.22050845641697803,0.18349025686406015,0.26822534677010373,0.27503712543566583,0.2556865012348389,0.23358771471105305,0.21574154464987813,0.28062038140874823,0.37470060974900854,0.2544117113877423,0.28325850977279815,0.12287899500525494,0.06755719851366115
18.0,0.06119798726013293,0.3941795420249016,0.12924621762847113,0.31024352969751134,0.2722215214405704,0.39182787838318967,0.13362964381607256,0.4180779036113508,0.30578213312734376,0.5270791312484898,0.2392631080805405,0.2861736141023274,0.2614612631015501,0.2814920111012036,0.25423362263721366,0.3709641465550496,0.23696677689981713,0.26388095348427576,0.2245039476181381,0.21696170166501078,0.17932139885647766,0.26683327525774686,0.2745666690284822,0.2515612847154876,0.23048913845443794,0.21211740000433507,0.28179846314071666,0.37443981596283854,0.2510907003832731,0.28150965842145637,0.11651719216460348,0.06701232154430059
18.1,0.05883801653475398,0.3899402494437621,0.12454211097515983,0.30745815472023363,0.2707444407795799,0.386737083857408,0.12915117856714325,0.4170805085406235,0.310956890256665,0.5247744185807791,0.24201640783251244,0.28781169690712777,0.25285822392600504,0.27927539517823546,0.254815745984502,0.3692234768129098,0.23728470205773056,0.2598802656342647,0.22102535106863222,0.21519147483819542,0.17100630038131515,0.26247349403088327,0.2722450193588354,0.2503926113775375,0.2291859492159944,0.20952634952963697,0.28231010850656163,0.37214552972190956,0.2493970131537527,0.2782734765829752,0.11009087587462141,0.06518202394072761
18.2,0.057493136561473306,0.3843817070325025,0.12482016969502165,0.30625351872456413,0.26461199026726745,0.38470546338980516,0.12641895204051617,0.4142138860196599,0.30931363836903697,0.5217656819737919,0.24150990217537344,0.28482466114421917,0.24423822965376812,0.2769341832429802,0.24943099776031208,0.36547437004201627,0.23419107916461532,0.2553426088683518,0.21350632551962798,0.2129123264675693,0.1703744711931973,0.25798554719783195,0.2772019396370623,0.24407432567600043,0.22597948343587676,0.20629317459606836,0.28117953411787094,0.3713316110122383,0.24745739896215072,0.27609756708360417,0.10574326718300438,0.06421163462225839
18.3,0.0528628938531391,0.38150256371346564,0.1133108767864875,0.30040317695381463,0.2580154342874461,0.38210746590025474,0.12282943242562515,0.41148060111093926,0.3060421439046191,0.5226774411792703,0.24255756517630458,0.2817611470391534,0.23824512331356526,0.2756946919718159,0.24400741988593136,0.3591615751219658,0.23128754194980033,0.2510027662905577,0.20855244010917184,0.2110139379295062,0.16664149954480909,0.2526023952410519,0.27500032104737837,0.23967045145994634,0.21580154182744313,0.20589944891491954,0.28019459705541355,0.369679973658439,0.243583854416685,0.2742034869474526,0.09891893106919541,0.06385083579459104
18.4,0.050694901865205484,0.3791220160912253,0.10821320139296445,0.3000195682944515,0.2509442483264941,0.37892349863293195,0.12350026297622722,0.4090540154794062,0.30317227037098077,0.5234163132589635,0.2412424013918117,0.27951547961729145,0.23353610827396834,0.2740320009591411,0.2420827667582878,0.35836139930704036,0.2282540079710569,0.24646046391125315,0.2032124866671534,0.21129071587175222,0.16267620845962982,0.25039522813752324,0.27488624668065015,0.23640401083796012,0.21234493281255065,0.20345824336106613,0.27573532892590147,0.3678179347657788,0.238966614442705,0.2727456080654994,0.08728459603977877,0.06398212881174585
18.5,0.04467253339316257,0.37405018387161537,0.10485241692738179,0.2998211312659249,0.24595783209683178,0.37741813428040233,0.1256359515359237,0.4063399904502676,0.30282186630946056,0.5229618229361371,0.24317629719534836,0.27676461501575567,0.22635041084088434,0.2726362796509902,0.2366252639641549,0.3564850650139384,0.2275396046547724,0.24293428480602342,0.19408572089077564,0.20930802042194313,0.16028977404334926,0.24318941182286025,0.2714386359663125,0.2338919235867744,0.21207067453082776,0.20318172011402222,0.2743498979633017,0.366367028763337,0.23959399044380839,0.268820301426451,0.0872412810877612,0.06293695545111651
18.6,0.04200121338079832,0.3707424752095636,0.10091444029834822,0.2990488132806371,0.24045517022311513,0.37515339048143276,0.12261225774133111,0.4050015474400007,0.29856481797428835,0.5231911899084114,0.24090049086653065,0.27520960967644603,0.22321342780227607,0.2691386909402152,0.23170155818710828,0.35459570617719943,0.22564162250016856,0.24065841958751297,0.18751553591146394,0.2090003987552429,0.15808393827988323,0.2472903412693116,0.2754864383299875,0.23169547795454934,0.21369875712570086,0.20087953798313668,0.2706753059406781,0.3643064124549675,0.2335101535546184,0.26551181780683014,0.07776453898651589,0.05908355040788735
18.7,0.040865602675769996,0.3675987460811622,0.0950340412930413,0.29790217247759176,0.23657345018721102,0.3727947890506174,0.11847643570731313,0.4035796298384258,0.2950290207169349,0.5234928220155209,0.2406638698625357,0.27239584759799834,0.22011487476801195,0.26655017741488113,0.22788968649026833,0.3514100979547513,0.22485670400033755,0.23857771690459875,0.18234337358378847,0.21088493132111572,0.1566687616225938,0.2442455767615387,0.2742040531770501,0.2289951868448602,0.20996359492994016,0.1988255427226616,0.26714308737118286,0.3616645668381167,0.22472259925875057,0.2623457841638205,0.07436262161773147,0.059165228565970784
18.8,0.03467567011463986,0.36524050681202175,0.09331399986445936,0.2975324895380678,0.2334271247350293,0.3708045417074301,0.11492849280126809,0.40156516259594044,0.2905067346703655,0.5217545308172316,0.23857193277918703,0.2690149373220768,0.21517841997178835,0.2648675136244313,0.22422145842161906,0.34978494314423636,0.22281127330485367,0.23620923215968298,0.1786893925638933,0.21035716001796284,0.1542500365247525,0.2432735318226486,0.27256902547728484,0.2260981753703702,0.2108588040980195,0.19646366959875644,0.2637037650022451,0.3606410364946911,0.21888513279615995,0.2580783657811762,0.06811951254570056,0.05793857657929506
18.9,0.03653458667057015,0.362625159634326,0.095703247246332,0.2946178728560836,0.2319473400346601,0.3688783154805201,0.10538429398119353,0.3992382613247756,0.292005538566266,0.521913325203638,0.24685023832276526,0.2688384197623001,0.2076797004892695,0.2639891130778931,0.22059029425489077,0.3468541202042826,0.22228222994419816,0.23533432545328645,0.17189757009453413,0.21025519406952392,0.15303929881231504,0.24123264485266363,0.26945520354131236,0.2241794297876618,0.20904564999898073,0.19449948515012308,0.2689559558507521,0.3597972157554326,0.21091755404810172,0.25627155560127274,0.06530461097666185,0.05730566281734915
19.0,0.03277391589188634,0.36045938223975443,0.09195713252224663,0.2907501098675803,0.22790504020961563,0.3685703119403617,0.10760571346240828,0.39822408177248997,0.2889589328240092,0.5226223338757423,0.24728980763868838,0.26978294199444186,0.20324274499698577,0.2603854377980311,0.21845832696185102,0.34349891545935435,0.22008600684377086,0.23476147851840323,0.16727607490794316,0.2107226110883225,0.14959958015730554,0.23996538595641248,0.26693944310601375,0.2227068440189758,0.20508446677261466,0.1920006038225885,0.2698763598536076,0.35805676702008693,0.2136407500383584,0.2562145545553733,0.06232598722504831,0.05657915837099878
19.1,0.023686306911340757,0.3565246352711066,0.08982438876338526,0.28893850197970355,0.22301252777823685,0.369105711105156,0.10454341536711233,0.3932765822446487,0.2878913365499869,0.5227685635246374,0.24296110292936232,0.26545887281695985,0.2010850074079855,0.25648131448408673,0.21467626740857865,0.3421980657318742,0.2256672319903596,0.23153800265134197,0.15155796964610604,0.20714368829845722,0.14746704268088837,0.23912184749304677,0.26304557807663853,0.220280360683242,0.2025517377242892,0.18969295317346738,0.2699438558998229,0.3560641513050517,0.211658268185023,0.2545702086081436,0.06800686874787766,0.05529050751125936
19.2,0.020166364988024602,0.35364121936102616,0.08605598303850577,0.2899349808476633,0.2197026274586601,0.3709449494372066,0.10211684574702216,0.39019742157883597,0.2870353939315391,0.522480699465683,0.24109598773878185,0.2611706600612997,0.20117785464079208,0.25368867432616815,0.21120335931553605,0.34065360393849653,0.22137871137098145,0.22907400372840547,0.15585379550990658,0.20628081299375453,0.14513931747011255,0.23734014042676121,0.26188864984674726,0.21881269884116228,0.20050817233453763,0.1865985192740772,0.26678550549209834,0.35444264889824717,0.20807260790602278,0.2524430886955538,0.0656067416044793,0.05360229580605232
19.3,0.018154745706616245,0.3515352726918552,0.08230035675099343,0.29082158895837973,0.21906997470866016,0.3725741951087708,0.09702949615768601,0.3886899622002133,0.2846385504440113,0.5212078578786524,0.23815094013398452,0.2570408931683054,0.19763385621196344,0.2531159121993683,0.20807271288928716,0.337630945258237,0.21776955627746838,0.2296450993289527,0.15692874757944444,0.20528859935596627,0.14126384879067524,0.2348505408426779,0.2572492455805346,0.21494412909205857,0.20055095670990145,0.1845760150544926,0.26317363423312307,0.3536668373437702,0.20503055238004464,0.25178656218262585,0.061104308407520215,0.04921764983408787
19.4,0.01374042945539026,0.34975762207567157,0.08063679151608066,0.2896316306543282,0.2107347491232887,0.37333044917638636,0.0914778587152771,0.3887079252680142,0.2835909583201668,0.5207221384355337,0.2327724930449927,0.2541638716431951,0.19622949823523786,0.2517530017635485,0.21304509358925394,0.33507226421805536,0.21722751954804298,0.22871362495363912,0.15993470638609839,0.20208736238788777,0.1357382518718087,0.2334141361531685,0.2560669471896921,0.21197546336736928,0.19999671792232548,0.18049710215675774,0.2656070332539004,0.3524660286402586,0.20006382161112424,0.24885098240334386,0.060799257442919266,0.04512035345635716
19.5,0.01059470984641092,0.3493384146362956,0.07858558305848952,0.29055865978550754,0.20787124663648263,0.37496806268043986,0.09065523924488551,0.3857988724117522,0.2813690284376812,0.521280902746592,0.23041824848871129,0.25013369383695144,0.1920879852925073,0.2497347577502273,0.2137001238420179,0.3333793102334037,0.21892794555881856,0.2299233291693271,0.1569466867734608,0.1987097953816331,0.13064692000843417,0.23074889757227976,0.2566328332220452,0.21135542032772198,0.20077794395765125,0.17774125500130245,0.2586820338972942,0.3515130638943885,0.1949375131541465,0.24802338338891788,0.061194333787422485,0.042579966701990636
19.6,0.00728331455787003,0.34679050477588264,0.07708873409578296,0.28901639894929904,0.19885246625947767,0.37577297144572863,0.08288248547206141,0.3843891961773577,0.2775110474500285,0.5199511264518274,0.2269449700738329,0.24651704897161916,0.18981822516793537,0.24787176334413047,0.20862548740722905,0.3305354850103321,0.2192685736799723,0.23079415273681614,0.15756521437402726,0.19538100688698254,0.12201892696218562,0.2288188272090077,0.25683871599468333,0.21131826394429812,0.1955252555792863,0.17691067662878524,0.25121533247571937,0.3500660992098822,0.19062554022591108,0.24682971914548874,0.05688792158242189,0.038656648372027945
19.7,-0.0034757901159233216,0.3449326250581311,0.07335454383521996,0.28769648897766514,0.20180707241563173,0.3754600182497812,0.08062304865179792,0.38000031989601096,0.2744542746947766,0.5181504956674998,0.22467903118453403,0.2423752595054615,0.1881012130177977,0.24446103966261734,0.208011047094901,0.3299990689162371,0.21755014774693035,0.2338454842149117,0.1592190550100504,0.19315349477360863,0.1238822566062835,0.22719983198067858,0.25302036940693984,0.2100426540823412,0.1940810555016359,0.17430799731983634,0.24621370984130772,0.34943952163516573,0.1904105493872043,0.24590415238926172,0.059480040135280306,0.03614480966711967
19.8,-0.0030002557799831708,0.342602710390487,0.07166803276011093,0.2854091687408319,0.198607511963763,0.37505514831006725,0.07915852592376252,0.3777511752298386,0.2718071308225514,0.5170271182794037,0.21989192203049193,0.23871587740614422,0.18779429607808407,0.2427307858139868,0.20516431975731214,0.32765925727397877,0.22035217015379435,0.23547621777610717,0.15655688133364828,0.19062395640778407,0.12299499279051061,0.2248437697232942,0.2519871022554521,0.20659122590776632,0.18690417906053577,0.1718894316179843,0.24268948308169339,0.34864024055003456,0.19020162807035226,0.24575497759000897,0.06205207551245508,0.03276974278007218
19.9,-0.002680654696025355,0.34049305129037205,0.0719252958389579,0.28291163625921795,0.19504451252852836,0.3742426473359496,0.06875388328047992,0.37410595745776726,0.26910202120761473,0.5166832672701407,0.20950022617353947,0.23481208590721256,0.18637613702214947,0.24141635467935696,0.20182430473422505,0.32448095892801826,0.21702476919249655,0.23508401780502072,0.15690186374858536,0.18941569777929276,0.12096070888269372,0.22126084398512522,0.24847153416307383,0.20447426090513146,0.18018178522872744,0.16769417266489284,0.23642196921368283,0.34779754233246296,0.18253740439876853,0.2448392160458695,0.0621185892635236,0.030326815802537578
20.0,-0.005378302752827854,0.3377981742600771,0.0741810086192702,0.2806865442357205,0.19195833821735064,0.37347644889963905,0.0661083192940445,0.37080503252791236,0.26552682681996,0.5155353621921747,0.2124330549805271,0.23148490454380333,0.1838785529423443,0.23915128994862708,0.2006367783588484,0.32036352526633793,0.21672512151800843,0.23450890245712452,0.1548273528847294,0.18662768916782338,0.12249056462239383,0.22025533082094106,0.24408445533749884,0.20421542908487506,0.18146686450906452,0.16631445288763702,0.22609298629377708,0.3432813106150127,0.17919569723351056,0.2451670290698574,0.065321161131678,0.02729433570661941
20.1,-0.008336066039469648,0.33361603052933997,0.0672579562662747,0.280497420234351,0.1907999706007547,0.37062318873214567,0.062323598741266285,0.36599364599973966,0.26408351734006447,0.5156998288529783,0.20675190946436453,0.22893262440273765,0.18293379834787465,0.23699467987659043,0.19457643020825682,0.3172403632948338,0.21667417672613792,0.23563386447612794,0.15252360419777608,0.18255836127694938,0.12550054015686793,0.21907289258465698,0.24429420802996196,0.20235249510115066,0.1739565608708716,0.16504983500902876,0.2282236612192197,0.3385691576954068,0.17250006906632373,0.24580706359428087,0.06358498587437139,0.024731562643793167
20.2,-0.010586463149246895,0.32812930006254315,0.06282833017017318,0.27912902950515817,0.18881208349035777,0.3694829767024385,0.05557338680583214,0.36244245909966816,0.26424748232750817,0.5146033773426474,0.2025293530656375,0.22683102114477882,0.1815258857037492,0.2353441258579953,0.19045595820871394,0.31380135632076683,0.21415120070477298,0.23512072680096807,0.1517255229707841,0.17869903069791007,0.12453485013673325,0.21523988624499582,0.2438098135522951,0.2018533253805263,0.17012742610571438,0.16249986883483877,0.2249617605464623,0.33865073910882737,0.16933095741602308,0.24634235210891212,0.06389174511321091,0.022519940674782052
20.3,-0.012360667807965877,0.3257055828679862,0.06270240912450013,0.27526715918820366,0.18302945873351456,0.3671680444461908,0.04958000341551632,0.35884026440501365,0.261330835451951,0.5150960277015337,0.20232748765673073,0.22474606096512462,0.18073915495945567,0.23401445067361334,0.18871795166307226,0.31082058425348147,0.21010393729530488,0.234136525269112,0.15195078480043336,0.17361334267545508,0.12301674507653,0.21147246753258098,0.2409048290855556,0.19781013200594208,0.16505468763469777,0.16055079071313974,0.22383668990643574,0.3357308367788594,0.16652208561279208,0.2458138364432253,0.05987843368191049,0.020736229504300544
20.4,-0.018970965607263992,0.3235796654193139,0.06449295771693633,0.27261402873368057,0.17702394797631585,0.36517386916334,0.04222989351161392,0.35547587761580657,0.26055266520768267,0.5127186377014468,0.19830555707738365,0.22122383540455484,0.18123503363628046,0.2306635977168404,0.184971924676736,0.3089840121828004,0.2045563978422098,0.23308289968449952,0.15093787970652736,0.17121004847985938,0.12566063021185744,0.20987168975114362,0.23928652732267516,0.19749735216304562,0.1610020457820025,0.15808556092144851,0.22102981070706806,0.33301776993881166,0.16344971683477763,0.24481955396011418,0.05810463564925979,0.020365252361664723
20.5,-0.021940305301244196,0.3218541087327582,0.06012144520393224,0.27176628015636567,0.17007934896838658,0.36255198497813473,0.03757718418865717,0.35366644883956655,0.2584072386828572,0.5117804307023219,0.19231859951110067,0.21846403350773336,0.17645537708045841,0.22971276793995452,0.17828228186454143,0.3065733630874695,0.20258631932456342,0.22977875702622996,0.15108287084896221,0.1669198545771178,0.12421340620565685,0.20592995925681523,0.23845340267217013,0.19878833770114485,0.15545253921299032,0.1560764778858616,0.22166197876129204,0.331828106780889,0.15944023486440567,0.24222278810701678,0.05805621249318235,0.02012239702161919
20.6,-0.025901612413703572,0.3201243132338842,0.05135582864077574,0.2690709630430178,0.16370976738421122,0.3592001716872315,0.03356965180029768,0.3513242046662031,0.2554219105715883,0.5104921304035457,0.18842703630071733,0.2146117670062482,0.18159169802653946,0.2291282465830888,0.17427768345416578,0.3043141775032507,0.19696046450105434,0.22538300263095393,0.15155225344125065,0.162421432128145,0.12091465781767798,0.2017273850081893,0.23837025494163716,0.1983467757790327,0.15332937986416562,0.15367416108310408,0.22147426431158238,0.33092950359867196,0.1597784825658607,0.2423754457728412,0.05536944339413414,0.018713495044082647
20.7,-0.03282913095990357,0.3182635143207511,0.04633656559029109,0.2652159092886524,0.1602822296169097,0.3567295269242613,0.030541040479802394,0.3463965779798811,0.2526888532177272,0.5082044169245459,0.1856166383745284,0.21047845067143367,0.18044304887370427,0.2279249303737012,0.17077108230444485,0.30329259082516563,0.2026696949224843,0.22322268588571056,0.14382290506789677,0.1605981583419948,0.11537250826708781,0.19907916536166306,0.23748630009203783,0.19676229659386524,0.15016167843618053,0.15281569806795686,0.21799961503138165,0.3300348763033933,0.15945397985726043,0.24204143001750691,0.051568450956784646,0.018923988391216194
20.8,-0.03863189278656378,0.3179572574974497,0.04101546990212314,0.26191350223819326,0.15738817175030245,0.35412466080411337,0.03307728286257501,0.34517694391402787,0.25095830488280296,0.5064002700932743,0.18287407041239478,0.2082402869021432,0.182126943925234,0.22717843555788217,0.16595984922129153,0.30059848402206363,0.19632543151929718,0.22212771778300744,0.13950768175714584,0.1572154188329388,0.1113442908206435,0.1963661347050427,0.2365565198976439,0.1950833428183677,0.1433544137728246,0.15062614460531415,0.2135171238300553,0.3273239089940213,0.1593654542421754,0.23808398607107212,0.05050640678489248,0.01793777016805608
20.9,-0.04427561255680096,0.3144425561592499,0.03851832787598775,0.2585166666818818,0.15371935248488022,0.35323494055736804,0.028179973678253072,0.34255479884687523,0.25375694763949724,0.5041061509509128,0.18669782896645104,0.20494225083229697,0.18317355749988762,0.2272668451622632,0.16340636626524502,0.29864310365048063,0.19590529792086175,0.21767487834660582,0.13598520468067174,0.15481842818554029,0.11011426643598897,0.1928691286208324,0.24024735286530416,0.19597110765850417,0.12988532733021163,0.14843018143760425,0.21129659158810807,0.3244373767933095,0.15751555369487236,0.2350345801270895,0.04761006883356008,0.01726556409763545
21.0,-0.04929069865760173,0.3104635053214613,0.03979960121227465,0.25680275268201525,0.14997110150789675,0.35153571398082445,0.02442311689320199,0.3380211321477403,0.24825056570993012,0.5023468768419358,0.18770696701400225,0.20296026527762567,0.17955174755099865,0.22554682869470682,0.15888374135771896,0.2967132301453754,0.1897789743503698,0.21500603700273366,0.13304288209775417,0.1527299881762385,0.10522805097935171,0.19011213673688798,0.24128880728575092,0.19836196549155047,0.12936602973888817,0.14821515115213496,0.209473890219347,0.3227829197175077,0.15675191502979707,0.23345798577928087,0.04325410751259586,0.015752704671241277
21.1,-0.05439948522376374,0.30635331448685343,0.040776065453756505,0.2540557568396355,0.13858263186271366,0.34967018913950965,0.01726011493711077,0.33363548168950974,0.2450783230842801,0.5011104002768537,0.1867774665691265,0.19980942266802634,0.17904342123322578,0.22430748797143796,0.15610270474739538,0.294501940389056,0.18597636505039955,0.2138825147680309,0.12673536328658816,0.1492669615366546,0.10347045702432454,0.18865251685065676,0.24054686478429715,0.1935145111535701,0.1245823925966388,0.1463583311741544,0.20657238151035592,0.3214778505959605,0.1524775783108555,0.23375563432246876,0.038505937212493666,0.016802822177143937
21.2,-0.06155822235725855,0.30656764571527867,0.03784475423770114,0.25014139345767294,0.13382942003707837,0.34602839899360105,0.014667299684116892,0.33113393931643825,0.24264747617927507,0.5003480027600066,0.18500470926853185,0.19945938307338737,0.18038197449492682,0.2253137616875583,0.15504637858923048,0.2926040864286752,0.18314886893458496,0.2085330316203061,0.12298140924005237,0.1475978232581441,0.10036717488444336,0.18694092888633496,0.2321049296900941,0.19323475930614867,0.12065097449501591,0.14462968370035653,0.20517919096138468,0.31978068875529614,0.15381710713013205,0.23253037426990997,0.0355718834259789,0.016877680664865783
21.3,-0.06528623236404833,0.30391239683115384,0.03911369940868861,0.25152407721647435,0.12788041648903237,0.3454632583949312,0.013485056645884737,0.3280815451632546,0.2426539931124172,0.4995611462284186,0.1868313599301864,0.1987497639230754,0.1794481485267524,0.22298772221418847,0.15798105693031825,0.2913188712045628,0.17890629293844001,0.20614514555868532,0.12073673218947445,0.14503161948583027,0.09778555364519133,0.1861849320879688,0.23070737156271293,0.19196806292954027,0.12573888335039243,0.1398586556365246,0.2025143975102987,0.3167072571735554,0.1562732497532637,0.23027643399564487,0.028627756205082,0.01629345749614494
21.4,-0.073439726439784,0.2997457706088206,0.03717486560135801,0.24961326524254654,0.11468648063796642,0.3438772606799386,0.006400362927444481,0.3264025314508409,0.24096929831350047,0.4968547382905652,0.19082220482083084,0.19766135392829548,0.17704426149679495,0.2213159507982322,0.15073432080930516,0.2928483945034032,0.17798048222133345,0.2031228429775423,0.11811417514865528,0.142917143959451,0.09466289998140325,0.18378701738018483,0.22971152823384036,0.18974962724547992,0.12574351135639764,0.14045042774581876,0.2049327186859823,0.3139469067224263,0.15751137488173636,0.22755075703356822,0.028754381637952086,0.01581683546960254
21.5,-0.07774393247510333,0.29975847923331583,0.039307570636563004,0.24924048707893579,0.11412834771701681,0.3387411636562882,-0.0022467455784460784,0.32482719639920365,0.23905075212350152,0.49488712296434095,0.1897560232565472,0.19621377422713007,0.1755507597502028,0.22240331885706807,0.14541373128085344,0.2918614170309271,0.1780070802576544,0.20003006438246204,0.1190141035927579,0.14192850640712998,0.09275124465073833,0.18406701735221404,0.22719423700279368,0.18901222940619375,0.12684912978385854,0.1371029331078573,0.1989849660090975,0.31036398127778914,0.15420046062849058,0.22541239395351842,0.023606057910841426,0.014701453038458235
21.6,-0.08395847403661735,0.2985045303628637,0.039242151688039885,0.24827793833098638,0.11370282270997059,0.33813532602703583,-0.008880246943813433,0.32167184622643136,0.23832364818939233,0.49174056122112136,0.18855288670616147,0.1950166456434957,0.17429432081411972,0.22083421782048307,0.1446361179765285,0.2906721117784699,0.17295816499660255,0.1958828833711133,0.12039551859732485,0.14088514121196163,0.09081237468656779,0.18354028463196997,0.22884980968635796,0.18740980388453268,0.12490940779626603,0.1343904074160863,0.203704904126856,0.30810418896353686,0.153724234136478,0.22433216878549936,0.01762328076549455,0.017963972271398163
21.7,-0.08861487754001018,0.29810042322173236,0.04032860347348832,0.24702719269299867,0.10910995745361933,0.3389931597440773,-0.015221421940382859,0.3204935621524376,0.23686678131050035,0.4887896894673917,0.1882443825728262,0.19426655589973194,0.16948492982722055,0.21932813139124985,0.13993690202241293,0.2892245389075614,0.16969911997788525,0.1924688409298306,0.12061157198988869,0.1385700505614902,0.08925599042055259,0.18291040237571596,0.23070914624463665,0.18408770983199232,0.12493389363104176,0.1319984045271501,0.20938505826489454,0.30580142259166254,0.1562517145576075,0.22413478884366866,0.011800480280294557,0.01738844736613187
21.8,-0.08972316618511753,0.29421967646791963,0.03902300284682214,0.24552664722788384,0.10601640332131872,0.33864516061250344,-0.017013481911386297,0.31870278036158034,0.23334920337771328,0.4884225905664908,0.18844792613900227,0.19350970694495825,0.16581349757617647,0.2175914990648097,0.1353206580864743,0.2874720047606882,0.16471676084997963,0.19007413601381565,0.11776757258855891,0.138978782972008,0.08528791388903936,0.18083492121539782,0.2286793826549653,0.18179104240542737,0.12239544957502199,0.1305525942238102,0.2123648986153925,0.30415373241514315,0.15322930964597217,0.22473234269210668,0.007071053724914943,0.01642809663420369
21.9,-0.09358591287289904,0.29278414272084696,0.03106632803470546,0.24239133006333421,0.09962754239979081,0.3397697159546198,-0.014258047375291344,0.3182963211283209,0.23105284694176215,0.48583255934676794,0.18509758381205885,0.19309383880128145,0.16346164493491502,0.2152109967367694,0.1320728158182005,0.2865715749871217,0.16115371208655835,0.18763625122929486,0.119593294117001,0.1375029138367023,0.0847770274332275,0.18129079382417973,0.23062594089589808,0.17889452880586706,0.12042802335364894,0.12729799346279086,0.21787422823880548,0.30047818568291007,0.1557753681177756,0.2238471358565891,-5.98763834572171e-05,0.013905819966266173
22.0,-0.09976569118521743,0.2918548035290216,0.02180122088139723,0.24135141928474146,0.09383944364566775,0.33867458690622515,-0.0215351815845833,0.3178236424746899,0.2316342262212404,0.4835772189601411,0.18230721044185189,0.18901296930023156,0.1601766844033077,0.21352428793266456,0.13206289868748483,0.28329471921674515,0.15791375079421768,0.18501163511064603,0.1159758397440164,0.13625382054512808,0.08180831707667202,0.17922400546981662,0.23052485807001638,0.17528261595385472,0.11916955751825492,0.1258165888388621,0.2205881472860415,0.2984556869614,0.15726282274616035,0.22260011065392915,-0.008894930161244657,0.012241774471596589
22.1,-0.10095382649337313,0.29031099204384553,0.022450609481290837,0.23941268883300987,0.09048528729216318,0.33724178249596937,-0.021332572111728395,0.31680667571468274,0.22941463906718765,0.481679090637934,0.18192453356607852,0.18740024196728713,0.16404107757636738,0.2123313921213691,0.12900440601077548,0.2815370364447457,0.1530739053288897,0.18522239771608306,0.12209596974487942,0.13529561973555276,0.08039755721527395,0.17778525695222558,0.2306186589124448,0.17384220437594294,0.11831576094110638,0.12474610767028066,0.22471849246632747,0.29592579318512957,0.15994670305683836,0.22083087579493013,-0.013968025185457074,0.007989627391576735
22.2,-0.10476848554943018,0.29024851099810506,0.019895924364895057,0.23881517965783933,0.08801774538077789,0.3338297600382705,-0.024090905027127452,0.31765444800032766,0.2264973912939906,0.4787639966395291,0.18030366844698398,0.18519610193204145,0.16040604661530594,0.20975950063037427,0.1289497139656137,0.2785873354309299,0.15346250863873262,0.18492178943626947,0.1210009804294519,0.1327966517822963,0.07661482398983933,0.17788371782729034,0.23139742469930963,0.17255224748583342,0.11679798118948141,0.12391750737405155,0.2297085671559704,0.2935675931363406,0.15993336696530167,0.21969602171232355,-0.014770984245381128,0.005724825535733231
22.3,-0.11068702033807383,0.2899254904436784,0.01729616146465075,0.2364635122813226,0.08777787136051304,0.33290716785330976,-0.02444812941717076,0.315380959767692,0.22693985333733022,0.4784811137571531,0.17668850395742378,0.18399572064456085,0.15445724046239204,0.2071990370285991,0.1271430724487445,0.2771490018091137,0.15694137833663602,0.18554816594176848,0.12053223324779938,0.13120388667127508,0.07234609523436737,0.17725947570371228,0.23406972414457575,0.17024152455325708,0.11429416738964371,0.12161566758016139,0.23594230717823692,0.2928019982350838,0.16085954928636503,0.21740953636997548,-0.016515391584090298,0.006046047267767855
22.4,-0.11451644016659987,0.2889371992813482,0.01396755136754506,0.2339727508987525,0.08390219762668702,0.33075029006906903,-0.029011215738946137,0.3127156230907654,0.22385427155653728,0.47886511840207535,0.17316875439498422,0.18106441244025115,0.14694523944283933,0.2046166508082529,0.12362899622506915,0.27640679431737186,0.15764551508246308,0.18698169694460018,0.11629179123123377,0.13017987319724314,0.07041002808180316,0.17516351673303174,0.2343854283755445,0.16930597823839952,0.11180693315379278,0.11890980003417638,0.23344661641515943,0.29312035816084314,0.16034527465865614,0.21731253662799802,-0.01784300842018463,0.003966037017310642
22.5,-0.1174171263589721,0.2868057799195639,0.012143684632216004,0.23198587380756955,0.08033296516313593,0.32849293333413554,-0.02835098999363024,0.3096240835381688,0.21981500034313123,0.4757506954000315,0.16869807628515382,0.17937706883996613,0.14460134059580113,0.202085331642025,0.11963067559366444,0.2746298765143782,0.16113425066486303,0.18579746815362846,0.11694334485219307,0.12934732890742412,0.06918793574680678,0.1759144139260664,0.23268197300651378,0.1641684818362166,0.10895517856598033,0.11722065436372908,0.23896647956308395,0.29204261515336644,0.1600440181103449,0.21599578687514404,-0.018822119731108766,0.0010558762798089998
22.6,-0.12224116806447813,0.2836232644826314,0.009596325226033455,0.23133035766463766,0.08580785510811685,0.32544916694705506,-0.03001428620198407,0.3115147047192931,0.21919025309155823,0.47427745180421627,0.16623664704233915,0.17648561824459166,0.14252541850298453,0.19895030598832705,0.12208832225534975,0.27428261665369186,0.160847122721018,0.18603276692748566,0.11450998988694451,0.1281177228131577,0.07953201592898701,0.17470905423926905,0.23239925537844297,0.160335534959305,0.10537767133515319,0.11543526573248726,0.24455421543817352,0.29159208402004066,0.15487694965169044,0.21493835676966008,-0.014481171075866084,-0.0002986838579712236
22.7,-0.11994756949123918,0.28066189986234774,0.010317320369344038,0.22933985241997895,0.08070878527163416,0.3229495572318852,-0.038008845927307064,0.31050483549945435,0.2151889472037689,0.47220935345172477,0.16112060598739525,0.17466329499312877,0.13688148710028025,0.1966682662739624,0.11839476120210708,0.2719306036323032,0.1636286137891452,0.1856680107031192,0.10854000816685838,0.12593510132751226,0.08083832583174726,0.1732036301078788,0.2349554393616564,0.1563181416667918,0.09837715793937882,0.11176368662314631,0.24862944481430918,0.2899159813067001,0.15376038044401752,0.21587136020807124,-0.012627287781903446,-0.0019750788275985586
22.8,-0.12325904065353398,0.2797389980240181,0.009923288380561885,0.22627812959214044,0.07779119929398803,0.3212350935826124,-0.04387077674271152,0.3077458716130701,0.21311202396244913,0.47052872107001587,0.15298779755802677,0.1723046988910427,0.13170132517474017,0.19336084418917177,0.11192543012057883,0.26756428449475556,0.16451132655191403,0.1833456537317492,0.10731591376398954,0.1237763929779544,0.078853635169827,0.17161598486716637,0.23745878168340642,0.15510902387100123,0.09516819398782582,0.10907199149910843,0.24935598953258153,0.28770809613430476,0.1502547881200782,0.21438185305915566,-0.009421845755394046,-0.004433368244085055
22.9,-0.1231818032713445,0.2769708982681501,0.007483481233912232,0.22358469468311015,0.0755049602905403,0.31824143188337733,-0.04594325760107402,0.3043409530516301,0.21152519468973785,0.46770425250167114,0.1554712102084671,0.1699596865895187,0.12943711744476613,0.1911307857447089,0.11095397741999231,0.2650648165441094,0.16649321525697514,0.1834134431064427,0.10424925364356653,0.12205563528639561,0.0759376358477236,0.17050009361005666,0.23622199845668085,0.15465594627111043,0.09419499952595878,0.1065437736421053,0.2494970471897986,0.2819822038470732,0.14721598457283022,0.21276244948306663,-0.00865272875410223,-0.007847082203125274
23.0,-0.12357903481478578,0.2738167444289985,0.004498661048751513,0.22219531546612714,0.07454337918478007,0.317145709596118,-0.052362510285235996,0.30000735914289395,0.20991118074601747,0.4650881986351069,0.14195432953385892,0.1678922326294361,0.12541579443626644,0.18993324474902964,0.1045308680285449,0.26412652667872655,0.16182925404976606,0.18262875437423118,0.0997434943288484,0.11790427164018108,0.07315246701056571,0.16885028935046284,0.23648926142998125,0.15335960171339094,0.08967170656906572,0.10329265328650723,0.25090672882611437,0.2811597395940451,0.14446301190329458,0.20993025652630865,-0.009480327161929362,-0.010941340704829876
23.1,-0.12731576509850664,0.2710446620010936,0.006627957010398843,0.2191283312179601,0.07414570821369983,0.3151783783521352,-0.05531441393257549,0.29735898401488176,0.20659967319259953,0.4635085340134064,0.1394671324305987,0.1661715415582846,0.12159552888422757,0.1878785110756826,0.10281763818148629,0.2636065121202124,0.1611560864766842,0.18112115653896144,0.09565547110178321,0.11670506459241567,0.06992345043797005,0.16586012917964213,0.23572858837755023,0.15160875381584304,0.0891073796729972,0.0993015761160915,0.25473794360849217,0.27886187071963386,0.14183121470963156,0.2079528637380325,-0.011956563364782614,-0.014644030218749188
23.2,-0.13713292566838847,0.271208433861063,0.005192180847504221,0.21603885272080675,0.0678928304615051,0.3128418074127922,-0.0574456515515436,0.29277984390339823,0.20449519197196844,0.4608333927227452,0.13560742113064492,0.16355778314351918,0.1182276222523376,0.18650802280279788,0.10236670306692597,0.2619766815189887,0.16024772456293535,0.1795185574497456,0.09417746425002198,0.11408996411682787,0.06825958897133398,0.16434959791270323,0.23619495162654425,0.14896343168851098,0.08553217359950528,0.09634616633962957,0.256124452247797,0.2781484409633123,0.13824999633601145,0.20592398965466482,-0.005978158803395092,-0.0177484160392978
23.3,-0.13447672608336614,0.268736102792319,0.0005784496317265951,0.21515845750214943,0.06569188554913259,0.31014545406478916,-0.056247235987963044,0.2913991688159202,0.20233198814535194,0.45861674093246074,0.12894600643250606,0.1619606209614324,0.11663238825214488,0.18430668239392278,0.09898103985056847,0.26066519494765333,0.1555696224114898,0.17903323444377303,0.08881609011887637,0.11157389224049058,0.06522634518701743,0.16287266129290545,0.238242959565311,0.1448419283678021,0.08124785004932626,0.09207381337292035,0.2545767602828085,0.2769523057699942,0.13615035225384556,0.20233608213027465,-0.003968308361571164,-0.020056599985388782
23.4,-0.13626029532952802,0.2662602990628749,-0.008417821134370087,0.21304671228349972,0.05961544624384685,0.307370785058083,-0.05939410745760218,0.2896486273428925,0.19901970169059757,0.4577284596120004,0.12392136860751377,0.1604414556964865,0.11393934167792141,0.18276150163979335,0.09855718760455584,0.2592051374959682,0.15527430921969976,0.1775362043595111,0.08378022416877429,0.10747693358933175,0.05975232090537148,0.15799617859987727,0.23622855581010116,0.14405620480085576,0.07667204544323264,0.08961561839593021,0.254815601879058,0.27512346487282463,0.133987416009471,0.19983030069651206,-0.0006308885160127232,-0.02308415870562325
23.5,-0.14108062665687945,0.26665204011972055,-0.012506737528323743,0.21033467673322698,0.052790107205102,0.30660278791593504,-0.0640556226677166,0.28765825224567576,0.19438097653655034,0.455703116782777,0.12031140768812473,0.15785361098314124,0.12598660145470397,0.18200257229035308,0.099890824354723,0.2596603917237659,0.15222272045524224,0.17496077023437367,0.08412019209934442,0.10603824384469072,0.053393027046648875,0.156581008998659,0.23680103559987045,0.1427822086181552,0.07510010067795798,0.0882586969326377,0.25084420836167914,0.27200291248849157,0.13075796943977644,0.20027076061028773,0.00015442737533328583,-0.026155872523571634
23.6,-0.1441225867317865,0.2630487763148599,-0.016985260166581993,0.2079314785112089,0.04991075962655108,0.30509009904420176,-0.06262909346938385,0.28592528764304315,0.19031851587482257,0.45401471395075654,0.11380108589781444,0.15512298698448138,0.12356994040678605,0.18076562355694487,0.09761756265491532,0.25973703504203055,0.15590226192806478,0.17639295277513395,0.0753874109440743,0.10287025534826648,0.04907585264906692,0.15566127056279946,0.23825017203618376,0.14035775306717455,0.06934237350464978,0.0874350567803114,0.2482654042896686,0.2701503629452256,0.1241875381156033,0.1982671398158739,1.3365259762077376e-06,-0.029596424950451464
23.7,-0.1469211308938964,0.2583524226037771,-0.01620516661425441,0.20750107936273868,0.04705807920067984,0.30222853439061914,-0.0638993322347368,0.28238391701894666,0.18781721655355674,0.4533594342589024,0.11224847047775763,0.15257652946249436,0.11797029323952085,0.18051863947785277,0.10101774662735716,0.25759639088194564,0.14869914583176305,0.1735957557632954,0.06921320890135067,0.10002531712635387,0.045685481847672314,0.15419047926632035,0.23615513878526673,0.13985218137491456,0.0692159528591885,0.08529138795664572,0.24504269743578724,0.2686838826359949,0.1194072790247342,0.19721066403841003,0.00021833478174149693,-0.03162707398966751
23.8,-0.1502756245610593,0.25552585299193936,-0.013354163682708588,0.20535115384305178,0.03967968193843673,0.30180202001007256,-0.07291387501413366,0.2785942150278133,0.18500479375164536,0.45214687807788295,0.11052538831917742,0.1515347232593677,0.1135938216089201,0.17841043974963494,0.10090864338073129,0.25389576604273795,0.14740907025232244,0.1710318864937868,0.06405761471442786,0.0974139293187934,0.04302100904267251,0.1527686675055044,0.23595539914830566,0.13944282707232186,0.0639706561937468,0.08047257167815312,0.23982622722294814,0.2689370016293199,0.11030212077828891,0.19389546962922083,-0.0011870105926116807,-0.0325496951981399
23.9,-0.1518937790345055,0.2522454461088697,-0.016382617512669655,0.2046104403373688,0.03348745360114623,0.2998606910124776,-0.0805244629807605,0.2747216169060444,0.18317684938363274,0.4511751088781602,0.10763050734380716,0.1520038300272927,0.10424957245806839,0.1768984978031929,0.10304242858865802,0.252603850088163,0.13978157011559691,0.16941540279046008,0.059973525191416376,0.09401071536934483,0.03693052980677254,0.1507917305493861,0.22856824625032154,0.13957736167298712,0.06881113050077182,0.07965847559630453,0.24165727203226553,0.268609892550808,0.10400909202670919,0.19345347547038402,-0.00346450101076075,-0.03423266925464969
24.0,-0.15220452741754348,0.24720894667309976,-0.019940160465992545,0.2032974387585887,0.02880066546916972,0.2977209264991734,-0.08672634926724869,0.2716962086691493,0.19048488254766552,0.4490307842030594,0.10502719010570406,0.15051243081816804,0.10086079834262443,0.17851358849536708,0.10289536661238685,0.2505494419301866,0.1359553416379583,0.16807215747731974,0.06035534518561081,0.09142507259537118,0.03376392743447294,0.14851953064998116,0.22410184342679054,0.13532738128637273,0.06467582251743524,0.07718616253460162,0.23727688361233903,0.2674760315424064,0.09952580995758445,0.19185219341276782,-0.004004311713463902,-0.033480075966558845
24.1,-0.156104931907286,0.2448441428722078,-0.024137159778775542,0.201856308298953,0.021455168567110737,0.2959932833666821,-0.08917917037255194,0.2695882338878243,0.18324760266063989,0.44675072227145113,0.0947757053071025,0.14803162626810076,0.09292083368340266,0.17798305634589762,0.10022276198500907,0.24741095183467632,0.1308995225418907,0.1621144345159,0.05991411705622459,0.08909566477230835,0.034804024230456754,0.14618462651913292,0.22093569175089164,0.13470940407770354,0.060796537347602,0.0758975155523031,0.23542077591342123,0.26501778386518554,0.10102331674873408,0.18936036509889997,-0.00602931400952476,-0.03932830035256669
24.2,-0.15846308339240478,0.23977852986687836,-0.02610736489762509,0.2019242571403898,0.015391425151764344,0.2954033086197533,-0.08868145174921405,0.26338707249579985,0.18845447516851777,0.44604545152239033,0.10008499901137005,0.1456374277845936,0.08709865443522338,0.17579636603666005,0.09640847322761702,0.2453028706029496,0.12732416684643127,0.16022928555602686,0.059524443844787285,0.08528248292046282,0.03270012679707239,0.1446993223490881,0.2208154966469844,0.13393978783725263,0.05576023288768445,0.07452631275551137,0.22980863448028815,0.2614571074689541,0.09573803786560166,0.18716487052068745,-0.009008907277040745,-0.0406366886222482
24.3,-0.16188990629232924,0.2364584773273434,-0.03214849054126041,0.20138522784642576,0.008604746359764635,0.29257867392375336,-0.09555493906297341,0.2626837933029062,0.1901802256936502,0.44192494177263236,0.10111921103191629,0.1425725967382456,0.08344833663563336,0.17656918399675817,0.08997110492007321,0.24375825543925622,0.12527142516272627,0.1563013436119142,0.057936080312284345,0.08328650970511796,0.02974101216565691,0.14273208003392232,0.22057532064089924,0.13263797569834096,0.050614200830729,0.07729862605739149,0.2268795148851885,0.261111369570156,0.09104649344858909,0.1847277871228789,-0.010048240563897451,-0.04303229663540448
24.4,-0.16447441717984776,0.23322825981601594,-0.03454175237171294,0.20086330695754587,0.013363341618085655,0.2897807527691997,-0.09921616285350285,0.26191492789397625,0.18844516856679608,0.440844019082966,0.10141762700192127,0.13922074682361738,0.07870396698787177,0.17761980281193407,0.08375858999526699,0.2405644608546506,0.12002011731708126,0.1544504044400277,0.058240261450519214,0.0802520066367294,0.03285905654292026,0.14157104104917997,0.21911861469650373,0.13084431466628307,0.04799302251144092,0.07469324728412141,0.2220714131893112,0.26097147482090244,0.086391054643362,0.18197289313260645,-0.00854697271490175,-0.04382623682988499
24.5,-0.16802526236099097,0.23025026529248516,-0.0391614741131891,0.19966340156398615,0.006018658207338015,0.29209527180054545,-0.10270434226574679,0.25975643122593606,0.18733081686965317,0.4369702174812082,0.1011365631167569,0.1365437820124003,0.07574154658013793,0.17552384134623403,0.07868956942649823,0.236228275839951,0.1149718140164675,0.1508755126646131,0.05853615410304158,0.07810725210138168,0.034786108235620485,0.13946369823032517,0.22169219250377292,0.12769727126011543,0.043571479845375925,0.0743969886361341,0.22491991309770104,0.2606357655118191,0.08192447553592698,0.17912194298060033,-0.017856848906204197,-0.04414685407259439
24.6,-0.16985478125331374,0.22639094896102327,-0.04785377128862414,0.1986387793277783,-0.0016298384179926262,0.2912774659521174,-0.10565640893939644,0.259331046208623,0.18654127305421142,0.4367307059516165,0.10221909583569887,0.13410837041312543,0.07417377942826352,0.1747966644502467,0.07373252769949529,0.23312590768826863,0.11360369187433586,0.1492197943395251,0.058974335734172594,0.07627399175699891,0.038408564466140514,0.13690243391921864,0.2180593543453809,0.12481220182949473,0.0393705031264948,0.07573972992146866,0.22383789777762964,0.25876364160361864,0.07866856945561147,0.17731477844019136,-0.02176706442471917,-0.04747373949959696
24.7,-0.1742634836662273,0.22263991713018347,-0.05672570574939023,0.19736418558226518,-0.015446066432836067,0.28761488410884734,-0.10895637194643845,0.2568050544283293,0.18711876490699275,0.4359060403801492,0.10286550691467083,0.1310520279875629,0.07255214349961188,0.17475747699677227,0.06900554298204095,0.23091309090099416,0.11130944604114064,0.14835478675278221,0.05947323484203489,0.07611947228505243,0.037831450125885326,0.13458551122448212,0.21648949309355217,0.12288430214446786,0.03322562829393262,0.07657948311286886,0.21938273984976206,0.25877260880526914,0.07330967012293972,0.17530220447720055,-0.028530523219999618,-0.0481535149614415
24.8,-0.18071739159248215,0.22107010443727038,-0.06406982920602593,0.19560314979760432,-0.019738195965172314,0.28561082669731264,-0.11070158313377679,0.2565330525291588,0.18913854358088447,0.43433994682425053,0.10085807720604477,0.1286162652566314,0.06835419488904663,0.17432468075550572,0.07068889540292078,0.22798869850685863,0.1112353644992081,0.148979414689917,0.05821826931005377,0.07356867769665397,0.041769794234462566,0.13398686286405576,0.216573973251525,0.12134875661370009,0.030471665053391425,0.07717898911648757,0.21832763676287528,0.2574233817562869,0.07514204757080925,0.1725269774215652,-0.03454913023037987,-0.04879177356373288
24.9,-0.18353175204470035,0.21918060484078936,-0.07190713632968897,0.19491195594850017,-0.021448255120739865,0.281943421462045,-0.11156076788848825,0.25506108780582165,0.19226290300616009,0.4335660990871948,0.10185081718438212,0.12578932335627468,0.06826456720863876,0.17208778100147326,0.07098840551072494,0.22431026779175905,0.10531245693158371,0.14676391192949007,0.05355447769783622,0.06940573755514953,0.04076041351849317,0.13214071926639298,0.21741435184874242,0.12232090926743622,0.02481662208787657,0.07721595500912486,0.21670954588056746,0.25168920779941134,0.07450778038494998,0.17081988366472386,-0.04013524417737678,-0.0484491279723325
25.0,-0.18740697340095105,0.21653575430600966,-0.07309953660410042,0.19352965434539865,-0.024859551271049888,0.2793004510881506,-0.10934646815222586,0.2540602197357039,0.19122715186122882,0.4308025830659772,0.1009518995600423,0.12289132357182508,0.07193287176687194,0.17072098856370155,0.05856294358635981,0.22255618842625477,0.10133008432692531,0.1469694684114559,0.04836821889852847,0.0686063074913887,0.04356750795198069,0.1324796993202326,0.21422205247506207,0.1247303148721491,0.02619861469178333,0.07856433818832542,0.2102725687087283,0.2508145525593682,0.07099050274908482,0.1684330560897195,-0.04201637577525874,-0.04990237070616254
25.1,-0.192258720424119,0.21424988674629258,-0.08004759763460714,0.19289489501471435,-0.02740352433325878,0.27723182263997986,-0.11111787272770726,0.2525284041687546,0.19338969879396029,0.4301031642778757,0.10054283912360833,0.12095097413468718,0.06542414819693812,0.16916779302798562,0.06280332377405964,0.22131150015368145,0.10687682733576823,0.14537537700000686,0.05147089796785816,0.06680036045275226,0.046380400290776586,0.13152903195669674,0.2101965372349239,0.12438430892245636,0.019457801220748135,0.07786189026592942,0.21202456914088072,0.250518448997728,0.06585168520461242,0.1672607541692858,-0.04527691000684785,-0.04886122531233447
25.2,-0.19465122762677073,0.21258530965693961,-0.08713389938036177,0.19203255655691995,-0.033028430817229386,0.27558152140863085,-0.1145987778852671,0.25059971002887965,0.19427465117483428,0.4294884259544833,0.0952513954542044,0.11928942764728714,0.06401272660151984,0.1676279971468459,0.06314762000456993,0.21957782605104978,0.1083709852502251,0.14510373418042855,0.05404226814825637,0.06741231756211474,0.04910321613990186,0.12847918334432432,0.20857515289804615,0.12164093584837458,0.014675255933067137,0.07832820922665087,0.21675244719153886,0.25314415448027067,0.061241790122971,0.16632613641939625,-0.049919621480179505,-0.049053921173443704
25.3,-0.2001923608261989,0.210857915326437,-0.08853905783821814,0.19023817002738524,-0.03613173266392712,0.27452995319902557,-0.11577326236436915,0.24993728816874833,0.19414979280659642,0.4277709527810916,0.09489370601264026,0.11790208883692074,0.06625265461439182,0.16514474882115143,0.06655943564942618,0.21728190781900197,0.1093971330442287,0.14286320303278188,0.053879965960950904,0.06671960069440817,0.05356023067155651,0.12752662317546049,0.20754255914324504,0.12082657019152435,0.009235117498666734,0.07752728642208297,0.21721862764819166,0.25336729036151995,0.050384464516347684,0.16665255121639916,-0.05103743564754794,-0.05151216265827448
25.4,-0.20578833418665043,0.20717829615791386,-0.08809535009210646,0.18895582394020896,-0.0370757567094964,0.27349820585324824,-0.11498924382846976,0.24628578966492498,0.19242800014757583,0.424352762928748,0.09260682158874503,0.11755835981266045,0.0702006375484835,0.1642113151781582,0.0684654333202755,0.21479865868045053,0.1091508155939392,0.139040132380051,0.054007739689386505,0.06452609524282346,0.05705154857165771,0.12583889461963463,0.20511571142571905,0.11573832588048193,0.002784710298692913,0.07665518591829609,0.2225924516871679,0.25262155295910593,0.04954604565641574,0.16541423810246927,-0.05560548871631185,-0.053320015479727145
25.5,-0.2080618069009069,0.2053200866572923,-0.09288688909753232,0.18736138881442346,-0.03541357195452554,0.27205282087734833,-0.12228807115827704,0.24690620808646366,0.1904762947832617,0.4220474543239388,0.09133544520804834,0.11378626987056802,0.071264662011244,0.16121539409765487,0.07131213757325136,0.21328432211365214,0.10456327872918263,0.13709916049764376,0.05194858638152424,0.06344900527678038,0.05866427583493975,0.12260509743272133,0.20654974607371657,0.11633183173478918,-0.0035682167431667906,0.07404948565442654,0.2225507492622457,0.25295579428226544,0.047424980260796674,0.16494772747570544,-0.05640922086947439,-0.05348441690762545
25.6,-0.21120772216450048,0.20501471153549305,-0.09457389180448567,0.18537779582368952,-0.035807435968731635,0.2700010212791823,-0.12581965240554047,0.2416135622616852,0.18692004373231655,0.4196513831194462,0.08831994476090378,0.11195024708802369,0.07302205970499735,0.1613450541640681,0.06636721459485859,0.21074347593565446,0.10595133379941704,0.13682550471666322,0.04936951291994458,0.06151175529848852,0.052928995864917505,0.11998175658514239,0.20310975033383785,0.11664349481373616,-0.00675725003131113,0.07077025484564514,0.22410710851917917,0.2517639170146951,0.05172764138159051,0.1645702882544196,-0.05937836719284344,-0.0542524274923964
25.7,-0.2114723924730234,0.20453484803859098,-0.0979827467167382,0.17902546833590774,-0.03815008429603344,0.26959128466283405,-0.12672881554446216,0.23713203099304547,0.18576435439682637,0.41798281331024023,0.08608039580322226,0.11005628617090278,0.0739798112917474,0.15962058841067178,0.06591884916859345,0.20701133284742515,0.1058682589051956,0.1356589444118473,0.0485659472198693,0.06083338396192289,0.04907179074064405,0.11802297167479422,0.20282422053570764,0.11812162285614351,-0.00607446053843185,0.06921555086291804,0.2248806765672059,0.2520755240742452,0.04878346787689571,0.16399516539888553,-0.05639079517834066,-0.05553715895368031
25.8,-0.21465028823502214,0.20198865742724076,-0.10045404334243176,0.17964231130420139,-0.036275311982682655,0.26607883599983206,-0.13023980412744565,0.2360912596698124,0.1833363862652309,0.4143938445219722,0.08614204732564584,0.11052909309788865,0.07372915408347594,0.15849715985774157,0.06889736420253117,0.20745516862417657,0.1052305986722903,0.13612760625344622,0.04710037262617959,0.05980589661806599,0.0497144037320322,0.11655652075260306,0.19967958205087138,0.1168282496182624,-0.007558880335733083,0.0661178329703309,0.22457354346911257,0.2514131887608081,0.04853876619762199,0.16454845180998323,-0.05869007937553387,-0.05776791548991956
25.9,-0.22178308252662726,0.2010734889864898,-0.10276238203003052,0.1805272834159623,-0.03645408841855371,0.2638515970064195,-0.13142105002058427,0.235414286235089,0.1818428660463142,0.4119139640210006,0.08258363937811096,0.10930399259110098,0.07369772553174539,0.15779703330825184,0.07027335068778037,0.20641820884399648,0.10304953320710081,0.13523353123806992,0.04752893611565066,0.05755212606609041,0.05001424179555664,0.1149874359731586,0.1962935998000896,0.11484556370823369,-0.0091918364735822,0.06325285991126722,0.22642704908043634,0.25129221302179955,0.05337253213128387,0.16495412559755993,-0.05781721493503697,-0.05889049531624743
26.0,-0.2289457373760248,0.19884627208698294,-0.10163999032761756,0.1797599175363246,-0.036256990262223475,0.261142958317929,-0.12969570849460238,0.23492510521773674,0.17894694746180498,0.41033040387231046,0.08224499679757011,0.10548584885674189,0.07344914967451212,0.15421975548134875,0.07479339282963526,0.20522578525747556,0.10442283617591708,0.1359085827513781,0.04786731082946281,0.05773061851282036,0.04454200047812963,0.1118292308771584,0.19638427043953058,0.11187265471180233,-0.009332473022943395,0.06031747753092767,0.22486003735524246,0.25012638037078966,0.05257755336171898,0.1655068851982756,-0.05731123907343624,-0.0592235515920803
26.1,-0.23600462669022604,0.19939580528880899,-0.10348039433908376,0.17956063476392922,-0.042033029166775586,0.26036005361496956,-0.13095105340822574,0.23156045948840756,0.17767506264755836,0.40873566712011916,0.0784665534483532,0.10640842370075256,0.07879560445465397,0.152543947496419,0.07713887098319182,0.2033371277131375,0.10431064099684102,0.13560205504347184,0.05048237058834539,0.055720487680815875,0.0428407426252363,0.10914791145536573,0.19447053549842258,0.10835546714877506,-0.011397638330999929,0.05858272251359944,0.22063297322014716,0.24785069542590465,0.05446204536946065,0.165481028837145,-0.045516451087018545,-0.05871088991809331
26.2,-0.22613077556017525,0.19771310970661765,-0.10364586326982315,0.17987040198933443,-0.04543103734370176,0.25740240927195807,-0.13088534518181183,0.2324591550427941,0.17036106587052374,0.40887828998690423,0.07266682791575886,0.10814981109404107,0.07836689247379883,0.14863427757351583,0.08223032691364973,0.20277247435451792,0.10310572383536594,0.13545103405398373,0.04726961289245753,0.05450377416284788,0.03878114244223681,0.10576921864212716,0.1916933919787839,0.10668885572665376,-0.012094977068149895,0.056120313712870955,0.2219785894878004,0.24591189314922282,0.053959508691435405,0.1659347342110345,-0.0454109975005955,-0.06034966027688211
26.3,-0.24022368562525784,0.19489675171280227,-0.10267632958759727,0.18014923477769904,-0.05019888622614733,0.2557327838888735,-0.13810959297898584,0.23181647125926047,0.16722953928627954,0.40740986701711474,0.07030496548866116,0.10814314610670842,0.07647322893160445,0.14707987747400172,0.08478286031111315,0.20248356330184228,0.10401612144820344,0.13471874583397603,0.048298845894212836,0.05273213625348773,0.03381024447907956,0.10490849673794185,0.18989005192330408,0.108557963973665,-0.006729005759828518,0.05532611879496416,0.224654675257577,0.2419766563551879,0.05310666945235763,0.16770373091421406,-0.03950056517916709,-0.062023620761973604
26.4,-0.24546746097183328,0.19664492886697718,-0.10417195037628742,0.1808537027739963,-0.05253473368690389,0.2536284391351113,-0.13718489639922024,0.23215073071364767,0.16237657759513216,0.4054551206853033,0.06898097963731388,0.10932794565879005,0.07313812531015579,0.14600195783946665,0.08831180951858406,0.19762786733871623,0.10738316845662936,0.132519242741647,0.048536652749360865,0.05186623856346188,0.028000767287892792,0.10345807667723704,0.18931831365255017,0.1062768058704854,-0.00711005012814508,0.04980220226417232,0.22566003982757232,0.24147640206878418,0.04969765575406233,0.16939950425959843,-0.035815499260953045,-0.06373654264161306
26.5,-0.25099640580966376,0.18797986079999934,-0.10415587541184562,0.1814427781736514,-0.049747660976117,0.25042154764001384,-0.13866040139795388,0.23019120786459418,0.16405580886999788,0.40324572244728824,0.06252322115949867,0.10796787501802559,0.06470825856474947,0.145384344474635,0.08967204845394341,0.1947847655245304,0.10755434474095564,0.13264953812356564,0.04373510294630455,0.04989518715736169,0.02679563230745963,0.09881797687225823,0.18676385015719316,0.10345898780481264,-0.007269159946332591,0.048952816485550964,0.22654506542836436,0.2413016360352681,0.04824279616678453,0.16995971135801247,-0.03639916685827801,-0.06449432383953282
26.6,-0.25683124438776944,0.18747535432300558,-0.1022716188045958,0.18139658881489595,-0.0511653879377324,0.24752576461828688,-0.1405056204789283,0.22840593645410953,0.15833361519676728,0.40137219847188454,0.057426205805433714,0.10852410140880732,0.05816988783626831,0.14275822966213025,0.08774339777365381,0.19199427144464215,0.09825935028913749,0.12896619289745365,0.04353027392851804,0.04733549746886018,0.022954191212706608,0.09516470646430017,0.18065241386434303,0.1027478886224875,-0.00821035443790473,0.046080928652705765,0.22690875823563042,0.23798988606257665,0.046304258357923914,0.1718641934223382,-0.03296868467452011,-0.06580058139531085
26.7,-0.2618560377021059,0.18766641178384422,-0.1021670913934962,0.180942166241445,-0.055020372164668395,0.24896321030669685,-0.14288403900050592,0.22760588321125017,0.15087104547424604,0.3987206061009142,0.04863604863956916,0.10962176916775616,0.05725243332850976,0.1403725694175564,0.08527659744796447,0.18932469311039782,0.09312584370662391,0.1296494682885292,0.049683780411608106,0.04426035254368876,0.020373940820755037,0.09141702450759044,0.17885699868070373,0.10002957998357673,-0.012970617617124104,0.042380540217159104,0.2268746133986702,0.23591118665451852,0.04316648598336848,0.17234713564910314,-0.030364045696150286,-0.06701301134076267
26.8,-0.26490521332446115,0.1866098663377592,-0.10583367686442272,0.18157413577907086,-0.05581536720275164,0.24760051868747313,-0.14651476329419974,0.22467071328125565,0.1488096265505735,0.39744510009273215,0.04243975731512347,0.10951080606614329,0.05122706752144754,0.13926643516559672,0.0843396699005384,0.18765419895249547,0.08431277815728837,0.1261556552986497,0.049806833224553315,0.041290414195359726,0.016692949472551687,0.08860453483263356,0.17663711524858597,0.09807290969820771,-0.012641352383446438,0.04380916423580878,0.23018465395344165,0.23241420176103933,0.03984701023735494,0.17602213689782198,-0.029126003087349087,-0.06885527461863607
26.9,-0.2687931367274062,0.18477931548293428,-0.1013918359739212,0.18071404018574158,-0.059580997317327314,0.24648025640459173,-0.14609698312141084,0.2228192518600184,0.14335269787886418,0.3964556111968608,0.03579492655923408,0.10533863107852229,0.049521723400132334,0.1375137418906706,0.08008047483409027,0.1853310123476315,0.07914846413205884,0.12463125937775592,0.04823681652714743,0.03922223277565365,0.01923728168180552,0.08596114310526692,0.17491341544755779,0.09475409508799401,-0.011057748403070824,0.042247712606092024,0.226811606989807,0.22851319448935342,0.03450180139967486,0.17348187999601097,-0.025144733485146085,-0.07323680689027352
27.0,-0.273196229140389,0.186562174920823,-0.10172854638663827,0.17998416247067128,-0.06593881708197122,0.2445420327805068,-0.14522294717895967,0.219424906468633,0.13959484739474134,0.39457700353457587,0.030498214257170995,0.1028042553440752,0.04467581977434338,0.13465761100568568,0.07504560524127243,0.1829982388843991,0.07536857180597557,0.12251715337392366,0.04128347880180945,0.03624088242042817,0.017329757223766964,0.08466373280166622,0.17345555649541608,0.0922526824006165,-0.011019829135331272,0.042159425735219566,0.22509001674112233,0.2252684829582273,0.029558848631796378,0.17397050363052524,-0.022765486831877887,-0.0783494964200665
27.1,-0.2761943412845789,0.18536722194902427,-0.10186014157175743,0.18019530137246392,-0.06881246959778929,0.24119131247748493,-0.1443193969002827,0.21570613303829747,0.1444607450346926,0.39282577308618916,0.034884329857217136,0.1019151223978224,0.04353630658282054,0.13323913557138273,0.07080870669800673,0.18189470711840125,0.07251944338800444,0.1209018646381663,0.03723952096810311,0.03348775759880077,0.017729471397175383,0.08398693320545007,0.17223053157912385,0.0905439896501358,-0.00894571940283157,0.04073825646901722,0.22145575620086239,0.22325415907211055,0.025413400334731998,0.1735758541373641,-0.020137842892862176,-0.07663919599869774
27.2,-0.28039256627201486,0.18522190945123004,-0.10309925166517485,0.17952856169482723,-0.077414287321442,0.23971340649181216,-0.15158837408631173,0.21463410845743397,0.13764194602013927,0.39077146616278186,0.030119745563856253,0.09989088118179654,0.04060438316612245,0.13227470573679423,0.06785351663617706,0.18146839747621876,0.06645492316442267,0.11965583955447222,0.03405366692317065,0.03178390406754708,0.016542599807907902,0.08293989771242694,0.16990019989116326,0.086547523377616,-0.003300814861975758,0.04007560075330582,0.2197757572599529,0.22257337320244946,0.02473417939503418,0.17198525095508513,-0.01915361008295352,-0.07763084007208226
27.3,-0.285189236057642,0.18619650404037533,-0.10484680039839694,0.17930497172003088,-0.08291088418389814,0.23857997284299312,-0.15222971655250014,0.21225195437004354,0.13109106091271128,0.38880058583824884,0.025275099902137704,0.09869451655958209,0.03500504382775052,0.13148953469812302,0.062293602661644944,0.1808677381865327,0.063233856261637,0.11976652255910084,0.032391093447413685,0.028590385681598884,0.0206479278636168,0.08299930239800872,0.16845476723960748,0.08229165543593608,0.0014567571286814554,0.03932332919063979,0.22305021816601706,0.22043095318684153,0.017277229048146065,0.16979306620650447,-0.02057534492541997,-0.07660770565889641
27.4,-0.2902981017485584,0.18817510397778653,-0.1067232703042198,0.18027614973561099,-0.09223782918964653,0.23677072506291796,-0.15398089210203156,0.21115775283667665,0.12774809855621405,0.3833573994676444,0.02108777818383742,0.09679067109778555,0.03590761485546838,0.12854732208451983,0.060524098786671955,0.18032555829259686,0.06360249027027577,0.1182561764203501,0.03046292950090602,0.027285687987168062,0.019875340371634933,0.08128393653726995,0.1677601659206187,0.07836974959876869,0.006133750085259264,0.03940519954312268,0.21785648235155167,0.21648165442909778,0.011743274706396314,0.16692703720664745,-0.02685733701244981,-0.07766351929657285
27.5,-0.2931865658554332,0.18846966341589474,-0.11004828354699794,0.1812794282767971,-0.10089066381803562,0.23469212955379365,-0.1499976044801062,0.20973933849083728,0.12453756576236066,0.3829998135905988,0.015397625309888278,0.09372560182787985,0.03388585230869938,0.12687914607067496,0.06132071905720554,0.18149293315918263,0.059669738168169104,0.11687377442940565,0.026650918871588714,0.02594267729843504,0.016545051874738117,0.08108876729108741,0.16496380935545849,0.07524862526339349,0.009740718613440936,0.04042732677226031,0.214011139214438,0.2122741800412232,0.00919497231056946,0.16545504287047716,-0.029837690512668897,-0.0780868740284683
27.6,-0.2989911142751265,0.18957022109608238,-0.11397896927437165,0.1809443172304865,-0.10895615573931137,0.23157447766913042,-0.1537111105720879,0.20714446072398118,0.1236721738611836,0.3813375049707073,0.011073855853460155,0.09048826452442282,0.02934897246953803,0.12586324950468336,0.056286070511818956,0.18167625004220558,0.055459046804857345,0.11523357497877303,0.021443371466067476,0.023978625960784893,0.009423601038624729,0.08025230171687175,0.16351057564169147,0.07120439961683196,0.015058544595239738,0.03886578107579294,0.20456434094190765,0.21171717028206005,0.0020063277500385326,0.16373537770392288,-0.0319038026585347,-0.07781972944678654
27.7,-0.30297264313865824,0.19074136789023075,-0.11466881685196992,0.17903028569921564,-0.10651465540059347,0.2301871954200656,-0.15200268812498274,0.20491698551657428,0.1197959943383752,0.3786114266717626,0.00693936381007989,0.08808647020809937,0.026270226305659027,0.12365979709003497,0.05407171621976634,0.18152986257486073,0.050262160340407716,0.11202970730053026,0.019121795479756,0.020477554630682328,0.008366021689380637,0.07950454746940515,0.15985631599735217,0.07079104575848462,0.01585800907057662,0.038211940171360634,0.20038938032190778,0.2081922423557211,0.0015085603481782394,0.16163042029304475,-0.03527235314001653,-0.0790468051114798
27.8,-0.3054928530227393,0.19145418246054782,-0.1213588267086109,0.1762136841756925,-0.11383093775384716,0.2276647011039011,-0.1541670899623049,0.20074576710361974,0.12110125930485562,0.3781132908149607,0.003400079432245565,0.0858445860034811,0.027656474588322922,0.12227448239527566,0.048072046627871894,0.18172474236039776,0.044870114680375425,0.10708701666873607,0.01589176837960779,0.01846122999408223,0.003405665004477245,0.07861807341236023,0.15650020304492634,0.0684138105681476,0.016138432255583923,0.037041665571674376,0.1969717527005947,0.2038347011257435,-0.006613222475113571,0.16054566730816516,-0.039582268796062664,-0.07984377147332661
27.9,-0.3084402436391689,0.192592986136426,-0.12718751601333583,0.17604371696782822,-0.1205163239116884,0.22457473873102232,-0.15289365125868634,0.19902368226490716,0.11889546341586528,0.3778132313716964,0.00012318066334602155,0.0815702248170356,0.026596039424953765,0.12091616138410535,0.04591725778441693,0.18156533102679678,0.04680009456478077,0.10620199701612866,0.013346352438330602,0.02004498350158947,0.0014939284259636299,0.07731769715151958,0.14607278361733045,0.06422519537440162,0.019255131559009462,0.03931716792064672,0.19390484091759785,0.20615027951301115,-0.015853814699026813,0.15821825375643778,-0.040088034370908354,-0.08224234569604723
28.0,-0.309806381153362,0.1908545845815056,-0.13058818192653854,0.17452646394904087,-0.12715191499256853,0.2225471069754356,-0.1549693394416698,0.19454143933993925,0.12021209369439478,0.37652995729532573,-0.0016268819344201066,0.08021639409582651,0.026042699727716466,0.11857507483204682,0.05353021725382313,0.1798613290845585,0.046727401382169846,0.10443662321672322,0.015999757290653175,0.01947911695950035,-0.0020115122459833565,0.07515325620679898,0.14240637095982792,0.05912620598194596,0.012721614268277637,0.03699316842940154,0.19921506838590305,0.2046026510883146,-0.016717700343169155,0.15775810395042253,-0.04346859149046701,-0.0835100092257532
28.1,-0.3115245028787558,0.19018997622628617,-0.1365709704706613,0.1729873617962158,-0.12943568343394807,0.22086460942553776,-0.15737838277324367,0.19162116236190915,0.11824371113696198,0.37328782271290334,-0.0026354245820042884,0.07856111195885145,0.027540061086807944,0.11736508640993076,0.05108563596435551,0.17670598815803482,0.04305822744554052,0.10282409547404824,0.014041342597821542,0.020617552308408754,-0.006000236999577793,0.07509782205684698,0.14111000821721806,0.05335513275848522,0.011713103795749849,0.037759864041133163,0.1976358667028967,0.20248058270959482,-0.018636420349890326,0.15578973536539595,-0.05365879595133798,-0.08536078787531108
28.2,-0.31848922223872644,0.18901181437437836,-0.1394605253869701,0.17173465327785045,-0.13253624724317897,0.22116740431333617,-0.15612774321768041,0.18750292481849706,0.1150619263108588,0.3730852375394861,-0.002496297962387911,0.07608718855963785,0.026300538648625228,0.11535161392381288,0.050719724212540535,0.17495098190972494,0.03777801298126591,0.10100192817823787,0.011917199868938976,0.017747654936631708,-0.00819053312656941,0.07225196636207784,0.13815093178940185,0.05058188690863756,0.010287325420948809,0.0350964974869145,0.19613725687582267,0.2006395312322051,-0.022631237038254873,0.15459457436993612,-0.05318939063770415,-0.08630785523054577
28.3,-0.320792029931304,0.18718523691147257,-0.14263343485710236,0.1692713578149337,-0.13829139110501348,0.21865563223617349,-0.16039381016652807,0.1856495208157286,0.1101907456684533,0.37170478741019064,-0.003539253481778514,0.07345712288941722,0.02495010002232309,0.11439879176661302,0.05043100118282149,0.17355947312022516,0.037484989822223584,0.09830151250949888,0.00871722881320892,0.017587642229951007,-0.012109089125949567,0.07047620063151085,0.13533729300649555,0.04756760182989407,0.00822341166115749,0.03303656401796242,0.19289987334167302,0.19958821952415082,-0.017552029225755664,0.15197712594553303,-0.05284719598168158,-0.08619760488600488
28.4,-0.3202251239949237,0.188519646705801,-0.15021346801933774,0.1693690710986159,-0.13905864395827927,0.21705057565436803,-0.16143372877087372,0.18464173663061523,0.10820453372885944,0.37089963816340804,-0.0025452656277572894,0.0693890835462779,0.021425769637524645,0.1118246243436777,0.05010940304578323,0.17529066508489383,0.03868110459791547,0.09355917461832199,0.0069133812721247825,0.015939421230584203,-0.016835557142491075,0.06903201571482637,0.13598561248899962,0.0483369892093198,0.011189150192188739,0.03160489916326397,0.1893789707251456,0.19830816447450816,-0.01747732204717095,0.1495974986129247,-0.049059359144909005,-0.08609337230832255
28.5,-0.3272077894692744,0.18740573895531604,-0.15633691933773,0.16916887960851154,-0.1425597175474153,0.21517903761287055,-0.1649204473401965,0.18268897890836439,0.10658048895758739,0.3700898771496972,-0.001681466670951834,0.06881327723603878,0.02122092408496085,0.11259150472187607,0.04636365868936052,0.17022226922965977,0.03893066199868423,0.09565805599968505,0.0029260466599486,0.014019860357582799,-0.01704974829817433,0.06813995714371884,0.1360669260142438,0.04771671061160855,0.014638861755637497,0.03049940529757001,0.18704793598179748,0.1953179744650606,-0.018158098074174202,0.1479432352567582,-0.05134011946477045,-0.08696853127699503
28.6,-0.33032164296910715,0.1855896783043775,-0.15971551697874442,0.16718678640673248,-0.144234107932711,0.21256593620108777,-0.16758840392263688,0.1794111207723753,0.10606036243904049,0.3685510586726854,-0.002468504341092936,0.06690704898547156,0.014206455022309227,0.10595503388142008,0.04044643076130087,0.16913081080652068,0.03967343088886491,0.09436518380913395,0.0007348620630593211,0.01216581919852629,-0.0194465129545741,0.06888774371354198,0.1365100890018481,0.04700768481870293,0.012678064167429531,0.028886640362085235,0.18326272091780937,0.19503882523822877,-0.014483912735417229,0.1481286421306764,-0.044042463337498484,-0.08814136985241247
28.7,-0.3348824342995709,0.18260690798614418,-0.16084769879951585,0.17005029060492224,-0.14397489256729729,0.2095988239139172,-0.17246070568711033,0.18067808500795374,0.10455466911267572,0.36727029346824214,-0.0007695844058469853,0.06565276708523711,0.015744985108090935,0.1053637525458463,0.040180468684791165,0.16778011516197197,0.04243029013035018,0.09317058020780179,0.0003031277088306759,0.010569198292854094,-0.022515618111788364,0.06600929319142111,0.12826141427698431,0.044998961549120746,0.012757535602855979,0.027482768266803285,0.17938043938760045,0.19383567475006777,-0.011659269027405252,0.14765521777103968,-0.045838187092245145,-0.09033681829534382
28.8,-0.3410299692735447,0.180449062258528,-0.16331803142989307,0.17190835846520677,-0.14640177928138082,0.20905654027910314,-0.17316020941945184,0.17790136211475188,0.10317916861433447,0.36552789481307263,-0.0028465483403463054,0.06116570023765674,0.01575909203024452,0.10351364423802911,0.0401496914709081,0.16577744145889273,0.044369010557513015,0.09193065181148098,0.002798324435700919,0.0111861686747934,-0.02648253996339176,0.06375815998342634,0.12924974890840973,0.04398315405938914,0.011919789735407808,0.027165687972188685,0.17647473477052777,0.19157842098831424,-0.008954761701647065,0.14534947849877156,-0.04488949963482399,-0.09067006485084625
28.9,-0.3451216236743282,0.17758809052769892,-0.16338995773169487,0.17134318125410167,-0.14589533906904903,0.20719920042260476,-0.17313557112299097,0.17349211491374228,0.09955575668366601,0.3658613889625679,-0.0018288332297243196,0.05923244715527072,0.014944940392142135,0.10177097025012066,0.04139879767420519,0.1645319746837904,0.04640319031746258,0.08975705184214101,0.0017918211301795565,0.010386907670053337,-0.02958936196243356,0.06197950111970639,0.1300901814679859,0.04365417797247021,0.010450062531478062,0.02275184635705505,0.17276090039894862,0.18841015806232556,-0.009603075617738219,0.1434375494109141,-0.04644634818398856,-0.09099749999227841
29.0,-0.3457920075826577,0.17596746301471927,-0.1669942949082585,0.17221119634411025,-0.15051679097762227,0.20432927924879338,-0.17289405862169283,0.17040601211021933,0.09319673017290231,0.36481686430587673,-0.0017075146274486877,0.06172577725523797,0.012680177404480531,0.10182875271128672,0.041174089124919454,0.1638746248821691,0.049783728960319906,0.08774443182854165,0.002909793150641799,0.007972770374340903,-0.029230153814646373,0.05903611612918534,0.1285378003902849,0.04184262962411277,0.012180455998294672,0.021822693245137935,0.1736738048954649,0.1868956380495015,-0.009494243302573431,0.1418768811111939,-0.04496682839812301,-0.09175872025506572
29.1,-0.3489364373752803,0.1723009898555104,-0.1696405629734611,0.17278353182257758,-0.15209755270572575,0.20040750921519798,-0.1766857984969155,0.16997565270142612,0.09806659634579955,0.3640062738167274,-0.0021745569422663242,0.06151698397884429,0.004364413769202858,0.09951453661594974,0.04306035224292549,0.1623246737410943,0.04682789144801793,0.08673260492157851,0.00011537018088772311,0.0052829559026281465,-0.03228253845258039,0.05841238764093148,0.12997294380513297,0.0415709507449548,0.012681419133939283,0.01934087194809812,0.17742538588548654,0.1859061224986934,-0.011526499476156003,0.14161523907484627,-0.04564498238265875,-0.09385493077677219
29.2,-0.3597150353632695,0.17078171470809997,-0.1713941083716299,0.17261860438473572,-0.15052365747665866,0.1979110364620654,-0.1827021240471226,0.16733157281155744,0.10186161129080185,0.36164312185421343,4.605899540225627e-05,0.060092138068857555,0.003767186502034129,0.10063295139899273,0.038355072043861294,0.1600901320853002,0.05342260199755596,0.08393941951722901,0.0009772324819312564,0.0024660575751993437,-0.033666381187880595,0.05705112150198262,0.13300993357606702,0.03938356746903829,0.010339159428818702,0.016395255207802932,0.175083039720361,0.1831905473286228,-0.015380128635404744,0.13929839171615063,-0.04444758494306848,-0.09456152110890069
29.3,-0.3636531115780855,0.16925641629011137,-0.17839188540467565,0.17180320434473786,-0.14865518555703836,0.19582109419136867,-0.18049987088481562,0.16648003921065013,0.09966269404495322,0.3596629987130489,-0.0032360098514773597,0.05871322764882878,0.0026413546823629884,0.09971866193893116,0.03720924357560406,0.15594263542576192,0.051887642729160695,0.08165471476078034,0.0013963801512567862,0.00020616674967491124,-0.03423905367424644,0.052861571406370676,0.13338847221088052,0.03658072429560852,0.006496312685420565,0.01451176445312321,0.1726280181678065,0.18383060053746836,-0.015556900568403396,0.13838425719567035,-0.04575234810016172,-0.09536323741772561
29.4,-0.3694276644439803,0.1621294983510334,-0.17342535754040297,0.17206169120879308,-0.14902297877754783,0.19492561108182604,-0.183610818655805,0.16404593711275783,0.09895410495913529,0.35844907763218276,-0.007303328953414373,0.057054997491658904,0.0026360554368783213,0.10039359705224188,0.03467279365722987,0.15751531511057174,0.04672746071707868,0.0805895385342474,0.005338969287564627,-0.0026488479064913964,-0.033694340289537265,0.05189659803009301,0.13369307563289243,0.03465807165513843,0.0069860252513729805,0.01623248153287718,0.1751189752786292,0.18152786243495503,-0.017163322941263368,0.13646166159467613,-0.04968516447926422,-0.09528097153352873
29.5,-0.37334340593201465,0.16465770907295818,-0.1732394555025011,0.17084875686862075,-0.15104902272329515,0.19402478283897076,-0.1838261582803203,0.16273002677026152,0.09382781541472851,0.35705132207029117,-0.009065118121397323,0.0572300756317916,0.0025696166093524633,0.09820849693972425,0.03419037201894017,0.15792698520896836,0.04300919003356502,0.07969907573131728,0.00788531282144957,-0.005778216561859166,-0.03528102726484736,0.0531202307880403,0.13517996789677786,0.03221043104557796,0.005444582302336963,0.013337258573593963,0.17588815507468986,0.1800640358555481,-0.022976231915252904,0.13654600239804435,-0.049248742998452014,-0.09605212357137193
29.6,-0.37749258809476205,0.16198071174745998,-0.1726261645652432,0.17041042736279818,-0.15013589798260413,0.19351971216017178,-0.18728434306817493,0.16013633797615423,0.0925186910248229,0.3521509807477551,-0.009452985619465185,0.05494937030126627,0.000587569469518772,0.09644583868679053,0.03489752167389995,0.1561354841073794,0.038590330286382216,0.08051316516354383,0.00939196696151405,-0.006156194361890407,-0.03607092672776186,0.053665539221911356,0.13397500843046117,0.030034041085102124,0.00560674146879548,0.011055620942909598,0.17618862083243889,0.18020745840430358,-0.024912973192068682,0.1350384753264948,-0.053320076963469826,-0.09706086163291804
29.7,-0.3825761063836609,0.16194087970965207,-0.1730823252854626,0.17084866392067752,-0.1485712741690203,0.19051716899312343,-0.18834512190874445,0.15724922382625872,0.09191314187099231,0.3509323948384601,-0.009578328443017134,0.05471546193629006,0.0009538998110577714,0.09500577755186503,0.03277012260707602,0.15364544643851655,0.031554077399009,0.0776126414918911,0.0012267948430662852,-0.008245828339624733,-0.03157523562806564,0.05659250808381001,0.13228834860100463,0.029764340451916185,0.0020454802690088097,0.009135315736727588,0.17526614362974477,0.17843681358834088,-0.029610904559104485,0.1328178443526849,-0.054130354527598346,-0.09988116677578919
29.8,-0.3855464339375273,0.15943450375000118,-0.16957013612495717,0.16647903383581972,-0.14648055634920507,0.18802295306979114,-0.1883800199788772,0.15497075938450428,0.09076014934814691,0.3495932279225613,-0.01133122156731289,0.053217533572758075,0.0029819815283469928,0.09334967210926215,0.02985405726745897,0.1507515530045585,0.030309044181608125,0.07850849033064791,-0.0014254339174120433,-0.007814629022598881,-0.02961246595662296,0.0568311602203088,0.13121796376030584,0.027102691328839447,0.003480196297856408,0.007771888187797238,0.17414552626169277,0.1780590641153329,-0.034781892934893414,0.12731756370599598,-0.054488671735989085,-0.10324725167977632
29.9,-0.38673295910518624,0.15876780730055284,-0.17232710110794996,0.16385723039441258,-0.15370256918819128,0.18414528064286567,-0.18950368152166217,0.15183430900694006,0.09243752095294841,0.34786949456463706,-0.012126845770970321,0.0533949970553873,0.0022480550263902607,0.09316108097631733,0.03443264666724062,0.1492371684227471,0.025448925598757777,0.0790515339483983,-0.003413129902969039,-0.009394245181085977,-0.03354834484272796,0.05852730140607774,0.13317865586966082,0.025297569353295402,0.0047470720625900275,0.006151376782976747,0.16965215850414295,0.177177505077336,-0.03870769465146888,0.1298139471464626,-0.058428904802983926,-0.10260582592684092
30.0,-0.3904882990266126,0.1562472994037507,-0.16812735227602402,0.16541707459258256,-0.15740653155044315,0.17962059911855321,-0.18974746690412247,0.15031609442344723,0.09196280094015348,0.3464337597031879,-0.010854617182257218,0.0544393044342659,-0.0038149073175399594,0.090646013604987,0.030480542759757718,0.14723250319736966,0.02140474341036609,0.07798734722853116,-0.003274488272626317,-0.010696868195686741,-0.031375773735056046,0.061064082390115744,0.12824573323266358,0.02278740870428302,0.005806547580894648,0.0037943042769602716,0.1690221500384479,0.17770425594009742,-0.04194216512010836,0.12361368083421252,-0.06268177676130741,-0.10239251031811358
30.1,-0.393647375094186,0.1532747797432564,-0.16737982125917603,0.16775348338952778,-0.16379428315674355,0.17938274472219967,-0.19223898814815352,0.14856617828584717,0.0912297906327906,0.342479154467999,-0.009216243911508486,0.05123625711278628,-0.005667615810339628,0.08827243261906456,0.027893191022576404,0.1475423834550605,0.01883670937581777,0.0778895554476973,-0.00428610361492528,-0.012741674644848301,-0.03440484345368842,0.06150400812134785,0.12273763082116157,0.017122366483680398,0.007632535189077202,0.0019586142606181326,0.17070641589325264,0.18010240120574564,-0.04596605825251539,0.11995864530721805,-0.06711698995152846,-0.10450283546424563
30.2,-0.39686058753365133,0.15176515981323246,-0.1647453340058866,0.16773238928677228,-0.16436243879286944,0.17744655458415695,-0.19146518270179183,0.15085706256205816,0.08963752040187148,0.33858154515319433,-0.010498465994368605,0.04859616492676523,-0.0031075273533699896,0.08714090389504599,0.02261169340536954,0.14682332954096175,0.016987940327266252,0.07684471925226045,-0.005719249504676691,-0.014536101052019912,-0.03942410537343509,0.06252383043116011,0.1185378878725745,0.015701142480306716,0.0036037210955587495,-0.00013401958946084237,0.17240013068322388,0.17886173290631505,-0.05505354888827897,0.11740387939291211,-0.07016519331841317,-0.10481039440547849
30.3,-0.40325549600076016,0.14968586153275892,-0.1635386369696406,0.168446738226337,-0.17005118293516175,0.17462762253179623,-0.18947056353998729,0.1504080405881224,0.08972110510393236,0.3362720825441505,-0.013081925995845352,0.04501557491520287,0.0016164792965878561,0.08493197314013948,0.01902365300686203,0.14708059917419672,0.015675913588373256,0.07343538517241616,-0.007775109772470031,-0.015603695349834424,-0.04505313446318401,0.06210933857410242,0.1138636449851901,0.014150078840636775,0.002597014179708234,-0.0014229114562851787,0.16652307844606146,0.17653513814998786,-0.06022150070173497,0.1147120119770533,-0.07284874439158466,-0.10497904751706014
30.4,-0.40956575737672174,0.14842570750367898,-0.16292295096612586,0.16829927618458046,-0.17429339948690226,0.1721293023804325,-0.18694033745946523,0.1485309800524246,0.09076865164812048,0.33741476835745676,-0.012907023179413116,0.04274729296183595,0.004016547668901641,0.08452176030811442,0.013790003342259724,0.14537852097101217,0.01025647587169733,0.07236202917689934,-0.007843268769433176,-0.016399522088385826,-0.049451589859837934,0.061747639783873674,0.10899810778856464,0.012839556013423459,0.0036722577412412016,-0.0021558769868148782,0.16262235336172345,0.1750474603809727,-0.06271206128937062,0.11359260443591639,-0.07497721801708841,-0.1056290629322965
30.5,-0.41616281478682926,0.14763987661702566,-0.16656883191158317,0.16766792743264067,-0.17562862766580944,0.16964360988397204,-0.19176445469940084,0.14803252820874252,0.09244809157915626,0.33613862734988037,-0.008967467216828636,0.041353756152757465,0.006979711777316064,0.0834227058218495,0.005736017377322122,0.14403770997274634,0.0020954214635400346,0.07105864392255504,-0.009819282066520647,-0.018227019938014868,-0.04955535042617201,0.06175116254704882,0.10106474294954339,0.011916898423728419,0.0026533780933105607,-0.004189560593202131,0.15830344159760082,0.17372858532310137,-0.06836161721962007,0.11231424351579634,-0.07218875710788865,-0.10678372220865408
30.6,-0.4196833075880771,0.14781916168403056,-0.16544877912728387,0.16770489322367083,-0.17815927186450264,0.16756221921919073,-0.18948875096600284,0.14731155708102567,0.09419152366151112,0.3337031489834325,-0.006541624132445872,0.03915770128912998,0.008667887185959375,0.07833204205879754,0.0023635359148775348,0.14477592471076633,0.0034219930000869143,0.06997055193550797,-0.00929446066700439,-0.017963633263240925,-0.04804472510061299,0.06161505343103045,0.09377341072824603,0.011435668688192568,-0.005712418770161565,-0.005556238349265787,0.1593541118028702,0.1702843057406322,-0.07086626451829191,0.11136972005307944,-0.07354319575134106,-0.10746296651754089
30.7,-0.42164919977493065,0.14578291748243774,-0.1699738668526618,0.16791790012736238,-0.1781417197834721,0.16654165674096116,-0.19033021102449935,0.14455248922796968,0.09546652622826968,0.33306101260265897,-0.005897062680257483,0.03558803526994172,0.00957778574481114,0.07822257293872768,-0.000982411048010159,0.1449346361293074,0.004777211953149134,0.07114328669101942,-0.013851892726069803,-0.01726131097128554,-0.050149255365201595,0.06317927521201873,0.08689994919515803,0.007189597477227505,-0.007396029224314471,-0.007032886499256786,0.1618919869009937,0.16708450367971206,-0.07434982420322155,0.11051334006309453,-0.07587640946435523,-0.10941317999729384
30.8,-0.42400892318407435,0.14465931457167494,-0.17010234914342598,0.16974182468459126,-0.18091482731258215,0.16334929998754139,-0.18969689222812464,0.14388106436660963,0.09734362894058116,0.33060508284370205,-0.0033302051136936935,0.03443430142114992,0.010587949686829266,0.0767297323365229,-0.0011598402017317004,0.14331979587612553,0.0038402419780760094,0.07200421538377476,-0.016210814149263942,-0.020427904682948417,-0.049815955649804566,0.06403929694712632,0.0817834073576822,0.005742252026611625,-0.010651293655111258,-0.006900038546781266,0.15798300642536794,0.16409650696174058,-0.07990949851583172,0.10940578663050192,-0.07823372989284857,-0.11135242385855615
30.9,-0.4266208853748386,0.14294455480536056,-0.17111270949246773,0.1691828457454085,-0.1849745314400603,0.1617125095576773,-0.19216206789522863,0.14234050831738274,0.0992315902697212,0.32846504930859055,-0.001075981779442237,0.034365358515403094,0.01121476506433732,0.07556326394099958,-0.0038452783110919644,0.1419112536111541,0.0014140648450665402,0.0717728701997362,-0.014979909721181222,-0.021096804601971723,-0.05103503614191396,0.06373593714627268,0.07941976551021993,0.0039534931853631205,-0.016115825747773753,-0.009339765953941774,0.15659898302815842,0.1605321299322817,-0.07995246993152777,0.10921962339311901,-0.08418612700645293,-0.11241754428019617
31.0,-0.43062605170814544,0.1424616091352429,-0.174045398532827,0.17048986154664098,-0.18496218844901471,0.16060951117265587,-0.19328263224062917,0.14198820316601993,0.09569710515758119,0.32750294969801824,0.0006331506241048975,0.03348317191452457,0.011277427312038114,0.07482424623006716,-0.0031072643240629767,0.14191133563068614,0.0008217354699464136,0.07107859844491585,-0.01640678408294481,-0.02090290882276804,-0.0561527488531563,0.06378046656291733,0.07551512042713454,0.0013093071177950584,-0.01956823382135887,-0.009553469948692425,0.1545518021732445,0.1571193128165205,-0.0860085315734,0.10874250269033359,-0.08658585270955023,-0.11293023233252274
31.1,-0.4329686625874754,0.14080775824756964,-0.1741259094323485,0.1711548624666462,-0.19026275662936146,0.16156326323829576,-0.18995830018252108,0.14063912406830656,0.09491456900577937,0.3267181690790935,0.0018190368836153313,0.030296238055481893,0.008162621128387918,0.07310105425750292,-0.007476631035328793,0.14163575168509687,0.002095060620130673,0.07004648049278224,-0.02086848910597812,-0.02264002883520083,-0.05464315505901961,0.06227853406566503,0.07456141878425053,0.0005847632349539329,-0.02010546969531149,-0.012448772632484915,0.15091726413618894,0.15543663005940667,-0.09012863375571689,0.10954454369602735,-0.07730574350921078,-0.11359960468472807
31.2,-0.43144661659391,0.13951290041664421,-0.17606987673344557,0.17215431435918613,-0.1898643494968835,0.1584387070024846,-0.19643286327001488,0.14036395421692466,0.09613287410230356,0.32514143664719725,0.0052565686097684056,0.028312825005327696,0.005441637654311076,0.07198762684342827,-0.007059951143320293,0.1411259988594987,0.004717220626974042,0.06883026354239889,-0.01979359387996675,-0.021987912901441607,-0.05584225897787914,0.06259936606463674,0.07426261458880097,-9.101564624909762e-05,-0.02112056713619346,-0.014764867840911921,0.15244859733231697,0.15337713024403424,-0.09016083763872068,0.10832869703588935,-0.07687814862863172,-0.11411834669298547
31.3,-0.4411803706507947,0.1392449198340884,-0.17535625825281217,0.17426245249090466,-0.1894298435236604,0.1588217950043418,-0.19835291569465005,0.13749565780883619,0.0967196883258642,0.3240768625332182,0.0050027595415303204,0.02641112117907197,0.001975943310142893,0.07075989316532594,-0.013380730891724294,0.14148354748059724,0.004865733515135829,0.06890227989330899,-0.0259353327268671,-0.024555692835143975,-0.054807941858688,0.06254628577251903,0.0728671072733159,-0.0009266965293842803,-0.02277609007707006,-0.014360079485569227,0.1535865887519575,0.14996337614120295,-0.09046924189020153,0.10982902981470483,-0.07770537681271295,-0.11507454717431144
31.4,-0.4405622977139951,0.13654428357627346,-0.17987088501708884,0.17167941582688057,-0.18891561277898605,0.15768384336068458,-0.20275290833570836,0.13605370469272948,0.0957014927453161,0.3211807553170131,0.004813491262950446,0.02626366847613952,0.0028349088716068506,0.07012970932895385,-0.01946262820147902,0.13692549794948866,0.0033806116491395216,0.07356350509603884,-0.03331725811017053,-0.024641104526165695,-0.052095575683623205,0.06186747450644013,0.0688492583362409,-0.003537638238806236,-0.026920470003876446,-0.015609581549621096,0.15244823509453675,0.14666294478490924,-0.09329209755211,0.11074609053016876,-0.07938568426332705,-0.11510698359050492
31.5,-0.44181454584216023,0.13535128860771017,-0.17912767604533603,0.1708414295382864,-0.18860106657611642,0.15658663847865453,-0.20386326251882322,0.13317999202633837,0.09640744357897639,0.31923361939299627,0.004148166544587906,0.0235353887657288,-0.001488458302903084,0.06685433532468538,-0.025492471853032515,0.13803735635192965,0.007896376179885367,0.07162799402440224,-0.03813350941463552,-0.025025702141483988,-0.052505276330408024,0.059828951608063896,0.06404592329281479,-0.0052275738953071905,-0.031154209432070312,-0.017895322571037837,0.15218437222612632,0.14519190762175854,-0.09399872772964422,0.11171089964158863,-0.07543313090642198,-0.11701028097216064
31.6,-0.44269252948386467,0.13338691714551196,-0.18243115649192934,0.1705949465291037,-0.1855297759639698,0.156951452731981,-0.20835772262795624,0.13173054357815503,0.09324901497217336,0.3159671429714316,0.006532784860517239,0.02338269876851605,-0.0029085675443222877,0.06910891340383063,-0.02109991776067201,0.13657623098674446,0.009124294047064076,0.07083953100508479,-0.04157033696032709,-0.025843734924353084,-0.053196214743957866,0.05466620867718811,0.06198933728227239,-0.007704062636698524,-0.031326496187592576,-0.018961375637172165,0.15207642319213122,0.14438360533643313,-0.09790665586976219,0.11207592448133383,-0.07778810920918229,-0.11824268892815457
31.7,-0.4457366778791673,0.1335693467273506,-0.18846311939913904,0.17108798301765754,-0.18604168107515706,0.1561243223522111,-0.20859474592957403,0.12817430881335987,0.09241586088180327,0.31372825736252086,0.00594829610824769,0.020392793851736625,-0.007864280089608044,0.06788935435790733,-0.02353389695339824,0.13702378410545105,0.008241601338159854,0.06984554641713991,-0.04462589564798214,-0.02630858732221516,-0.05221463380088935,0.05229150083208353,0.06806625624521687,-0.00826731900342408,-0.034600216192530876,-0.020968283046529125,0.1528819791918566,0.14255509718003004,-0.09868578809348205,0.11133884035970179,-0.07485512561312527,-0.11798349723802831
31.8,-0.4456419926050072,0.1333372989977565,-0.19191803897512769,0.1694429311492578,-0.18546072136846517,0.15307666354280322,-0.20992866922861955,0.1254408827497584,0.0895352857525321,0.31415668181031753,0.004659602840534241,0.019399558347670064,-0.01149441578913146,0.06842455720079466,-0.026447668319032898,0.1359616445885886,0.0074520099102047994,0.06830786386266599,-0.050678813988894574,-0.028797253772961006,-0.05243954680122028,0.04959327559401538,0.06812790230214946,-0.010950145039066024,-0.03606531275077953,-0.023299685864370163,0.15558526043283757,0.1408162673962216,-0.10046780436938266,0.11193800246834922,-0.0760475375077231,-0.11758312182190579
31.9,-0.4484803773516378,0.13360729789302336,-0.194953925555665,0.1692287094984758,-0.18854724689839175,0.14751537696008593,-0.21381480118938528,0.12387379732765066,0.08952445152689567,0.31299674963202606,0.0025095434129284427,0.015898694348042187,-0.016073924633874068,0.06716462207862832,-0.030944860327800645,0.13536075486522475,0.007337962392839616,0.06729235060956665,-0.054400190009715896,-0.03125491398542447,-0.05370022314182103,0.047401701558467464,0.06850884341918231,-0.014795864545399693,-0.03600448637229285,-0.02241954304566644,0.15868144303404372,0.1419162590682551,-0.10724826345193385,0.1112923648978518,-0.07595645086123365,-0.1146417142754508
32.0,-0.45526293096203185,0.1344992856044485,-0.19840509114336574,0.16937024989936214,-0.18786029891450812,0.14594312194791464,-0.21682020829271023,0.12054723522582068,0.09528072094415609,0.31145038764986893,-0.0014063331560712482,0.013496576415498196,-0.017624426566660335,0.06646944587134042,-0.03512572811993406,0.1356657465443003,0.0071607723568594805,0.06819117295723098,-0.05910560596208677,-0.033255258919162964,-0.053140805612680406,0.046560322273677825,0.0729426859357556,-0.017620954300157813,-0.0366148301017782,-0.02389220785126367,0.15635227945350647,0.14102809336541727,-0.10601977902066617,0.11204834717768833,-0.07696820654917504,-0.11948488563588118
32.1,-0.4567837497496079,0.13362646356021782,-0.204263113158242,0.16727122101605965,-0.19039875106230716,0.14531943464441682,-0.21657067154232693,0.11858333126931041,0.0887323779704939,0.3097287172440542,-0.00455666191242144,0.011491534260414061,-0.018149809234951648,0.06788210407738746,-0.03905031905827383,0.13522439243134532,0.01807205980215802,0.0667987091002371,-0.06200958959827864,-0.03396531994453887,-0.05237707192854184,0.04417826544575978,0.07579162981147082,-0.020982559764470356,-0.040996772764818515,-0.023173585484372393,0.15695067382418226,0.14179558801515588,-0.10345721033783489,0.11128451994693579,-0.07933652664865276,-0.11942318885040679
32.2,-0.4604444087221014,0.13238204337240825,-0.20937714432900995,0.16574972018707848,-0.19021741964391348,0.14586550933151302,-0.21627230114863144,0.11845843863194626,0.08470396495169183,0.30871729199007003,-0.012368547559401625,0.008643468750591875,-0.021683114613560536,0.06745582641887099,-0.04078129265314346,0.13461957829069834,0.009027302638210574,0.06811733831853199,-0.06294035612495538,-0.0343877238528442,-0.054738610663100026,0.04240822297491835,0.07618993131623585,-0.02220783359510252,-0.0392720311169585,-0.022410998041674162,0.15673072864365073,0.14467352442214107,-0.0999359124135607,0.11069206098474262,-0.07915785451125953,-0.12039025444164693
32.3,-0.4636662724398728,0.13097327208496906,-0.20651647411942073,0.16414284576342664,-0.1892222371222269,0.14557845542006317,-0.2207135837218106,0.11648057138353869,0.08726417590939466,0.3073565618061447,-0.010610717946428714,0.005410440840280285,-0.024758463908385864,0.06803425744445377,-0.04213477751538093,0.13353012703735515,0.005003542114438319,0.06737721567523579,-0.06657867273329415,-0.035213967880553414,-0.05813990579542728,0.042582388487725574,0.0760683201022976,-0.027536894532111514,-0.04044399098152467,-0.025754748952059,0.1571062790999768,0.144295051935386,-0.10067443465919967,0.11205117646205068,-0.08215611394230928,-0.12178203184652546
32.4,-0.46806053595703384,0.13183227200347297,-0.2144983856664374,0.16316635130161314,-0.1897165282089508,0.14582850479429788,-0.22181052426824344,0.11242061051836576,0.08741882350521948,0.30546902039353396,-0.01003209392937722,0.004504345017446589,-0.02681719507921991,0.06618004899321156,-0.04588104485485157,0.13398948243368092,0.0004079571449087445,0.06735808195783843,-0.07087338735997306,-0.035373219520488414,-0.056824654967023706,0.04100824441840031,0.07360977179808068,-0.02891574728162759,-0.044040408806061505,-0.026750209977044043,0.15874784895822736,0.14828492830372528,-0.10256898268636717,0.11429988448400699,-0.08506507832352117,-0.12439303316314834
32.5,-0.4712570821889428,0.13077523475630656,-0.21745655526402374,0.15627719592862396,-0.19144828660342808,0.14508512813190755,-0.2172362885095993,0.10952654132665475,0.08348126600615145,0.3039557144052607,-0.010928114389080893,0.003077605258965367,-0.030282903459007894,0.06580178179801484,-0.04728613986407039,0.13200593603546024,-0.007272032764121,0.06657810564570554,-0.07503842431507475,-0.03602269615376516,-0.058702502994252344,0.03994434039214406,0.07270389288117089,-0.030414109206163838,-0.04549692868433087,-0.028436928569132894,0.15529152691443768,0.145755144319602,-0.100908944370462,0.11313599532899246,-0.08820322269078895,-0.126143649441602
32.6,-0.47375296197474814,0.133228049534235,-0.22191462903867712,0.15429893360912136,-0.1939633852532157,0.142002023224132,-0.217600658189181,0.108300779199405,0.08214883219435948,0.30688285986712255,-0.012299615836393782,0.002977769769283183,-0.03187754290780209,0.06687634138528827,-0.0475246757759154,0.13149186045876612,-0.014019642496621723,0.06671781288013252,-0.07894368566554627,-0.0369486661819115,-0.05900959495402829,0.03888024478338906,0.07304853485129409,-0.0321992204024153,-0.047839840437279825,-0.03044959911703766,0.15090368259058165,0.14472797132675033,-0.1044587547126712,0.11240187208424392,-0.0914109911289402,-0.12817560236772937
32.7,-0.47623995993218926,0.13249938731137403,-0.2255769391924098,0.15141849888606043,-0.19956965871750837,0.141200244782548,-0.2206775787281981,0.10569938378684225,0.0815458598100964,0.306410804607094,-0.012334186873006433,0.0014623843358055582,-0.035541668440499774,0.06713772408298803,-0.051437364012032236,0.12927058675213035,-0.0185584385147865,0.06614734387381234,-0.07954072873740406,-0.03655142104207716,-0.0641867399053657,0.0367637635790323,0.07450497083380028,-0.03491101673902545,-0.04918720074210701,-0.03140981461686047,0.1503314903640594,0.1446370677189517,-0.10346611519803435,0.1100317861464589,-0.09326811041612101,-0.1299120323717973
32.8,-0.4781822204162374,0.13153796300435716,-0.2292416266249023,0.15274867865144262,-0.20892977593504258,0.13961244352973456,-0.22272281046322953,0.10395234238586004,0.07934961005803084,0.3051132176199865,-0.015737075295723508,0.0005244688768856899,-0.03996951465410675,0.06575948962470311,-0.05103967463736754,0.1280585810446642,-0.02727772564130297,0.06545478734554146,-0.08165631844555771,-0.03778288499107735,-0.06685405662089888,0.03350809967214526,0.07155201383941616,-0.0353416498671493,-0.051698463961122744,-0.03422661517271697,0.14966754943521005,0.1433348758064627,-0.10339695139569134,0.1093263674235499,-0.10060360099741714,-0.1314382785133425
32.9,-0.4818723786227049,0.12977952479464697,-0.2294281276166662,0.15634755949733883,-0.2102965178739953,0.13842096827641304,-0.2230399740722063,0.10338026578429269,0.07685993060645814,0.30386020808485803,-0.014294293803524333,-0.0012040038970022801,-0.04590947670210372,0.0634345082913565,-0.06137178655009823,0.1258878513525182,-0.033230456106348595,0.06238545842482456,-0.08121350104618336,-0.04038098298023863,-0.06978686060417166,0.029578471479836166,0.06573842767046974,-0.036743297886366134,-0.05775935368422845,-0.03608783405910228,0.15261602214625555,0.14455643643378985,-0.10242782120052579,0.10473856772035255,-0.10205417255957157,-0.1325929922172519
33.0,-0.4853344644050824,0.1307144162064026,-0.23253527083540176,0.1562954775686416,-0.21600917519355323,0.13956784433382996,-0.22400827389068242,0.10152616230676184,0.07596030872055885,0.30194482452397653,-0.01822628446868677,-0.005354924091323077,-0.042012120897688174,0.06238972871254058,-0.0652533538431774,0.12525980439195744,-0.03691140201778248,0.061346841492213845,-0.08225335864809064,-0.04209600494036131,-0.07545201057633266,0.029658836102734076,0.06207418222985806,-0.03773925491366149,-0.06195624156371085,-0.03682658449936986,0.15274477112074727,0.14355051869259947,-0.1026793715192518,0.1063637260080893,-0.1009517275178578,-0.13456790081284306
33.1,-0.4916360448955275,0.13214983100539693,-0.2298791882374778,0.15543378190012158,-0.22093613843310028,0.13746528534793062,-0.22015689410086658,0.1010891219887989,0.07122341740097025,0.3018247540480346,-0.019199611279932444,-0.006163034437395887,-0.04186323022435646,0.06203669488226882,-0.06732616796634787,0.12283169936129375,-0.04424844193099985,0.059403643625672596,-0.08493740970226248,-0.04332804776436505,-0.07790662041411177,0.029501524182396197,0.058619378660067924,-0.034758661392680315,-0.06548572238537508,-0.03860270075085573,0.1508634189756672,0.13984005814787584,-0.10215336493667561,0.1064798163408829,-0.09828687393581512,-0.13398577211192933
33.2,-0.501170998713612,0.1316390984048379,-0.23294898589961457,0.15722875080784796,-0.22636386589958787,0.13659241563866711,-0.21706053884843243,0.09797873207850712,0.07248234947268853,0.30163143414642424,-0.016625981694801752,-0.008087815945285702,-0.04273942463953082,0.06074734644838482,-0.0688059416309513,0.121933313358669,-0.04721356771301135,0.057144984015270336,-0.084537507542121,-0.04489363603027151,-0.07921213358736098,0.02880847712651996,0.05759362193354362,-0.03538594952298113,-0.06441569994465254,-0.03840970434218259,0.1509123065221237,0.13874926246287722,-0.10911868545457205,0.1057937200762573,-0.09726985714445685,-0.13436721989249037
33.3,-0.5072585705137485,0.13216890947109572,-0.23656489081915966,0.1587664351912502,-0.2264489151596312,0.13434765302828455,-0.21473338553310303,0.09520539784513424,0.07019597310208364,0.29997350557275937,-0.009254001413303932,-0.009739295096785873,-0.043540140666994714,0.05910204239222102,-0.06992350684641474,0.12002683253535969,-0.05482789142422066,0.05879708540995446,-0.08553313152275863,-0.047937860508575,-0.08210757327035387,0.02837136641062249,0.05353152567993341,-0.034665701196765375,-0.0661685444835164,-0.0386984251637343,0.14709233255733792,0.13580615859670148,-0.10827247714360431,0.10448247100594009,-0.09427383920835201,-0.1357619915691286
33.4,-0.510316851794977,0.1333292173812588,-0.2397314463116601,0.15930377050245745,-0.22778620294480553,0.13359251789223722,-0.21356251091696427,0.09238542136180992,0.06673479061251804,0.2977321053906323,-0.007463574937737,-0.010401493487843581,-0.04694044976053661,0.05594072338206728,-0.07147103754015698,0.12034134138160324,-0.06120183019094204,0.056051202803498866,-0.08937696862090103,-0.051791678979920396,-0.08233217575072779,0.02993672513022008,0.0509533435305436,-0.03387171761152513,-0.07247305296485254,-0.03954415427904861,0.145195951805242,0.13389383234915803,-0.10897557760489328,0.10260611593982515,-0.09300053541063025,-0.13697043164537198
33.5,-0.5097103658587183,0.13488654534662928,-0.23974016339520904,0.15974882758560383,-0.22944929874324094,0.13131983864426897,-0.21150562017150779,0.08898411778443284,0.0645355131936702,0.29745468856534146,-0.00848172872320249,-0.01347688497513098,-0.04986917477262255,0.0524377462556009,-0.07132936524382161,0.12040198141907214,-0.059320629509912924,0.05417934938137724,-0.08829015921639716,-0.05403449470740319,-0.09129823169794898,0.030665805083694684,0.047083296423027776,-0.03391542881870395,-0.07870182580606319,-0.040344452102684926,0.14362854031834715,0.13136893442605113,-0.1112848293170651,0.10204701159486651,-0.09627866227373545,-0.13692621072151712
33.6,-0.5132833506988953,0.13559496770044352,-0.24343233151932153,0.15889765721889124,-0.23211424635778316,0.12986847676451063,-0.2098985215709971,0.08894485127293555,0.06287252022493761,0.2952942885135423,-0.009352035994105008,-0.015234764544332742,-0.05125515484212767,0.0543826791293416,-0.0732574295105762,0.1205506479568887,-0.05787031520545142,0.05179458475509553,-0.0876528870490575,-0.05708209796254904,-0.09562901649658272,0.030938511836031517,0.04684808342930348,-0.036048278123574015,-0.08071383364490305,-0.039052644984021154,0.13802768333868495,0.12912526019736023,-0.10903536875440323,0.10091056207712806,-0.09632367432648792,-0.13744707066263023
33.7,-0.5155104251044768,0.1367401536587538,-0.24602974302780584,0.15999117165098606,-0.2371264598517127,0.1224298801102776,-0.20849178178432123,0.08707916802497835,0.06394022362557002,0.2942135045063165,-0.009663950728729968,-0.01517879383197237,-0.052337622752173824,0.05339216734773367,-0.08054507672418885,0.11969657097149929,-0.05859057588347138,0.04724479867773076,-0.08721579350864608,-0.06063103092297849,-0.1013001440141264,0.031514878071544745,0.04757971972783075,-0.036788545188984785,-0.0838481999390611,-0.04199129495590922,0.1366745652913737,0.12702431354724514,-0.1117286787066449,0.0994076028217787,-0.09549296865456743,-0.1400186043046081
33.8,-0.520343223770582,0.13713652813613578,-0.24873922853691674,0.15953681122722885,-0.24029176187791565,0.12058450382706995,-0.20794972525668307,0.08594310922616294,0.06133835325321042,0.29183847593492374,-0.006022177947168702,-0.016405534586022456,-0.05383008625757732,0.052517808512618856,-0.07965993808564291,0.11709433343905543,-0.062384589775357165,0.045455018481400676,-0.08378998817764112,-0.06063823923523836,-0.10485841375159978,0.02929395439435415,0.04506136363613897,-0.03811249800213909,-0.08601325608285555,-0.042556834181923534,0.1379991756682017,0.12585550221552488,-0.11215220454088881,0.09895878936825,-0.09524584139558864,-0.14054165098918223
33.9,-0.522511617071763,0.13526810741263062,-0.25121343532996077,0.15936510818576036,-0.2382183084471568,0.118949908562769,-0.2046448385705877,0.08403989003909541,0.05915288853761978,0.28967755890605484,-0.005924849027189639,-0.018017622888027395,-0.053666258623130715,0.05113471741422609,-0.0766392830502382,0.11371669145802961,-0.064389373816378,0.045087037709087736,-0.08737330026503459,-0.06223750943784103,-0.11125625913810447,0.027954030752591962,0.0426539344824555,-0.038829984586766654,-0.08644983533572796,-0.04197857755255819,0.13797446830970483,0.12407434745172086,-0.112251190911112,0.09895573544181617,-0.09645002342290762,-0.14175111220577752
34.0,-0.5231266336433829,0.13420071116065718,-0.2520958188605523,0.15899997987608924,-0.2402082010366916,0.11711882686714599,-0.21195146866952627,0.0814179816307507,0.0607953811238847,0.286924562903074,-0.0041793798722289995,-0.02224543478827022,-0.05793127554712028,0.04987936287124427,-0.07638422451396326,0.11171599466840128,-0.06761837807018588,0.041172990347874146,-0.08663835487418142,-0.06474196864223479,-0.10851682614958093,0.026919633193500908,0.04063321429902252,-0.039917578484380066,-0.08648680839757907,-0.04102254639386705,0.13825823922071426,0.12314126332596008,-0.113007124293301,0.09895956346328753,-0.09319236004138805,-0.14168437174405096
34.1,-0.5265981323044938,0.1343153699619069,-0.2538899521292268,0.1597133707055908,-0.24269469801439095,0.11334630885422116,-0.2148496594915627,0.07877982174813536,0.06141473422753638,0.28679604998114167,-0.005295271960430524,-0.023222084053059852,-0.060091657347051075,0.04709909941555623,-0.07417581830657448,0.11033331023221894,-0.07032996680264868,0.04041994879001821,-0.08857964690638448,-0.06489906487660511,-0.11291812261236489,0.02450684180218275,0.034194492716701136,-0.0413341407208044,-0.08891826286570788,-0.039826648331265306,0.1430829233357432,0.12215381930741898,-0.11290219109350223,0.09701365321477218,-0.09641316504136693,-0.14090271773452606
34.2,-0.5337688072450945,0.13506924248261667,-0.25431782505240397,0.15800803427790605,-0.2462769666458651,0.11305639248932636,-0.21160818615899812,0.07676759117998297,0.05846057955044305,0.28485083183522697,-0.007499561649540884,-0.024193882056145623,-0.05883809225799513,0.045457089666841914,-0.07415602716353945,0.1078917947427545,-0.07051927953259282,0.03949467718895184,-0.09001435724240922,-0.0669516295245164,-0.11485829318780977,0.023757120752303386,0.028529002091445946,-0.04204628242952399,-0.0911373615806034,-0.03849659211676452,0.1421705199348229,0.12114789000559527,-0.1127296443931109,0.09700577929679272,-0.09603754432841843,-0.14143513878309388
34.3,-0.5368082006452054,0.13431175167561224,-0.26199771100253766,0.15658977912785768,-0.24563424444506396,0.10832675485699103,-0.21027186452145555,0.07481211041604123,0.0565212078805105,0.2816447229069436,-0.008155766134558928,-0.025614492811670886,-0.06036035081202054,0.043952342788735055,-0.0706176440150231,0.10489861588059411,-0.06979800792178771,0.0364879551989985,-0.0927475923502366,-0.06831168052913883,-0.11942103033759553,0.021507557366541277,0.023710220737591117,-0.04535543906653996,-0.09089783828220128,-0.039780656694337065,0.14276765098386207,0.12035995062425948,-0.11784320997376418,0.09409332790787586,-0.09562798081038827,-0.14277808812595855
34.4,-0.5364436953646011,0.1344259474531774,-0.26452219240894065,0.15846677687035016,-0.24700024723357822,0.10520090238517235,-0.21037862370603683,0.07131404521412132,0.054607809557934955,0.2795003351563954,-0.009285230928684612,-0.02909515346662782,-0.06313666092602334,0.04216547692419186,-0.07119014290273021,0.1045940912330399,-0.0699073081458266,0.03337499666614286,-0.09507780690692463,-0.07104070389038183,-0.12316530677059703,0.02038400458196189,0.02142454699319798,-0.04667671862323841,-0.0947936419618346,-0.04037122945905256,0.14593978925310716,0.12010432367347115,-0.12080820730682527,0.09198327172710269,-0.09505717315346483,-0.1448646352509046
34.5,-0.5397928814141326,0.13218988023408693,-0.2689953485856236,0.15831303612898415,-0.2473440070252072,0.10256694916976657,-0.213988460717964,0.06781126437117681,0.05159384013181067,0.27732361252904386,-0.015980777742981553,-0.030122231109769557,-0.06629809093543858,0.04024802121462671,-0.06907732517220441,0.10530702671583986,-0.07217736542638173,0.03044767933300074,-0.09408889025181237,-0.07177220030297157,-0.12712434214576238,0.01918993801833366,0.01799318164438212,-0.0501890276204684,-0.09135327149765651,-0.03883530705051063,0.1466415281212797,0.12121879248723005,-0.12491550036732854,0.09108955161865237,-0.09699527099248832,-0.1470176895814791
34.6,-0.5441625509941571,0.13339732549751443,-0.27203574420267185,0.15827069961093462,-0.25373598301400185,0.09810967130819803,-0.2127841276758513,0.06473338768642288,0.0512380880838716,0.2767847551882103,-0.024213258179910255,-0.034255496455869075,-0.06785760623473039,0.039093076366918625,-0.07029395316187143,0.10136518296343229,-0.07527094310583723,0.028572477466022577,-0.09547966879405347,-0.07172563143368833,-0.13114573586400355,0.017199592472985744,0.014204966364644646,-0.053211807022415215,-0.0898923837742549,-0.038285637233384406,0.14951095330649777,0.12108945356708108,-0.12592779358189443,0.08891981671674284,-0.09808204342659756,-0.14762282386360864
34.7,-0.5463003330660408,0.13261090242193674,-0.275088318217848,0.15982360479863603,-0.25566869864839514,0.09437639116846261,-0.21150228173457478,0.06160433217406447,0.05246384136714149,0.27573295281933247,-0.026102487217703172,-0.03754183900385063,-0.06795384694942282,0.03836522183831464,-0.07477834470069604,0.10061629900275222,-0.07215980711022725,0.026832735955240727,-0.09623144985641054,-0.07233883072971074,-0.13343017595395693,0.015385149925729463,0.011178029539135634,-0.05694150135062326,-0.08726074985534507,-0.037007053582535906,0.1511819919908303,0.12390992033866949,-0.12992723348942195,0.08724661200127874,-0.10036857499047458,-0.14910249807298018
34.8,-0.550423600449642,0.13534471330560294,-0.2739699345850771,0.15963617483647166,-0.25970142084989056,0.09107050221105467,-0.2101940604675613,0.06000748412057613,0.05789380047066018,0.27384452688279903,-0.025141459518330286,-0.041704936822683995,-0.07074401302539135,0.03798614694434506,-0.07633794951803147,0.10214349894170238,-0.07090360197790622,0.027253189823825793,-0.09758102626091991,-0.0741578833041553,-0.13392294877007005,0.014468298230805466,0.007308459338125102,-0.06000303869126183,-0.08717015937678202,-0.03792119977767527,0.15208463098789785,0.12097528544923428,-0.1310204115605957,0.08490462913887058,-0.10486198984665936,-0.15394378825645397
34.9,-0.5549878242855817,0.13370277524410465,-0.27810929940885465,0.15898980288351844,-0.26410487184480674,0.09275659821127774,-0.207186135721555,0.05716077058617414,0.056807738554242725,0.2719629011952657,-0.024730666273836136,-0.043437477690850684,-0.07484896137249149,0.03836478943134156,-0.07978615540165732,0.10314948203885577,-0.06750065663880318,0.029235075214754255,-0.09903200123032385,-0.07477219870029396,-0.1358187495091949,0.008477162482070127,0.008750783598196393,-0.06364374226069876,-0.08862373047114543,-0.03733096371075949,0.14802933334270377,0.1219819451595461,-0.12565833039305135,0.08335030848258339,-0.10793482768526837,-0.16202291228613222
35.0,-0.5571564988037689,0.13422075034433542,-0.2809892143436804,0.15619103963166295,-0.2674870023520161,0.09153271477725478,-0.20901014504675297,0.056695127627839396,0.05258819476123887,0.2706488969121828,-0.025607843421571564,-0.045628819609655175,-0.0762411617276272,0.035453172328396156,-0.08429377740380056,0.10322879019599017,-0.06273670180811838,0.027985718402269773,-0.09974047202632623,-0.07453214987898048,-0.13727939526187857,0.006318975562232299,0.0065432455372863635,-0.0663050614267621,-0.09034256899224662,-0.037642529994240004,0.14546698771287037,0.12469463048740567,-0.12850730004815064,0.0803128701648871,-0.10981849402515424,-0.16046215214485757
35.1,-0.5624925426523006,0.13444420405268276,-0.2823590645247943,0.1516083977546817,-0.2685110505391243,0.09018612053831744,-0.20938416168224644,0.053551725640522685,0.051417897996744906,0.2680440196491197,-0.025641076405374472,-0.0481271938216562,-0.08133659420763381,0.0342614569729141,-0.08556784571117995,0.10210214626289885,-0.07162853346031223,0.025773393006825737,-0.09879553726297172,-0.07462528352616657,-0.13728989502902156,0.005083482130791179,-0.0017925688685575835,-0.0678722328310799,-0.0889569948517531,-0.03947036981282074,0.1403568195801818,0.12478209876947909,-0.13039748068484966,0.07834290897618057,-0.11230305116933684,-0.1622215526305231
35.2,-0.5658546815473421,0.13368953340797846,-0.2852828568816932,0.15227995970663744,-0.2714193914336824,0.08831425980386949,-0.21114463712682274,0.05431753317953329,0.04685911400938634,0.2647247926900832,-0.019741378538690714,-0.049284685757990734,-0.08334159415936357,0.033631298822824104,-0.08735000781417622,0.10181284844833338,-0.07300767068230768,0.026026069306359097,-0.10375228761640838,-0.07154188692125955,-0.13905500928237305,0.0030407233836380874,-0.007167548903033575,-0.07241758455885257,-0.09046688574935234,-0.041144848559747794,0.14064204921784065,0.12406287457312268,-0.13655298959496054,0.07726493618982763,-0.11117616933268563,-0.16288657300264858
35.3,-0.5683181576318546,0.13301128393448688,-0.292770571801859,0.15214389107541493,-0.27466264409521535,0.0893553712547073,-0.2118362002568842,0.05200735044125571,0.040797560272505154,0.26296608549243483,-0.018826366114365573,-0.04793562965171256,-0.08337452671494294,0.03304812123942547,-0.09115943157915458,0.10418827459713019,-0.07254210934949311,0.026508114874262,-0.1055920160608508,-0.07200053143798729,-0.13989078072735944,-0.00025514725314880997,-0.006896485120860454,-0.07277279735738214,-0.09391227583796649,-0.039836393202266236,0.13913218918897616,0.12553680722332483,-0.13747293124132365,0.0744278679536986,-0.11399860816626736,-0.16239496556190874
35.4,-0.573363905101635,0.13079363628144625,-0.29495884225115904,0.14987750310376072,-0.27945169522479146,0.08364239616882639,-0.21275869369205308,0.052364356009508325,0.036438151326048766,0.2615149351587181,-0.021405412292257415,-0.049390082293875745,-0.0865287041537374,0.03329999504980925,-0.09090628971840885,0.10439044198461427,-0.07785868081805772,0.02508398552992109,-0.10431511500768828,-0.07264638577600371,-0.1439057784308794,-0.0022240516611097,-0.006712264660504376,-0.07750941193915889,-0.0957498316564095,-0.04088601254537491,0.13309630433821157,0.12044881927609938,-0.13991647230334509,0.06848681098186195,-0.11751456849239168,-0.16307812746911143
35.5,-0.575559902492139,0.13099162193723904,-0.3008875346557267,0.15409175709180895,-0.2828549400495789,0.08143558632160648,-0.22153665939683123,0.05180387825341224,0.03566158216890719,0.2596004034042638,-0.022084868799792122,-0.051343208615177716,-0.08562992205447134,0.0321819185327026,-0.09392316972895916,0.10432505583301402,-0.07963226484927834,0.02442510918562344,-0.10536445838514236,-0.07262809551405668,-0.14582413182902376,-0.005414978227586579,-0.009826442381687289,-0.07911471778018503,-0.10059592865069851,-0.04158175628605288,0.13176860240996535,0.12192983445119424,-0.14431869720189866,0.0656257220076962,-0.12246913567193848,-0.16452015837111994
35.6,-0.580597223080521,0.12855562391806688,-0.3022247277235738,0.15429365876536222,-0.28722208019552853,0.0818303951911936,-0.22558477594449713,0.050436435157458645,0.03213959935519985,0.2587565707431024,-0.02426122833151195,-0.05188441870181203,-0.08511950101113082,0.03087939666461137,-0.09733372031307691,0.10184378027745762,-0.08294207424125087,0.023393678708563227,-0.10835623522741376,-0.07411314431151847,-0.14767491741307537,-0.007891263562401182,-0.010715848476069188,-0.08098850174452213,-0.10486926320934256,-0.043597479259428404,0.12937178854252046,0.12021463269387081,-0.1459933613521942,0.06403985218672513,-0.12129030768122662,-0.16376147512543465
35.7,-0.5843481491847988,0.12691529241203625,-0.3023273787017791,0.1530854082880207,-0.2934281936527379,0.08104732296630347,-0.22485762811448076,0.05130991588457642,0.02994054562397404,0.25618692466804055,-0.026363058537990584,-0.053058992979873286,-0.08710853462083663,0.030372800051085398,-0.09860849477044098,0.10106272153893993,-0.08483059914801341,0.0231107481820401,-0.10616635322676918,-0.07617725226983148,-0.14837625285082745,-0.012173113983818097,-0.010579794577685372,-0.08207222717651118,-0.1087054001054534,-0.0447180746499909,0.1273282996140328,0.11893057616358285,-0.1519892779572968,0.06315633234565196,-0.12382279296695425,-0.163777532845072
35.8,-0.5896236078248802,0.12617945656784696,-0.3030177933552849,0.1554553876625072,-0.29876680794776705,0.07972277479859828,-0.22781118082807472,0.05233307574921901,0.028877816368528365,0.2529160297250166,-0.023692252519796536,-0.0550989305486549,-0.09032950732635223,0.03046943141980534,-0.10180716802552205,0.10015534635365594,-0.08616345635423897,0.022785778159941393,-0.10820408584421697,-0.07812755417036565,-0.14891080671059123,-0.012957336263668854,-0.010904513190815734,-0.0825679183488668,-0.11291807759251134,-0.045258827421003255,0.12401102709912055,0.11752780320781651,-0.15749947050602126,0.06208358221086309,-0.12176330583959934,-0.16265077600388153
35.9,-0.5974855093259259,0.12669944560039254,-0.30322639759693765,0.15585088688479437,-0.3048442237539397,0.07835671079926544,-0.23485700275290625,0.04997650280537505,0.026939215339520563,0.24990819503935038,-0.025515555782544313,-0.05769347397612566,-0.09143596085993258,0.030240463323248597,-0.10371555970964134,0.09922738731403649,-0.08684382138759557,0.022500514211712855,-0.11364439220942626,-0.07840458252902474,-0.15200556291364697,-0.012475132331234155,-0.013214194932268216,-0.08275933471317852,-0.11675544399882477,-0.046391219011949605,0.11937129256319101,0.11685023284250284,-0.15977295668254743,0.06376184916281473,-0.11861337657204886,-0.1640812006397115
36.0,-0.6040702561610212,0.12309803876741256,-0.3046005856720152,0.1566977698935609,-0.30924116425206377,0.07621735756903797,-0.23315887229211754,0.04910583124553716,0.02285379252531112,0.24706700017646271,-0.021464158511408964,-0.05962883137262526,-0.09554853841612333,0.03191572624012444,-0.10744693647425692,0.09915645130204925,-0.09102281477171044,0.02071056317936622,-0.11741414646549338,-0.07951180976886583,-0.15340188973637106,-0.015600216230927205,-0.015053101689093734,-0.08490748095092426,-0.12029993020000485,-0.0472296041107811,0.11619976138592895,0.11511037654445447,-0.1643080167303426,0.05927408281789269,-0.12073326795682435,-0.16376044392597713
36.1,-0.6106462211628865,0.12050618397068512,-0.3132074072845153,0.15664045960072104,-0.3093678943366387,0.07639927054072145,-0.23213860138001177,0.0470679517043062,0.021878281058527807,0.24483760479754113,-0.02015799437395528,-0.0605003416236681,-0.09507157507016196,0.03162129049401861,-0.1133693867829782,0.09958857190107001,-0.0932018452174898,0.019180959367601707,-0.11905386386496632,-0.08154529574334815,-0.15890055485554894,-0.01683583762977287,-0.01551232837109092,-0.08576670787104289,-0.12314479177874241,-0.048602493815989814,0.11525089284128454,0.11344706537831555,-0.16994371306260345,0.05881578348993366,-0.1215441202359068,-0.16400764761194297
36.2,-0.6142870999186926,0.12050765589670742,-0.3174341840494542,0.15567704680833017,-0.30826519511058914,0.07497542668249398,-0.23040473872387074,0.04686650489425609,0.01620996192646962,0.24300472226233122,-0.025301129900898712,-0.06296225159548881,-0.09809832096263431,0.03152709612937517,-0.11754092061040622,0.10001395161223312,-0.09719061941924449,0.01831230791000219,-0.12224318048214049,-0.08400226058541278,-0.1605322884725566,-0.01800552315535778,-0.01812681661813353,-0.08557552640999364,-0.12869954386748073,-0.04842883123137348,0.10703292725032612,0.11020419048635476,-0.1634487768235775,0.05591052597603267,-0.1206314206496049,-0.16482449965167625
36.3,-0.617294146643572,0.11940340118470061,-0.3193827761512541,0.15492625994934733,-0.3128369864722152,0.07490277718482606,-0.2287939590589181,0.04771132070937993,0.013351295526429163,0.24156278137294893,-0.029962816120971857,-0.06329292106229562,-0.0990579493003888,0.03185587610098846,-0.12211526487561387,0.10152150411943388,-0.09675672038971089,0.015566682699804879,-0.12289357811532364,-0.08395800776820923,-0.1627072611626461,-0.01791923802168678,-0.015563456558517302,-0.08800449073214309,-0.13319235349050043,-0.0480623228541691,0.10423225425514239,0.10873835818223099,-0.16404034022386918,0.055597149540107374,-0.11977700339462578,-0.16520960780646257
36.4,-0.618451958970505,0.11794251094970044,-0.3235190383968585,0.15398749708020187,-0.3136464732925095,0.0728329112973063,-0.22891429000842922,0.047225149380975696,0.014752889775640392,0.23994205624938775,-0.030434089030648787,-0.06297037193672113,-0.10415857237488478,0.03247986674918149,-0.1265641812354158,0.10175923773878064,-0.09157031801165333,0.01363764053237087,-0.12161365224024549,-0.08485472227712164,-0.16693621594982025,-0.019943468519289548,-0.015763013135385064,-0.09022383742007284,-0.13762116552219802,-0.04755330038512656,0.10282356103108045,0.1057121138315651,-0.16202110283671764,0.05539259991704699,-0.12511548382387228,-0.1664193687302179
36.5,-0.6267778495827236,0.11597256894441985,-0.328674126323658,0.15385711841430688,-0.31534092343547276,0.07202408474742193,-0.22788907512989467,0.0476724720998736,0.016170873419152805,0.23583181895774288,-0.032229519208409066,-0.06340959665440737,-0.10100549825006506,0.032665827710479836,-0.1321250177191264,0.10236831873531314,-0.08322545340716203,0.01081607305583969,-0.12167823271000172,-0.0843283091451657,-0.16046185189486595,-0.02115105909107157,-0.012882865202628139,-0.09498449619419841,-0.1396667597885073,-0.04742105660184608,0.10259512891543016,0.10444575715016668,-0.15968256910966197,0.05504910646891414,-0.12152316061986378,-0.1672699970116102
36.6,-0.6295611325307015,0.11320190095548195,-0.3378705601826808,0.1550771580393687,-0.3156654885637957,0.07009107014825619,-0.22894233859208593,0.046351432004984976,0.016247243755479396,0.23422037990158076,-0.033441547398731265,-0.06585070356693153,-0.09878681461023453,0.03371224661870711,-0.13640501778246786,0.10135037290030532,-0.0860507378688815,0.00969130718431751,-0.12085734900349962,-0.08424481151161897,-0.16581511340455304,-0.022189930399386444,-0.012595087896199992,-0.09686113905121514,-0.14272159307325258,-0.049064089485798844,0.1084485124845415,0.1011457626029185,-0.15959234058310515,0.055753399686273755,-0.12071045757347651,-0.169556061248859
36.7,-0.6350976104726185,0.10938664753750038,-0.3381149186062579,0.1533818421179872,-0.3167049351004842,0.07353864535229379,-0.2288672742606949,0.04314336192816104,0.018047113726209738,0.23085809797177884,-0.03381260284464027,-0.06832540982084608,-0.09865589339077524,0.03453173926141332,-0.13016282772853913,0.10109971137811939,-0.08896364753365577,0.007967182292919744,-0.12108206508988004,-0.0848899135786801,-0.16650177705623725,-0.023351884273906387,-0.016003749431405066,-0.09797964077609113,-0.14494409875161274,-0.04756792011326451,0.10963378650041439,0.09975521207024766,-0.16211323308072612,0.056723561754755215,-0.12187928775253776,-0.16864094095859727
36.8,-0.6381563692280382,0.1079386461215929,-0.33908023175235225,0.1536399860128248,-0.3153553202889868,0.0756657180006343,-0.22919433845639317,0.04087764850252469,0.017382943107198276,0.22880042570737846,-0.03792540446562316,-0.07140470328153091,-0.09780109302621998,0.033987828993563084,-0.1319678783650454,0.09984533539645779,-0.08945547865936622,0.006599721237906185,-0.12209669484239725,-0.08395895549176591,-0.17022360461507638,-0.02479825867089639,-0.016344699161522983,-0.0978887469112872,-0.14817424310146235,-0.04672035529469949,0.1096007487053628,0.09650294900701334,-0.16222685642666151,0.05665933712504449,-0.122964511088494,-0.16900906393516688
36.9,-0.6394335429970759,0.1080733304008482,-0.34093346350985465,0.15471235189203306,-0.32457817513321363,0.07499538009282124,-0.23187634122712472,0.03658219737470014,0.017021830064976977,0.22662623462163384,-0.03780272712410875,-0.07254313216822593,-0.09959083824631695,0.03296559760300665,-0.13521592845533842,0.09977346810207624,-0.0891905115465423,0.0031086736999685364,-0.12022844488416988,-0.08510709094696134,-0.17123646960794708,-0.024491418412689002,-0.018536196653073458,-0.09873386579450909,-0.14814854176713071,-0.04782249564590568,0.11126802200906771,0.09427264605064063,-0.164122724214532,0.05685161518667303,-0.11980538116154345,-0.16714059686752145
37.0,-0.6425788839451556,0.10761565056251994,-0.3402368714020532,0.15473736180933478,-0.32536938114892605,0.07413226748466994,-0.22518029413593552,0.03339220788561078,0.018530289397324023,0.22529348280726966,-0.04374092922298724,-0.07466826985331193,-0.09961596334967679,0.031185465313994774,-0.13665805924130203,0.09696031389391956,-0.08841580853456178,0.003779514209136265,-0.11717950650567711,-0.08538299725810032,-0.17635307728825395,-0.0258188961502021,-0.02135479495752174,-0.09912972252712282,-0.14867336110830226,-0.05068054749268279,0.11269393822358267,0.09412870076143315,-0.16536183929225892,0.05573477014909288,-0.12322051811363072,-0.1686747967247689
37.1,-0.6499715176011615,0.10675056645431967,-0.3442511964297578,0.15509245605379574,-0.3245144166754665,0.07596429339840363,-0.22721771732971702,0.030020320488715696,0.016931040474063658,0.2217374815356558,-0.047655917436656293,-0.07682515283419301,-0.09969556181419491,0.03301178551589268,-0.1371640721443547,0.09398464641635981,-0.0884606270964721,0.0019222505354048469,-0.11288396957477896,-0.08693526761575245,-0.17769013245601428,-0.025403497152603843,-0.022187482893952927,-0.10043463341250171,-0.1514367406118099,-0.0511822797699254,0.11358958745778693,0.09069430368020731,-0.1662876456841382,0.054957141074525394,-0.12251260077421924,-0.1697307416727244
37.2,-0.6539080023640667,0.10443843330511715,-0.34447005382851464,0.15580368317078538,-0.3243479246225248,0.0753057841296147,-0.22829396902705482,0.026893948773423746,0.01777158115402237,0.2202305258913073,-0.05462100631263189,-0.08029594105604403,-0.10325895066147968,0.03372892674579321,-0.139691785720977,0.0926736988143929,-0.0870971745017074,-0.0004479646630176756,-0.11623917922409482,-0.08890790423079147,-0.18239425209788,-0.027507889395279976,-0.02250188516458846,-0.10471107316468542,-0.15287858325782952,-0.05149109899630573,0.11338950268571496,0.08873560406904352,-0.16998176815444951,0.05360481205361415,-0.12043558351327258,-0.172507455060015
37.3,-0.6427604934911072,0.10416650361474596,-0.3440968438736443,0.1540058079830726,-0.32397180999437236,0.07794593184054455,-0.22922997792196328,0.022780818759976673,0.019595984213923157,0.21975126257642358,-0.05867945014098329,-0.08293258452339136,-0.10498656424219638,0.03632932892665988,-0.14323047254163737,0.09182092495736108,-0.08699759204411509,-0.002026569657843983,-0.1197184763831752,-0.08965038371352672,-0.18309989866210297,-0.027602417878031003,-0.024464313054001152,-0.10760071008410566,-0.15348758968678564,-0.05140563261739214,0.11235606716703386,0.08654170484693506,-0.16848098088441166,0.053597812897370346,-0.11931051337013233,-0.17342343171773517
37.4,-0.6485760325706371,0.10257996092427464,-0.3437682056942893,0.1558669563795689,-0.32619887286601457,0.08099987969542545,-0.23109297838537482,0.020809907539764038,0.020021495037828414,0.21727395001499017,-0.06296533157879489,-0.08327896552870373,-0.11163450139584645,0.03457894815095081,-0.14187815264034906,0.0886224470856985,-0.08471808124146424,-0.0018822514473310172,-0.11889362058880233,-0.08736132268691939,-0.18463466052764257,-0.029503295540111708,-0.02923739434223839,-0.10963103940734724,-0.1553380273351417,-0.05147588168277596,0.10845906409262224,0.08696674037524,-0.1714445345016789,0.05408188489944206,-0.1185531288188562,-0.17624334076779516
37.5,-0.6460178653162679,0.1035608950079612,-0.3462051851278666,0.15742802505653422,-0.32543701416067017,0.08128450603758508,-0.2287717557418078,0.018156346030997344,0.021023097012848515,0.21516425969890737,-0.06343161452531129,-0.08525495657890401,-0.11623900214677425,0.03316808069885428,-0.14276633417665602,0.08306957141124792,-0.08361813305379374,-0.0027009846832133123,-0.11726510569004239,-0.09021673630460474,-0.1847629024464782,-0.03210298495431018,-0.029736192375693554,-0.11212767802847227,-0.1545296355233562,-0.053700731868888886,0.10699156394381477,0.0852207120876465,-0.17072902485405878,0.05300918567095356,-0.11923858249079833,-0.17913549407807033
37.6,-0.6441198508254415,0.10259880070353891,-0.34581725029733884,0.1582684882333897,-0.32694743981340146,0.0836620764591922,-0.23663260370246103,0.016533322949441043,0.020830968336638497,0.21481465708265907,-0.05818101269320029,-0.08709180675394063,-0.11931259988146525,0.03290855187063082,-0.14598626926788347,0.08325155584096694,-0.08016022465797389,-0.003563328899309408,-0.11582341612617214,-0.09158630143156823,-0.18638783488825325,-0.032665758848617735,-0.028410864364630282,-0.11329921946470785,-0.1527672239191317,-0.05639368630264577,0.10473750455112245,0.08251189598746475,-0.17306135298194733,0.053378048003083496,-0.11705932882467598,-0.18239387647577793
37.7,-0.6417611969574569,0.10122043413002067,-0.3405385176147194,0.1577379331094195,-0.3283373851289373,0.0836640589892595,-0.23303302235781437,0.013327414944512606,0.016703725237639445,0.21513012795648503,-0.05746184793765065,-0.09009736884941189,-0.12582359450463781,0.030666521795996417,-0.14461631656086255,0.08266413606173281,-0.08180740918894529,-0.0033706650941202508,-0.116928457501383,-0.09384634198332507,-0.18842711746632504,-0.033059988747238984,-0.029177825050212925,-0.11588168706107425,-0.15390684924742246,-0.05829781038360734,0.09991531767297084,0.07909253824020647,-0.1752417347059485,0.05179061756096967,-0.11533954558126502,-0.1863074939936791
37.8,-0.6430797855495511,0.0992769427069375,-0.3418212904418925,0.15826136568657803,-0.3303036142973336,0.08426934890528569,-0.23220650396411735,0.009806531654188797,0.007467638508957461,0.21286723397173818,-0.06067758035233079,-0.0911112710469768,-0.131852918716869,0.027104791135489196,-0.14522986555456446,0.08068405700677249,-0.08074504637421642,-0.005063656680070241,-0.1162540140480582,-0.09386987974881089,-0.1876086868484881,-0.03509823679155878,-0.026573643256856933,-0.11874787455676208,-0.15337572748120842,-0.058861254886092035,0.09385346925295215,0.08220248691025302,-0.17714734098750104,0.05272557137192085,-0.11619324013454176,-0.18723099722202308
37.9,-0.6383243803883166,0.1005360308433703,-0.34125918445217235,0.15897230832618725,-0.3315274082230627,0.08413347492171026,-0.2336452698056839,0.007429467702571271,0.0020788678942466696,0.2109551127673802,-0.06257846698970082,-0.093415458834841,-0.1296512929622402,0.024568427606935297,-0.14641025518916284,0.0772853555823117,-0.08376289006856365,-0.00723341453615908,-0.11676335948719821,-0.09614718794660161,-0.18401012004767647,-0.030711337924925166,-0.029247058905403623,-0.12139869063798113,-0.15164122120293605,-0.05963936465043689,0.08993570499516929,0.08286837280576823,-0.1811295737817639,0.05164895029568058,-0.11662137533898302,-0.18686670172953596
38.0,-0.6389752313387819,0.09749896691407348,-0.3435330591036159,0.15816955236757857,-0.32997125348758816,0.08428350584569334,-0.23491053224650213,0.005449088760832066,0.002781752573811067,0.20920795025070077,-0.06318331061401089,-0.0954228867919117,-0.13062477424846136,0.023761938786334112,-0.142754866343849,0.0746787907716099,-0.08298848323668694,-0.009424246652260158,-0.1202114632903124,-0.09865116121377436,-0.1854344183774783,-0.032259889871263464,-0.035173120278111085,-0.12211512453324347,-0.15056532508046888,-0.061214629602187216,0.08744104025065162,0.08236472709356363,-0.18370791262152086,0.051978798426908925,-0.11602823922428278,-0.1887784316674215
38.1,-0.6389922346308627,0.09651110793201956,-0.3444308563795371,0.1637932062073422,-0.3315563504038135,0.08424396009048586,-0.237091000333448,0.004966568287645636,-0.0004427332138467632,0.2082765072945693,-0.06439457164547371,-0.0984616244276983,-0.1271386832927801,0.021828059686059314,-0.14545383198380846,0.07523200235808915,-0.07979135447905583,-0.008594890877677456,-0.12452140736516104,-0.0981995130794158,-0.19258501793037888,-0.03333994526618939,-0.03391440176075409,-0.12435484954122225,-0.1485893049466904,-0.06268413352505836,0.08312538946327651,0.08288822726204197,-0.19068379178860748,0.05194186874366536,-0.11399403143531603,-0.19068577669322784
38.2,-0.6378010803630191,0.09543094189934932,-0.3476630101990617,0.16418816712635229,-0.3326028920895862,0.08576882538596131,-0.23840931732444348,0.0037617661465962553,0.0012764958618854308,0.208620476179391,-0.0636790288944181,-0.10086642152820088,-0.124165613773986,0.020321521309221692,-0.14573353248783844,0.07527532532217199,-0.07769194540476437,-0.011977347199763549,-0.12817835394620963,-0.1044299524413337,-0.19797776898348096,-0.03508196954357172,-0.03392181084512865,-0.12594266579802163,-0.14955619184730762,-0.06389852339750723,0.08048320462111361,0.08182233091756506,-0.19187482833560893,0.052396191922765206,-0.1200762616570638,-0.19111832494536288
38.3,-0.6403119944841922,0.095953506198436,-0.349739993118219,0.16514904231457767,-0.3367210636603887,0.08011287246445697,-0.2402830766489815,0.0023415323693233166,0.0005930899958064086,0.20683585232242607,-0.0652433193127934,-0.10279958869611493,-0.1260758399259973,0.0186327366404348,-0.1440718906196844,0.07414172437947378,-0.07802646055355165,-0.015711682910893962,-0.12854777693550898,-0.10648557320136108,-0.1990089402740289,-0.03518674612243317,-0.03790654801714173,-0.12815761792683975,-0.14845184457580868,-0.06636273589975679,0.07925891504236614,0.08156763489128814,-0.19841281485595774,0.05301135429560567,-0.12390457014419931,-0.19222445577654912
38.4,-0.6397075977099196,0.09890800991026397,-0.35259454780407273,0.1646848327731635,-0.3390401193007516,0.07960649578520551,-0.24388060575054527,0.00022764279341645798,0.0015786036965277422,0.20614279983056838,-0.06527444064857718,-0.10318090594538491,-0.12259859299156038,0.015551769673087482,-0.14452981445184465,0.07088723840628547,-0.07805761539053736,-0.01698386058001211,-0.1337884704675766,-0.10755561040323938,-0.19989993283472493,-0.03497832862532769,-0.038546134522689075,-0.12931621022321735,-0.150665184351059,-0.06703689283681039,0.07768907123819505,0.0831043972520924,-0.20036935717594476,0.05473365572684722,-0.12451457899348149,-0.19260618792159398
38.5,-0.6435010921599088,0.09913694009607212,-0.3572033737178637,0.16450742716708364,-0.3408796675840329,0.0768651554847871,-0.24503163281290272,-0.0005419422622261947,-0.0006525218880811279,0.2054508144054847,-0.06637120356204708,-0.10695883135421287,-0.12839108338316976,0.015111842592061123,-0.14145966414208924,0.06870959866734734,-0.07807048967910783,-0.018664048540043682,-0.1402134343156447,-0.11000451866931862,-0.2001319282399096,-0.033723164314598784,-0.03831376741499419,-0.1305283046788654,-0.14921754619920227,-0.06807166070172653,0.06821268379528418,0.0815113745670004,-0.20511279474238805,0.05537365844259469,-0.12650625768817417,-0.19121250781033727
38.6,-0.6458711488458415,0.10001618045939642,-0.3584039255459278,0.1646052864940786,-0.34353024118123104,0.07441019810266321,-0.24816693154881453,-0.0014264055149881894,-0.0006899287522013096,0.20208550076734108,-0.06497020833878499,-0.11041189297627535,-0.13255465722460594,0.01366299930012967,-0.14122884397322916,0.06641292311785688,-0.07696009447970871,-0.020250010754183083,-0.1419758168661851,-0.11158547150006341,-0.20069260203876435,-0.034850223780202846,-0.03681097310487476,-0.13024906359918934,-0.15181779012392868,-0.06767988579051457,0.06841282015856352,0.08134741517978573,-0.20907638677275653,0.05552944110903939,-0.13001916944740036,-0.19360642811610593
38.7,-0.647756556303373,0.10141379226978044,-0.36148540876199714,0.1645227182496467,-0.3441007790212118,0.07150725020911067,-0.2536439301888172,-0.0018059437613978917,-0.0010071361938546466,0.20032503371164753,-0.06520029578068383,-0.11403977011452548,-0.1353503650880675,0.010971617162174586,-0.13523899106637158,0.06592087893355181,-0.07679013172798974,-0.021104660717975784,-0.1501705174924142,-0.11277541023909794,-0.20285964056549835,-0.03271129745797066,-0.0444996704128062,-0.13124109753912597,-0.15615943255591666,-0.06743261496820305,0.06922544676170861,0.0812025569223044,-0.21324170373225587,0.05547112526915501,-0.13460279473112557,-0.1937909583801677
38.8,-0.6475718295816064,0.10276125786887244,-0.36666162241158706,0.1627911925168505,-0.34578238200353273,0.06813160011503966,-0.2580057830148091,-0.0038960211814297162,-0.00214737452218281,0.19928769412402106,-0.06704477667152316,-0.11837330187356797,-0.13724870606146247,0.0099058953810024,-0.13606178751193118,0.06411284903345349,-0.07698980377168994,-0.024924760126509172,-0.15574702086825049,-0.11372020027376134,-0.2058714808521786,-0.03316507474148292,-0.0412258717188545,-0.13260883837783508,-0.1554573272199947,-0.06786379332480727,0.06964013565083148,0.0817525670962159,-0.214702040918595,0.05420882246606905,-0.13800083467530108,-0.19620576569078457
38.9,-0.6500577969764245,0.1042062551232597,-0.3697313102695922,0.16216115840309822,-0.34865367083905385,0.06664908307707554,-0.25404633098896034,-0.0035774912091412693,-0.005003548134408524,0.1983406128034511,-0.07052731947158858,-0.1212352299984287,-0.13837134152132416,0.01128545626841749,-0.13592395344914066,0.06434789066563475,-0.07909496495151011,-0.026323701508618926,-0.1671335476548323,-0.11598665269820405,-0.20654530017521466,-0.03214067651173742,-0.04248411193520663,-0.1350674882047809,-0.15788939188242715,-0.06682627638984082,0.07032749770828398,0.08026732847405867,-0.21792198235606366,0.05073586943322014,-0.1478102757961476,-0.19626244633553874
39.0,-0.6537031722178591,0.10656382909940477,-0.3749544731021841,0.16270377571572223,-0.3499612063902069,0.06499966825389694,-0.25370233579426504,-0.0034324210828463827,-0.004904608379836705,0.1978652830730715,-0.06676044584517438,-0.12255608119076306,-0.13862694351725105,0.011271970701627313,-0.1346190783761493,0.06444980349160892,-0.07723076053664205,-0.0278878348101197,-0.16920188273269454,-0.11750360200199457,-0.207247865035635,-0.031076682091263793,-0.041022285943094754,-0.13511903387363314,-0.15640905897752871,-0.06798570049184692,0.07283641107717433,0.081836062771003,-0.219697801479863,0.05183484036229847,-0.14360351384255682,-0.19677329152808584
39.1,-0.6567927765887001,0.10536371561444591,-0.3788291923330228,0.16352311029984704,-0.3526588682213131,0.06224030337046421,-0.25634987375133045,-0.002285655688462661,-0.0048024517447237845,0.19733488087911935,-0.06609520725418622,-0.12463004317774412,-0.14037880613427647,0.011414976734538864,-0.13220781354350833,0.06380957839172618,-0.07290824496487416,-0.028877960460930954,-0.17056606434309232,-0.1175997988783116,-0.20563293218709222,-0.032377846111042795,-0.03835614937018709,-0.1356179340982836,-0.15991528953251258,-0.06480315844987816,0.07450612910228939,0.08111161348451142,-0.21825667860829379,0.049307114973596834,-0.14621639162857242,-0.19803393739211608
39.2,-0.6599186989657285,0.10436621845677875,-0.3828016071446807,0.1606769238738746,-0.3584073055969224,0.059078854483820865,-0.25676134887562063,-0.004137595571797425,-0.0019063646591450758,0.19671498947117688,-0.06529252064367207,-0.12386451984177474,-0.14101924594871365,0.008372040625593111,-0.13142646528704433,0.06253578720705213,-0.07032602901434466,-0.02988863422927001,-0.17153120037628095,-0.11788867440236134,-0.2114602595189562,-0.03265152129108216,-0.03344728254640856,-0.13803319437347933,-0.16310124638783877,-0.06470168527117526,0.08030906328024365,0.08135086675700666,-0.2229646577302245,0.05002164691888961,-0.14948299968297826,-0.19837647177620776
39.3,-0.6594826432275464,0.10436538090921846,-0.38768286820542774,0.16093188910259362,-0.3602326309883585,0.056455416977380574,-0.2616128742051477,-0.004239830605265774,0.0012674682879353035,0.19451957895592856,-0.06386997572880622,-0.12354583437806535,-0.14291051506746233,0.005389695323204538,-0.1331094524450594,0.06114241210346075,-0.06580188835925693,-0.032327679229464286,-0.17173800239358095,-0.11998930036908913,-0.20944522018705267,-0.033465008432377874,-0.030437568508736232,-0.14103441306902825,-0.1675388462565939,-0.0653275567452158,0.08330552394197323,0.08006700131585838,-0.22598442420176082,0.04864972112754321,-0.15179906505561447,-0.19838728024579266
39.4,-0.6655221277950123,0.10279324450079023,-0.394195996100181,0.16001236832049293,-0.3635387675106499,0.05594712821905784,-0.26356365545119576,-0.004080551891321105,0.007280148501622015,0.19274837691518354,-0.06640959871046642,-0.12670325259459336,-0.13841900572875035,0.006273334372018828,-0.13503023807294573,0.06148547503315835,-0.06087636741821932,-0.035269332072462044,-0.17345516634632147,-0.11936339952042771,-0.209342788070494,-0.032322266871756114,-0.030142970939178372,-0.1412980575109265,-0.17081481115229535,-0.06647013801381851,0.08593765097797956,0.08050997441986452,-0.23027238568253847,0.04851652330977444,-0.14635309976391594,-0.1975142123010213
39.5,-0.6703438478035028,0.10269142881800472,-0.40065041258819795,0.1585072028356932,-0.3676992901874771,0.05332831187933406,-0.26597573486057424,-0.004583617033489402,0.008736570008519557,0.19145166581539277,-0.06780328654342714,-0.1270975210948916,-0.13993868456149813,0.0071740825177489245,-0.13509807267117305,0.06187098234703311,-0.0627292967033133,-0.03678145351015455,-0.1728700410338839,-0.12003275437362765,-0.21710740197807715,-0.03253044355545115,-0.026941214567644513,-0.14054397159266746,-0.1749841359033865,-0.06647585080123604,0.08815648408530527,0.07693975311771897,-0.23160479211409735,0.0468058122307772,-0.1462857416654166,-0.19730842928031767
39.6,-0.67374766072629,0.1027253105560874,-0.39790154132825273,0.15566226264373134,-0.374660344277809,0.053009577961443045,-0.27564223978250374,-0.0077237653081139645,0.006526308257539308,0.18726362102487382,-0.06898203204330239,-0.12776526202046237,-0.14221084522579897,0.008092007625376511,-0.1358870852817734,0.06107741338322837,-0.06469721617050983,-0.0391282621703912,-0.17254446349344513,-0.12062845293234752,-0.21697294245499435,-0.03283238978438533,-0.02726024194071901,-0.13960442187791877,-0.18018524410370318,-0.06670078492544575,0.08856878805700806,0.07843089402458839,-0.23337608290520814,0.04490833820428728,-0.14817882244420724,-0.19609416045469896
39.7,-0.6764303819867765,0.1030499454219924,-0.4024152035926032,0.1566236556670423,-0.378744496468986,0.05218862178173774,-0.2769506010143853,-0.006887110546166698,0.0016288939264286013,0.18936881426589716,-0.0695951772963517,-0.12791313292930398,-0.14174000288476882,0.008449863116711882,-0.1383820162723468,0.05709244374279543,-0.06687633644456488,-0.03809451443652941,-0.1696136963266114,-0.12138997715850461,-0.2173711097948151,-0.035382980828077795,-0.026011041520070402,-0.1394556955951107,-0.1843882860452106,-0.06619830085367238,0.08622139506228205,0.07782775838854568,-0.23337991752808937,0.042116984275202995,-0.1493995173227448,-0.1962878517642331
39.8,-0.6779817182646483,0.10147119340729595,-0.4043172550136652,0.1553870742434036,-0.38985606108173193,0.05003487083043225,-0.27768147879935834,-0.006540548889024644,-0.0023264699950526313,0.1903406049385931,-0.07073603373105994,-0.12762639903515036,-0.14434475068662803,0.008129008432255268,-0.14012663208700835,0.05537723883226411,-0.06616849385949727,-0.038811421875201056,-0.1658433955162952,-0.12370628319957824,-0.2196084057421492,-0.035006254866254694,-0.0235915286402744,-0.1380038632969267,-0.1889078678927797,-0.06701234118707648,0.0929061864498888,0.07826075236292923,-0.23369688397879174,0.04033350897731595,-0.14706915029664802,-0.195630232319872
39.9,-0.6834705534167372,0.100364712889532,-0.40833655611231257,0.15496668494377788,-0.3898158428791288,0.049577184809874705,-0.2771751234181201,-0.005860742012852599,-0.00356798230705648,0.1910035115211758,-0.07437501146325302,-0.12952292662736511,-0.14752780670216228,0.008861007457489302,-0.14207039065727362,0.052871618172589896,-0.07072930166959146,-0.03916446766350289,-0.16652841205451357,-0.12385424753052972,-0.22233225607749632,-0.03617397932853618,-0.026092492981187525,-0.13917686433085297,-0.19429326402571,-0.06677995290425667,0.09212462369047435,0.07863981884495756,-0.23522946313643314,0.03841515318551877,-0.1467208906351577,-0.1948922359017021
40.0,-0.6856159105062185,0.09951217594645484,-0.41420972426195657,0.15536149786636042,-0.3942673572922207,0.0510990747433545,-0.2780728480791401,-0.008296107011259766,-0.011080050940208835,0.19164803560173124,-0.07428658693748169,-0.12823096199168588,-0.14833745222997577,0.010481170363971106,-0.13935539529783855,0.051705955813998374,-0.07050051732082344,-0.039869252865965654,-0.16756560779959304,-0.12155088969227054,-0.22514672911434938,-0.0359450521841681,-0.033405710529919225,-0.14099227811694234,-0.19684057707601227,-0.06399798892795755,0.0897217884579459,0.0766336024343527,-0.23614253129645826,0.0361665841824357,-0.14450278830844096,-0.19486449005440978
40.1,-0.6848498569483539,0.09679178273569554,-0.41274328931105886,0.15521944827828407,-0.3987474495371602,0.05074128993309882,-0.2792547215164076,-0.007103506594691968,-0.015282093011987052,0.192577551985099,-0.07242573827847737,-0.1281218451028878,-0.15443815363066693,0.00930673234705272,-0.14040226088391608,0.04997731326250144,-0.07162880723519832,-0.04083930803923205,-0.16975724296673053,-0.12131770336448407,-0.2282781288767524,-0.03570694526531156,-0.03281779952193225,-0.1437891112172053,-0.2061933038447224,-0.06401480244657541,0.08672830740148557,0.07894634956382172,-0.23630815670773986,0.03484591183445308,-0.14410897879081064,-0.1966268445076741
40.2,-0.6828723574220933,0.09324745939151008,-0.41663474258858346,0.15438862945814208,-0.39989312568842145,0.052190312430651795,-0.28087808334459874,-0.008879992034742228,-0.02260260502039291,0.19243084697289825,-0.07008975549835278,-0.1272236029195085,-0.15849710603107847,0.008855079832297958,-0.14090478727536668,0.04844617834364261,-0.07238239207435584,-0.04202972810026606,-0.17187610675217868,-0.12032767031728074,-0.22985668550875774,-0.03452216785568116,-0.03419987548532547,-0.14444062271838118,-0.2095425683816808,-0.06354989800836455,0.08509028265754674,0.0791203924515014,-0.23794771207081314,0.032987369473394285,-0.14662829611018818,-0.19741521084216385
40.3,-0.6875138146265147,0.08737070865232695,-0.4205089758749942,0.15793374017290093,-0.4050633918416298,0.05235630416365091,-0.2824761021088723,-0.007691818582520123,-0.027997031681454995,0.19140154742187462,-0.06957447681677217,-0.12426236264377072,-0.1612663906772098,0.00527026456111496,-0.1423130296897483,0.04509607835214034,-0.07363522052958608,-0.04173127368949158,-0.1679482123024721,-0.1211517190996089,-0.23132565354957701,-0.03430066199606574,-0.0350501573061083,-0.14652986859639855,-0.21485669521739953,-0.06509902332056791,0.0816241105189144,0.07885403736849783,-0.2412431682683213,0.03191623554223436,-0.14854732209275173,-0.19849505039984056
40.4,-0.6890895929951529,0.08584138945398355,-0.4201054684242725,0.1562666060950002,-0.405171551949288,0.0508100729690607,-0.2804165854741995,-0.00837633929935133,-0.03148175950212787,0.1925624933231976,-0.06960229810973814,-0.12351622528182972,-0.16381964061421406,0.003834840812790541,-0.1448017627584329,0.0413445619681943,-0.07776255636609106,-0.04320516500704281,-0.16660778442807656,-0.12414509728108634,-0.23371535706527885,-0.03360627282066076,-0.03204656599830903,-0.14874720340109052,-0.21059520123964492,-0.06565835198584215,0.07852384059857541,0.07623391431142684,-0.2446206800249969,0.030344271202091374,-0.14979774391946596,-0.1999045919370519
40.5,-0.6870756300011934,0.08806119247646199,-0.41882799490154105,0.1555682981098966,-0.4108778889533248,0.05245687202170984,-0.2822411454033979,-0.009544048539191505,-0.0372026606205922,0.19237485945810576,-0.07077913544680069,-0.12081621605289446,-0.16347574495123582,0.0027135443765066236,-0.14684263844127013,0.04078130555292312,-0.08288395498989166,-0.044603965886137874,-0.16791952483383762,-0.12549229163430403,-0.2350945574865677,-0.03447164243078003,-0.03198524107549253,-0.14980819776045606,-0.21245384776970846,-0.06748299637312806,0.07420396144589272,0.07477670680422012,-0.2468358821710039,0.029793743655971185,-0.15097295500970936,-0.20171579814937027
40.6,-0.6885868720663095,0.08680421521118947,-0.4177017719231489,0.15533880543831477,-0.41580146250199623,0.05030931654022792,-0.27481110547026694,-0.011230407721634396,-0.03874185642640002,0.1915591940202883,-0.07261759580928198,-0.1223969002795502,-0.16365368155541918,-0.0003455564549950374,-0.14683980026835666,0.04208634754762477,-0.08668653160092732,-0.04531393289522805,-0.16894744924839367,-0.1267678920129289,-0.23271465225823984,-0.03263184079106697,-0.03285701696803152,-0.15018319441411063,-0.21261734298083554,-0.06710800233529256,0.06627131212843915,0.07529500815703775,-0.24676900723256745,0.02901699296938482,-0.15447269857345147,-0.20403900525629481
40.7,-0.6933008757663496,0.08644139179149052,-0.4202360127928623,0.15632103478709625,-0.4248126240169869,0.05133591780895993,-0.2760158159270732,-0.011971005944998394,-0.038571909555731136,0.1888711249611352,-0.07346258695367909,-0.12274833655448805,-0.16596146935581804,-0.0010856922174650198,-0.14751249149232118,0.04213791700609274,-0.0873470348185807,-0.04718347650394767,-0.16860557459932785,-0.12789483585639452,-0.23419805342784197,-0.03144990876206156,-0.03491316498276536,-0.1514577771860538,-0.21319227561211415,-0.06707117439126678,0.06208888034778567,0.0731589466929526,-0.24570663943739093,0.029019055652799896,-0.15972753725526673,-0.2059255915167388
40.8,-0.6954563800448678,0.08682422260877103,-0.4255210043882235,0.1558518354889462,-0.4280683351093652,0.05200910962957443,-0.27608219343863327,-0.013673627358519921,-0.03964204169708883,0.18698832562095014,-0.07155733719957703,-0.12444569678871575,-0.16353101632454106,-0.001133480077629683,-0.15047277362871755,0.041769461180375646,-0.0916454940892545,-0.04746144474886693,-0.1685698717022408,-0.1300290409582418,-0.2369462191093505,-0.028653668540522415,-0.03882904117639713,-0.15424449569181253,-0.20945581937530527,-0.07025562540448346,0.057101103478874024,0.07293099164769129,-0.24766901323211352,0.028210305675176545,-0.15758809753747416,-0.20729449865851746
40.9,-0.7024910189428067,0.08928123384013464,-0.4297666059323042,0.154866164322873,-0.4298395768297434,0.05233148581078443,-0.2788561214607736,-0.014945341830092362,-0.03903973224169007,0.18600841991430087,-0.07432145632595134,-0.1253850855803522,-0.1657757387900048,-0.0036138039636601214,-0.15008493639127815,0.04375997162731932,-0.08428729987997195,-0.048895533270012836,-0.1690477623383015,-0.12980817039663292,-0.2427246892408612,-0.03027611325578817,-0.045065500426927356,-0.15377413579188193,-0.20825927149761922,-0.072947781745857,0.05264632456448937,0.07097543230079637,-0.2481926130368503,0.029130379054419425,-0.15627904595684744,-0.20913332009651972
41.0,-0.7047921935531615,0.09361973309830708,-0.42882086562369875,0.15591298315562913,-0.43608261907701357,0.05211962058285231,-0.27728443117848134,-0.015441643036406452,-0.04234026183341738,0.18455833097993818,-0.07530537844037088,-0.1268959878036276,-0.16596258961026608,-0.003956400958515989,-0.1533245555787413,0.04386210061004074,-0.08827809605517013,-0.04940922859783401,-0.1675152372460004,-0.12859496866036743,-0.24615846404246347,-0.02798423223532267,-0.04577981286838563,-0.15654424712052145,-0.20658207471180842,-0.0745544359518634,0.05196782317832067,0.06988594480419037,-0.25652812820648274,0.028269478869237478,-0.15956961454975693,-0.21046567416413453
41.1,-0.7037917134519752,0.09895380181241485,-0.4353902609400968,0.15600652459738062,-0.4363946300530934,0.051876780308897294,-0.2802863388382897,-0.015218810797674155,-0.04332896228046127,0.18250953324019736,-0.07753259725318917,-0.12747694095522324,-0.1678834807685476,-0.005075616922799046,-0.1556619981513748,0.04337382939533581,-0.09338885624967705,-0.05171424652948573,-0.16925665280444052,-0.1275887503540012,-0.24866907400747884,-0.02798188742560318,-0.050661614235359295,-0.15865200673181729,-0.20890855998549449,-0.07529962801752911,0.0504831590560134,0.06876099102665406,-0.25587495224041984,0.02820712184967375,-0.16403094173587202,-0.2116205244167349
41.2,-0.7073297693532848,0.10255821111910779,-0.43888657201380993,0.1554823249089812,-0.4384372229618448,0.048973079581711786,-0.279794953016992,-0.01696989501477496,-0.04421300796704117,0.1794014507487663,-0.08216356516627076,-0.12904322800496357,-0.1718895869376872,-0.0070286094018851995,-0.15641028011777824,0.04252188910512278,-0.09966186844179609,-0.05299732580466967,-0.1717840322624088,-0.12771810532807645,-0.24772204954405888,-0.025822672933230692,-0.04775005736701309,-0.16125196473091236,-0.20634259370280061,-0.07550144832522289,0.045113739879549426,0.06947150326072482,-0.2535449822238407,0.02903518934374848,-0.167523594699742,-0.21114865323495427
41.3,-0.7118481921995785,0.10462497667960505,-0.44107278069422895,0.1561052336196326,-0.44131250928564864,0.04717231513546453,-0.2847661175300007,-0.018277816801613618,-0.04747190340652821,0.17672957174689052,-0.09039704737989052,-0.13133234694763418,-0.17458509936257072,-0.009663392000154024,-0.15574576923983457,0.04027953065261906,-0.1036658102208898,-0.051511407184707654,-0.17210843559376438,-0.12801988937171216,-0.2483170010261387,-0.023284741970437423,-0.049756228357151266,-0.16274080800142965,-0.2079635717515184,-0.07512551083020116,0.040607150992428113,0.06849636445928338,-0.2510235536297522,0.027312966260634747,-0.16876655755753686,-0.2122382542910739
41.4,-0.7134508616129367,0.1065532384021205,-0.4444388958118526,0.15347948628624267,-0.4424782167742302,0.0458244140199955,-0.28343512318214964,-0.02042028605434253,-0.049284539932399896,0.17340377202592505,-0.0882965316846277,-0.1372148185407118,-0.17702048685507463,-0.010535899466456852,-0.15281610497247464,0.04090237347895036,-0.10255981129701092,-0.05408983673653916,-0.172251163818507,-0.13150936758698542,-0.2511097577922126,-0.02213358847757492,-0.05311550894663384,-0.1638929588800263,-0.20503042436580018,-0.07476337593427404,0.037599753542982735,0.06707783504788685,-0.2542864471738667,0.026938061755049494,-0.1786720803673434,-0.21255778292460473
41.5,-0.7177441268006193,0.10896091537604577,-0.44176179042124797,0.15318091588415716,-0.4458682620095927,0.04530446941008651,-0.28672524773899344,-0.02224436594403357,-0.051697737444940675,0.17063206009147988,-0.08627515029392535,-0.13955310575993146,-0.17917745411338226,-0.011884867530609756,-0.15698233737661463,0.040155644605465945,-0.10404899178631702,-0.056027921914137684,-0.1725240915135862,-0.13208538286921892,-0.2522741550716347,-0.02157343576211845,-0.05521209850140383,-0.16289711010044977,-0.20582805697404533,-0.07568032615198574,0.0452044915779966,0.06546145382776787,-0.256807944533919,0.02642499327886003,-0.182733823830448,-0.21446506972952645
41.6,-0.7184726861221992,0.10987318977482448,-0.4454919345295731,0.15276738648820562,-0.45031984413308673,0.044233348359323583,-0.2902067889598351,-0.0223986168121168,-0.05146454264446279,0.16730434926461366,-0.0850961945184943,-0.14246399101043855,-0.17764780949368716,-0.012811264009519286,-0.15682806387175227,0.04179846872402558,-0.10611760568171388,-0.05616635418796096,-0.17335586293436805,-0.13332178059845895,-0.2537571970156684,-0.01856394032261329,-0.059045637264414065,-0.16537779483313322,-0.20691812347289043,-0.08092436532910208,0.04720027742105805,0.06439005857097618,-0.25895449090641515,0.025501597649642813,-0.18637597413354628,-0.21633955103600513
41.7,-0.7205759366612121,0.11025050725948071,-0.4482524449759852,0.15360371199699466,-0.4523089374051828,0.0408992591449652,-0.29229984087050137,-0.02542527949062041,-0.04993074650577216,0.1633259778059554,-0.08531267065953967,-0.14744090174898788,-0.17661474000250912,-0.012042524998163714,-0.15957277495823133,0.0400208205260915,-0.10712175709241017,-0.057655442780987234,-0.1763877272338024,-0.1341567581532121,-0.2567160435113158,-0.01883750529786763,-0.05545319096649833,-0.16630529746482112,-0.2034124781726412,-0.0812509125145485,0.04877054513508567,0.06368030118981077,-0.2574250691131585,0.02545926087983341,-0.1898606992120766,-0.21931635821250114
41.8,-0.7262990231591748,0.10988222559515567,-0.4490174353518049,0.1553151800423255,-0.4562519115279067,0.04183439370596623,-0.29697605935974447,-0.027598849582384215,-0.048193209757043484,0.1596957965905902,-0.08410115155618567,-0.14934829604296185,-0.1753318133208247,-0.009725051186362129,-0.15833498809857138,0.0402195334179721,-0.10737174312834617,-0.057739777656143944,-0.17954544026265518,-0.13630330215379322,-0.2604621782936425,-0.01863347397051184,-0.06120391266710007,-0.16983964439455226,-0.21033995990073062,-0.08101013079988813,0.04933803167954203,0.06354022963783128,-0.2565241878729886,0.026228658709552304,-0.19328472266531854,-0.22091664825714238
41.9,-0.7292742266343772,0.10865416628878583,-0.45390639104327907,0.15482467781619152,-0.4580438589348715,0.041375805142026226,-0.2994863798434805,-0.02874949200719588,-0.044766446899254006,0.157449427390871,-0.07963947303598216,-0.15037039994648968,-0.1701591684342413,-0.011358631067484071,-0.15707950544705715,0.040619007283075076,-0.10557559887874164,-0.05935585281414146,-0.17816080598888892,-0.13739795513892175,-0.26320817186148504,-0.019865860965519587,-0.06362097020190405,-0.17061850222105934,-0.20994974034615657,-0.08275121248555117,0.05204310714243313,0.061302779001559164,-0.25691799870492155,0.02530899917388591,-0.18883760475276173,-0.22260541449270269
42.0,-0.7291834143694901,0.1040938741506169,-0.4551665369076331,0.1540172901417885,-0.4578658043910099,0.04129663841636988,-0.3038809133526529,-0.0322003581210535,-0.0442728820387777,0.15642633775143083,-0.0856006450186861,-0.1516485440031284,-0.16820485153377132,-0.013161475392459461,-0.15666860767623833,0.04156912812557501,-0.10651016200198313,-0.060513116859234356,-0.17488063653465138,-0.1383360663902623,-0.26229331820646806,-0.02052001688366138,-0.0653535691162435,-0.16951991885769616,-0.21447935857970932,-0.0818971420876905,0.05388033693464486,0.05853152166643866,-0.25705218965198995,0.02509994292413154,-0.19381165702432462,-0.22593536504550263
42.1,-0.7284000897416376,0.10349098940515386,-0.45486836949067244,0.15275490196387725,-0.4577164560455614,0.04204781928973358,-0.30784051362309034,-0.033268525987721544,-0.04031496326350084,0.15449320389936527,-0.09049584632540268,-0.1537471898952946,-0.16914347502853835,-0.013945707063631317,-0.15877727440380945,0.04251749709747908,-0.10660035848632975,-0.060457283104251476,-0.17708826657229074,-0.1411515932490562,-0.267678332663841,-0.02076207397043433,-0.06606740743066988,-0.17160527364556846,-0.2165286471461707,-0.08305487454503274,0.05566204197903718,0.05650218667507255,-0.2634078750019573,0.0246337379553186,-0.19251726842097708,-0.22665242078768102
42.2,-0.7255737942625592,0.10228375509505966,-0.4576901662957632,0.1549328238601665,-0.46021011516187615,0.043965706313656476,-0.31219991549985987,-0.03398885074722233,-0.03707419051219089,0.15218243988363997,-0.091056521123179,-0.15359814034376218,-0.16824644895607907,-0.012864923305907439,-0.15952323452644865,0.04503544952871153,-0.10182037242903368,-0.06226536791171307,-0.17693297703808383,-0.14246533747433854,-0.26667506227618537,-0.02136368695817615,-0.0700233290811911,-0.17144883161095298,-0.2168558118132932,-0.0832695013881086,0.05505986879983416,0.05437479700910415,-0.26474848054535927,0.023085517146950816,-0.19077709805683735,-0.22815962601300632
42.3,-0.7275503553174933,0.10025324419987942,-0.4613383531151133,0.1522155772189629,-0.46354607407440446,0.045614484693490394,-0.3159136934890127,-0.03620936948805602,-0.0346474206376845,0.1488525825158666,-0.09266607906591258,-0.15541366043348742,-0.16823584963919724,-0.010865542180134035,-0.16191862123625383,0.04422360526404495,-0.09977360143213682,-0.06278501658747336,-0.17739436702238381,-0.14084896087621498,-0.26863267775455985,-0.020716233695951995,-0.0744366077570046,-0.16914916292431573,-0.2182543751183326,-0.08314395714310038,0.06276758678623187,0.05212394368358966,-0.2596526726124586,0.022920452525937846,-0.19288219811965215,-0.2312882902024437
42.4,-0.7300538138024888,0.09952744828588948,-0.4680866383878624,0.1525114748342432,-0.4654582639825583,0.04559799714183048,-0.31823573860800575,-0.03707739871048725,-0.0387147456018491,0.14714261687869662,-0.09305088960459676,-0.15794734448305198,-0.16918685598918742,-0.010221674566301365,-0.16118133883244667,0.04596311612720957,-0.09766725088382698,-0.062262655274592134,-0.17478711466937905,-0.14149118388271048,-0.27032453785877636,-0.021528318858701614,-0.06850560673691682,-0.17040633113760684,-0.2219321724947669,-0.0818792471937571,0.0650939579368667,0.05031307413858877,-0.26287722363509863,0.022619958925009842,-0.1932433090108452,-0.23186001438984657
42.5,-0.7311600082240637,0.09608024373901186,-0.46497935465073287,0.15190557313605146,-0.46805123811685284,0.046531850512581886,-0.32118108666162304,-0.039228147745790046,-0.04134095724598798,0.1470286184899132,-0.09111526548917666,-0.1597861790735325,-0.16928853292879587,-0.009196869453406375,-0.1614044276421919,0.0481681033265658,-0.0951613574426516,-0.06102725710886574,-0.17480752840312797,-0.14173978272486817,-0.27184097732804,-0.022863026009114107,-0.07452532245943858,-0.17006653321412088,-0.22573202636753983,-0.08082362867563642,0.0679655518038889,0.05112628753560368,-0.2686757463181394,0.022944254042643344,-0.20011449324666253,-0.23293076798971896
42.6,-0.73207312406457,0.09252008563509806,-0.46790427941905766,0.15190754678678467,-0.46816604718006527,0.04701706486102008,-0.3129213993675867,-0.04030591856200883,-0.04414260141430553,0.15049975915866878,-0.09041228731467667,-0.16042820194785387,-0.1696362643603257,-0.008893653134236859,-0.16025936173415067,0.049484951663171725,-0.09465307096382586,-0.060303463651229974,-0.17702284836008603,-0.14110387500783814,-0.2724783908788191,-0.02313524144018104,-0.07982961322640857,-0.16954712536306063,-0.22858608069154138,-0.08121488063527936,0.07249603412657413,0.049778611763295295,-0.27242051129070527,0.022054468382922198,-0.19912239462486117,-0.23458931597172888
42.7,-0.7424901722924023,0.08990089725297047,-0.4701923277886323,0.15022493121456218,-0.4709378585956224,0.04847413551245642,-0.3108399507285541,-0.04222027959164986,-0.045473196664686896,0.14869660795307008,-0.09057524604315524,-0.16248108807620393,-0.16933543725043818,-0.009794555939225466,-0.16216027544023442,0.050840632548583876,-0.09008303368368413,-0.06391574657898369,-0.17952143959994546,-0.14040893624737777,-0.27405257643104025,-0.023977105687553596,-0.08365144143670268,-0.16964131637918475,-0.22974985452035313,-0.07958639168844946,0.07712695508030333,0.04849229217920584,-0.2771184061968479,0.022624545630539748,-0.19647994274883332,-0.23374755057533506
42.8,-0.739426577495271,0.08840614739637258,-0.47092717109897375,0.1506586652896249,-0.4681671454273453,0.04874614139801324,-0.31228014068980314,-0.04549314062696567,-0.04546390847298593,0.14691772962924227,-0.09100929017994298,-0.16406991652063818,-0.16857457133921466,-0.010353131025747777,-0.16092801101010104,0.05131667599904523,-0.08958808604445913,-0.06568630141054445,-0.18389574515417653,-0.1374815040050406,-0.27426180386584936,-0.025966356797683034,-0.09500398146823036,-0.17268943168684162,-0.23364632246117523,-0.07681816198270897,0.07484295028752562,0.04790653821610355,-0.2820743605591516,0.02394102099503663,-0.1976619984506612,-0.23389173165517388
42.9,-0.73742891213772,0.08345214067142431,-0.4719001214378074,0.14789537584101423,-0.4659279409220066,0.04990487289841481,-0.3143411081936292,-0.04944098552895042,-0.04878280880518668,0.14475403124070646,-0.09083342940420354,-0.16409355739478004,-0.17123027626499102,-0.010570189012991282,-0.16197788917100725,0.052748137840443,-0.08348542151014922,-0.06820718211519076,-0.18305459172339594,-0.13474507838610872,-0.27702172296616523,-0.027600736674064034,-0.09891684749628797,-0.17312680973222316,-0.24027323822784374,-0.07600963661328802,0.07494950191835488,0.04698987709099393,-0.2848287127315912,0.024045271887968345,-0.1968961185455206,-0.23545023942607227
43.0,-0.7392441751197215,0.07575598050791651,-0.47144001056222345,0.1472798211946617,-0.4681374302409548,0.05034444423188545,-0.31531165656386434,-0.049952179524093095,-0.049246470040964996,0.14418102054900112,-0.0907352490169032,-0.16317293533817218,-0.1707924074584937,-0.011069720137753048,-0.16963680995953875,0.052490520841788846,-0.08060321900383585,-0.07000774628475603,-0.1824152640278604,-0.13710778220473777,-0.2796636388487072,-0.027770031859154214,-0.09576799047573782,-0.17357815502089038,-0.24697093675000242,-0.07589499493283944,0.0733208295369131,0.046107301395777484,-0.2896083369769359,0.02521948039786597,-0.19763174913732626,-0.2355371615246711
43.1,-0.7372732984431793,0.07042436371494068,-0.4765104675402416,0.14580206299091247,-0.469134347436213,0.04976768023946211,-0.3112948465901364,-0.05239241549869654,-0.05040950640308744,0.1434032781316818,-0.09378353471088385,-0.16269056426765588,-0.16992108988016177,-0.010468273580342682,-0.17091556726377646,0.05228154012620933,-0.07508188907146657,-0.07152642076469184,-0.1831979856984412,-0.13860142277679985,-0.28116095898570564,-0.031033277782546005,-0.09786183495339898,-0.172419360706962,-0.2458735446910398,-0.07503710463191698,0.07511894639212652,0.04463773661362327,-0.29496968031529563,0.02583400676540138,-0.19538474269443284,-0.23838950516199636
43.2,-0.7383511928515198,0.06875232937924979,-0.4763737974398649,0.14435288340648086,-0.4704022565685311,0.04904759844281414,-0.30988814848526336,-0.05248719601341397,-0.04807423529276133,0.14221983414288097,-0.09494569046189201,-0.1618734384644494,-0.16755301028648878,-0.011100408724040407,-0.17502546728805252,0.05308445087650446,-0.07381930293553735,-0.07184225732144432,-0.1836162981187603,-0.14023968161030567,-0.27898590305816295,-0.03236267115165426,-0.09787761133813698,-0.17146886114195398,-0.2527209024858448,-0.07556908370641034,0.07209898979969223,0.042632963627112226,-0.29785719856191417,0.027250387314608125,-0.1934249516138906,-0.23718626480797506
43.3,-0.7368326413068631,0.07061144599783264,-0.4771820712398853,0.1416592686076744,-0.47170934574593604,0.04838164577222305,-0.31437583639561173,-0.05375614350159934,-0.04963995871040764,0.14021783953668993,-0.09812335466976176,-0.1624467869546983,-0.16958768183764664,-0.011339825297819158,-0.17504770043635795,0.05492650900506953,-0.0715282308680914,-0.07490734034218141,-0.18591066415207974,-0.14057606089421495,-0.2852945635851425,-0.0348049931115743,-0.09924032513890824,-0.17343531602445325,-0.257858217796516,-0.07555114754191927,0.07026233779514791,0.04164958698934201,-0.2992798605655726,0.027393461564965197,-0.19383952132240706,-0.23671389532225678
43.4,-0.7356202266420413,0.07057899911046005,-0.4816923165489813,0.14104672726748368,-0.4756707610413393,0.04841751631088762,-0.31031293242383867,-0.054967273287879606,-0.0527547431458885,0.1382329001386064,-0.10097984184396946,-0.1624719837952474,-0.16854231846734846,-0.012232202444530512,-0.17606193011308033,0.057699664987927876,-0.07009090007718928,-0.07408469319632202,-0.18540125567532748,-0.14165665630732058,-0.2800619626433248,-0.035830437395739545,-0.10229423683616035,-0.17253602379913896,-0.2609052040300418,-0.07717738785187027,0.06563004433366866,0.04134056181321496,-0.2993292637743724,0.027027476604859827,-0.19398127720774908,-0.2381142596245934
43.5,-0.7432562384912582,0.06710418771371283,-0.4813363177030618,0.14075377229625205,-0.4822512528826595,0.04682870542540703,-0.3097207828394034,-0.05655202680777818,-0.05334340286821528,0.13746432760657945,-0.0973541565069327,-0.16498172410239945,-0.17144674440050417,-0.012928591562642169,-0.17635834633564582,0.058472880710580856,-0.06944840876371138,-0.0784998553637424,-0.1855518859357407,-0.14137078506897757,-0.2774687167663315,-0.034368929731475366,-0.10494391614113856,-0.1703348995312055,-0.26497511850002337,-0.07559653701210316,0.062367638980268286,0.042643354297216406,-0.2998875600885042,0.025421546417269236,-0.1900010089934816,-0.23716482727312524
43.6,-0.7491670848023256,0.0656784452529063,-0.48753798266406845,0.14007694133730228,-0.4834257402993118,0.04553848763302874,-0.3095284569251083,-0.0574815245293034,-0.05491815064076138,0.13687421948335995,-0.10430248511710696,-0.16519206229486066,-0.1739740519567188,-0.012464956184596148,-0.17992758760154914,0.058746269482704346,-0.06935111121244278,-0.07986111534981517,-0.18297674986238155,-0.1409628849111597,-0.2761581613312307,-0.03604439494701511,-0.1059891534310631,-0.17191504490138979,-0.26996588326937226,-0.07500125390799726,0.06340949713505994,0.041386150251606885,-0.30224938666513207,0.024833148488167384,-0.18788964982483455,-0.236553658069467
43.7,-0.7503609540513428,0.0678565651114929,-0.4889908885101644,0.13825073389368941,-0.48473414419132127,0.04356940614472878,-0.309341529795481,-0.05698277154692972,-0.05724421149251497,0.1350281419641997,-0.11042417891803367,-0.16551593371867104,-0.175451153059557,-0.012990845288511946,-0.18333508687945818,0.05780534073229927,-0.07935789427616058,-0.07800387855004026,-0.181931716264914,-0.14007613526171325,-0.2719604195077196,-0.03845272682404235,-0.10532704140652467,-0.17114196957043512,-0.26985526298276563,-0.07586083232104245,0.062348777796229445,0.04249012513983972,-0.31105928222711327,0.0249254067492985,-0.18752145687609315,-0.23604292773813385
43.8,-0.7529035450039261,0.06887501121258484,-0.48763995756806566,0.13720140340045467,-0.48583690052066836,0.043129245353307644,-0.3126403789277851,-0.056717771391597935,-0.06111567618553068,0.13346096252162906,-0.12092304855061897,-0.16512875090437618,-0.176380105874026,-0.014334766756449685,-0.18730947779217785,0.05631638084953856,-0.06909841209276904,-0.07819475466473381,-0.1816171470971474,-0.13968220643404552,-0.268467158929235,-0.042888955961727995,-0.10593945148551252,-0.17053408649936835,-0.2741533187457827,-0.07551001501979694,0.0642850358822165,0.04264413943694879,-0.30873638799907754,0.02472417524198774,-0.18824672632171394,-0.23576791166349612
43.9,-0.754181186798593,0.06924016161954843,-0.4873485542915796,0.13760355936860746,-0.487832446928805,0.039401865847168566,-0.313075647294394,-0.055978048834272966,-0.06456466641950687,0.13078064572511144,-0.12921703793451975,-0.16593924623280468,-0.1775365955696437,-0.013810750849040798,-0.18728881239714246,0.05421896709960318,-0.0733286793799283,-0.07924543844637871,-0.1835082349167882,-0.138680182865083,-0.26421041634643505,-0.04506919554597165,-0.10507981878967311,-0.16863624493505738,-0.27837923041378543,-0.07662622230894532,0.06545784569950207,0.04450636796576684,-0.30882866826668187,0.024694874651073423,-0.18683788501525936,-0.23465460924312403
44.0,-0.7608199703451365,0.0680191772254395,-0.49282342472669605,0.13644845027749197,-0.48909762890237496,0.037319873642220225,-0.314050683165113,-0.05511063135223552,-0.06731825773813559,0.1284303296217967,-0.13742562889926016,-0.16538107780239633,-0.18010542317036576,-0.01931531787486057,-0.19886204075790082,0.05283594682363692,-0.07684498305443277,-0.08174799523115223,-0.18359182070530491,-0.13828065922151886,-0.2647621570063428,-0.048118844219223515,-0.1035207804277811,-0.1682263339157179,-0.2827746613818619,-0.07598456118422567,0.060706804102480284,0.04651794600277925,-0.30076853593785124,0.025477740982270125,-0.18771822263613652,-0.23245045453129312
44.1,-0.7652648162104246,0.06553978142659786,-0.4920267811279979,0.1351059017973286,-0.49393768947052136,0.03277223547012062,-0.3167199566505169,-0.05455157841483902,-0.06999361556573362,0.12500524303883948,-0.1434407402191596,-0.16319698547453798,-0.1822365475203863,-0.0193610681767951,-0.20361216969287055,0.04913562124903375,-0.07575421454855283,-0.08247218317846446,-0.18363743282669517,-0.1409907378297862,-0.26630894131724875,-0.04947569979255111,-0.09894499230904176,-0.16863206290983437,-0.2935613227725409,-0.07459656654500352,0.06073067875947804,0.046401251027414256,-0.30104834562297417,0.024890566603669596,-0.18589840135380037,-0.23017569922389586
44.2,-0.7693638486250037,0.06358420373284242,-0.49424844554966263,0.13396874465367825,-0.49816144869434376,0.030132663549063198,-0.3191288389961036,-0.05545408383011621,-0.07535740681535855,0.12351412508953626,-0.14931910576265314,-0.1618006917682734,-0.18518443327235176,-0.01916231641115608,-0.20917541817816207,0.047111168468902835,-0.07399966162577501,-0.08343549979406335,-0.18161949763158555,-0.14157947855813932,-0.2686299810526203,-0.05053372315947902,-0.10345275709259974,-0.16853709107679685,-0.2967609624172606,-0.07690069305812436,0.06104730081653703,0.04879856996800953,-0.302264091819813,0.023058844169599312,-0.18476842554566325,-0.23182811159171268
44.3,-0.7723498654257269,0.06352589457193328,-0.4941015770526481,0.13138146749517352,-0.5007195327910704,0.026348880705474035,-0.3163074546580688,-0.0569510570200311,-0.07171337365511628,0.12169570953533902,-0.14649933781609822,-0.16169369285748966,-0.18531028511696365,-0.019234425349868554,-0.21469584599994831,0.04739482095528135,-0.07410834030655161,-0.08646274966580747,-0.18351857813645095,-0.14418333608077105,-0.27092187223211334,-0.05283509587781811,-0.10174748096767716,-0.16793795626659788,-0.29616793772092853,-0.0791744315265382,0.0628863150089174,0.04569324416151853,-0.30351618663412044,0.02316012840454061,-0.18832341795548543,-0.23108561152788898
44.4,-0.778314386210462,0.05926661527590773,-0.49408251536433395,0.13372227782260832,-0.501191962196995,0.024471204189316947,-0.32054944924584183,-0.054983827604454714,-0.07688451612768077,0.12017646699252703,-0.15146651571825592,-0.1597970369693406,-0.18699573142411105,-0.020305667000390264,-0.22285370221666548,0.04545153652680489,-0.07512542900687216,-0.08742361415367322,-0.1889329577714993,-0.14368442326812636,-0.2723206983204523,-0.05368233980865264,-0.1002495143456589,-0.1664037583850446,-0.2971063871381724,-0.08158017921253155,0.06109623916639161,0.04694222192183632,-0.3008813846175686,0.022962749080650564,-0.18441780862117446,-0.2325316198296534
44.5,-0.7804685015761326,0.05598283076415624,-0.49767542917812035,0.13464468184245665,-0.5052441847111871,0.02134094859008335,-0.3248788500850428,-0.0555257676208947,-0.07913467347543797,0.11635317659744628,-0.15581097079401857,-0.16195651343492093,-0.18485452484584733,-0.021231047490429374,-0.2243408930937237,0.043968209738507076,-0.07550952446706698,-0.08759876484355364,-0.18943190419297073,-0.14442795757962135,-0.27583174567503516,-0.05540125238023781,-0.09953262178129478,-0.1685033786331247,-0.3013935589302908,-0.08340417087562393,0.05755570584701384,0.04806564872373705,-0.2976738726216248,0.02393871854339848,-0.18496665979758625,-0.23380375493102948
44.6,-0.7845873672944141,0.052968180385206384,-0.5002728909931164,0.1343747451759112,-0.5063279971889166,0.02177512682998321,-0.32633770656845906,-0.05762896498180303,-0.08390341387861108,0.11497496412807288,-0.16031327698119507,-0.16081716184824707,-0.19280645182977701,-0.02070655694259287,-0.22650333470459771,0.03919539336381159,-0.07538077801099023,-0.08920537531446501,-0.1945444640913558,-0.14571230494338022,-0.27793946391631913,-0.056440101058387225,-0.10052074139486171,-0.16922125399485025,-0.30282098107822086,-0.08061207265513086,0.05413862501680754,0.04831786301227018,-0.2979832278566967,0.022264576677671982,-0.18574855231180953,-0.23311531565117918
44.7,-0.7869664357972367,0.051644651099916866,-0.4999509140498715,0.1357710950370488,-0.5059686402674728,0.022911495064841247,-0.3329634801661948,-0.058468482125167164,-0.08862785626225789,0.11361334814449092,-0.16386740970061514,-0.15790383309306516,-0.18896918301655197,-0.021379287725377612,-0.228313949998236,0.03655135468014938,-0.07487000789194788,-0.0877323811077018,-0.20677832287264072,-0.14717386640636096,-0.28100664188100816,-0.05914128281665097,-0.1006293752075847,-0.17046608737369262,-0.3059408088753967,-0.07972435021903604,0.05075041407426841,0.04812548899964328,-0.30050037833764065,0.020840014362438444,-0.18581559652625199,-0.23275281317453012
44.8,-0.7884872339627471,0.049833684059489264,-0.5029518871001634,0.13564962167148353,-0.5045286286703561,0.021918795300729783,-0.3364040600434578,-0.057233812003869684,-0.09079967954586597,0.11306010614699807,-0.16659872894389338,-0.15627522352728407,-0.18600798260609538,-0.023958092003170065,-0.2270306067817224,0.03327131182211658,-0.074236141170639,-0.08672047769057092,-0.21241222393180673,-0.14868954590328717,-0.28217602086961546,-0.06038711058268838,-0.09778579756740033,-0.16791029510320227,-0.3036197451710575,-0.08177586829771812,0.052881658755714725,0.04628730247534679,-0.30086639708733875,0.01771662946890221,-0.18553443039323092,-0.23317009345407896
44.9,-0.787783078165324,0.04687098492892173,-0.5035950601544119,0.1351433303523808,-0.5040772595424143,0.019853252776771125,-0.3391572254301862,-0.062239300215834015,-0.09112395693844769,0.11165155041343722,-0.16897644926309138,-0.15453272035224827,-0.18946637914986628,-0.02526020115100808,-0.2287530701599079,0.031975531608452325,-0.07459556299057261,-0.08720420643553829,-0.2093811009685954,-0.14972326449509551,-0.28189676028238714,-0.059779257994889125,-0.09162527662645911,-0.16472646611189184,-0.30357682900499044,-0.08343317637922855,0.05402216562195414,0.046990233955099076,-0.3019439340465433,0.016740486169227648,-0.19256510853745418,-0.2348932075842931
45.0,-0.7903182138679108,0.04659154201232975,-0.5061106649330214,0.1343462951460595,-0.5074436098700137,0.017807164549732038,-0.3432407516991949,-0.06043984188858092,-0.09087303465301311,0.11039068094598617,-0.16708504691962048,-0.1525890891290461,-0.1884107867587768,-0.02680099555362394,-0.23243570293441834,0.02722195616699621,-0.0740556398041308,-0.08668691675441714,-0.21371302470253953,-0.15217714535759566,-0.2912293823908772,-0.059851290975499245,-0.09096483797312027,-0.16702940330792862,-0.30140219795378653,-0.08660155140045933,0.05496457135543664,0.04650583144592425,-0.30350516811776057,0.014969661784849528,-0.1925034239772459,-0.23524519738099806
45.1,-0.7905430622727756,0.04585179580538115,-0.5106874585229164,0.13449953981884472,-0.5122117316627118,0.015474930589756969,-0.3484544259100861,-0.06216469748030506,-0.09231539313387027,0.10925405725105011,-0.16464389559841983,-0.15020764468842046,-0.18556471979070194,-0.028794596867966475,-0.23863312154438082,0.0238041563618394,-0.0752334287130668,-0.08660116351035554,-0.21562767934657748,-0.15037074129009514,-0.293282941218136,-0.05868297161194761,-0.08969327350631331,-0.16661759795915426,-0.2958251099127854,-0.08754332493398123,0.056086417767699716,0.046667367604731086,-0.2994505026225476,0.014211315507577604,-0.19047430089708683,-0.23675081998497932
45.2,-0.7981227225128893,0.046233473110913595,-0.5145132472305023,0.13439802746720686,-0.5135652559647143,0.013177818072262351,-0.3472064381564845,-0.06327722791229407,-0.09486749164132151,0.10797232759174309,-0.16662072595023944,-0.15143633905063317,-0.18661749553203252,-0.02809547763235641,-0.23846792976287415,0.022994486536575078,-0.07603370802568454,-0.08518259485715701,-0.21809959969063336,-0.15020453107354553,-0.2953237486318956,-0.05864840871548093,-0.08600115884509875,-0.16888008472510932,-0.29893886614649634,-0.09082427430879972,0.0626072010571902,0.045614138139460574,-0.30290776016407,0.014469346186390099,-0.19220300529238654,-0.23847225970874328
45.3,-0.7973084178271365,0.04524559154498189,-0.5186147419608981,0.1345736035240411,-0.5158104917419662,0.009690440467522746,-0.3475899081424806,-0.06448352634170697,-0.09243657677618371,0.10833194365824411,-0.16349059448348452,-0.1516179576382411,-0.18427928521096998,-0.029210860419170825,-0.23609741680408705,0.02294063561422293,-0.07732179850862046,-0.08368284290984682,-0.21869046916228194,-0.1504940427598268,-0.2998655180506882,-0.05986613110756242,-0.08413646644290515,-0.1699955194952597,-0.2997312699926965,-0.09207883382680451,0.06033331594281586,0.044741021400688225,-0.3133600405858381,0.014493397601425194,-0.19067394401711724,-0.23779578015240266
45.4,-0.7997877938331152,0.042490839658488024,-0.5181088297094874,0.13127718010609016,-0.5172547150033494,0.007217628186289148,-0.3508787270471008,-0.06658371211248504,-0.09324321552703267,0.1076859992342186,-0.16308955629983743,-0.1512121097637843,-0.18349036081698333,-0.02902318885896324,-0.23296706603801362,0.023501073208520917,-0.07925588208880771,-0.08525994924468633,-0.22062559752685112,-0.14928316331093183,-0.3043213110918323,-0.061126600496944974,-0.09098475701672876,-0.17108327371763218,-0.29811359525903686,-0.0944855568565589,0.06227920767395669,0.04257269938372103,-0.3183440466212467,0.012997340045672977,-0.1941614389209599,-0.23876193288262088
45.5,-0.8001851625248777,0.04164669890870737,-0.5262299774781507,0.13045191481548146,-0.5255753184629557,0.00712620525824742,-0.352217554046769,-0.06740926362472992,-0.09458924587340391,0.10565691537728927,-0.16508032163269226,-0.15264271163631535,-0.1817352225869503,-0.030091755935523323,-0.23087565690271317,0.022806173170537288,-0.0825081473421671,-0.0880111165112786,-0.22536876340208656,-0.14840831253361472,-0.3033108432686176,-0.06215818726394524,-0.09167743866342369,-0.17279110707276202,-0.2962579687673934,-0.09643613047713409,0.06263515722515853,0.04134059267592867,-0.32009747648950665,0.01248402725841701,-0.18978325023693915,-0.23928312185019532
45.6,-0.804702230828433,0.04195287860632786,-0.531705767796415,0.13026591942178523,-0.5230150166059684,0.005355139749258806,-0.35416850888117773,-0.0686591799566245,-0.09418283870796419,0.10456244428021044,-0.16567109345203798,-0.15248026529778583,-0.1790402611522484,-0.030265206238010895,-0.23053389467093705,0.02171235873831515,-0.08139426730075515,-0.09263259369400616,-0.22486173501034282,-0.1484223147071732,-0.306119011591662,-0.0625772070857584,-0.09228405399091472,-0.17513383360903342,-0.2941419617172923,-0.09688142947556379,0.06403117767247161,0.040866848877591976,-0.32328120573438224,0.012666159312512089,-0.1855790504140814,-0.2389770766632527
45.7,-0.7980518593287692,0.03929092215470971,-0.5333322097141724,0.12753150887542591,-0.522501206953059,0.004088826403865146,-0.3572714836364282,-0.0698692578212378,-0.09514372306595988,0.10315967877563353,-0.16440897700901036,-0.15107848300023283,-0.17987106956633733,-0.0300325033095252,-0.22806976827048928,0.021217598949960986,-0.08034683763038564,-0.09220230955351576,-0.2250369912351703,-0.14816936273338813,-0.3089241174736122,-0.06315748180768599,-0.093506740964844,-0.1766247529276901,-0.2949210339774005,-0.09793757311061423,0.06608954327149609,0.039762680178277394,-0.3268763682029091,0.012778010230118627,-0.18594052627206714,-0.24079381275322287
45.8,-0.799079106716537,0.03599756246037778,-0.538595793520139,0.12499770574230669,-0.5267017164843233,0.0057003001916016965,-0.3584000153078342,-0.07215031183355913,-0.09558934669335517,0.1033690626965232,-0.16452611458919472,-0.14934372042559213,-0.1803499778923208,-0.029678932011864223,-0.22617802412336227,0.0229629423891383,-0.07702696648033754,-0.09364502885510959,-0.22342780836429887,-0.14914048926802306,-0.31246757488860183,-0.0640348400062066,-0.09127534062146281,-0.17778552226969274,-0.29595873870904105,-0.1001218500812045,0.06754552497718888,0.03730684758565307,-0.3289127008601581,0.013009431842079606,-0.1817002157346856,-0.24154347064411108
45.9,-0.8003586730056111,0.03522365387307064,-0.5435015205376383,0.12527959355220428,-0.5320506863774037,0.004494208541162585,-0.3583162735021924,-0.07177025837939842,-0.09338161976032777,0.09882900446870739,-0.16465194621079482,-0.14867322284217657,-0.17973925385126951,-0.02863308210581454,-0.22319908505496028,0.022973059509144213,-0.07759266979243659,-0.09387921208430293,-0.2240261728110961,-0.15113105099495547,-0.31724549169900806,-0.06260191939578072,-0.0938975623593394,-0.17873834440431324,-0.2959154473810028,-0.09947027465785509,0.06652028312777324,0.036409861110584654,-0.3311433388925387,0.013956133939444244,-0.1815366835969311,-0.24195248819810056
46.0,-0.8000398606869538,0.03602152129122315,-0.5530836037307807,0.12434821694552771,-0.5324472921557234,0.004064480231179014,-0.3575829751990599,-0.07170786948003359,-0.09140259952536699,0.09803952925046543,-0.16529683787348565,-0.15087194427086598,-0.18752886861491116,-0.028617551032858842,-0.221068085248313,0.023243119688750605,-0.07825555794553181,-0.09661886139260102,-0.23145395164158555,-0.1521700218963198,-0.31854841372594345,-0.06356535844796946,-0.09425182027040574,-0.18058741021170224,-0.30087917654520946,-0.09900210538503575,0.06676203187143774,0.036246677490973725,-0.3336184118380802,0.0122484712342206,-0.17999920427351032,-0.2441747706828875
46.1,-0.8036856774105103,0.03532392145700173,-0.5563625207485366,0.12291876939771454,-0.5344720072783867,0.0006281264004368223,-0.3596532488926813,-0.07168104106043909,-0.09050813397197863,0.0983923658296897,-0.16391152938175446,-0.15208193073986728,-0.18383015997486998,-0.027692165349566505,-0.2182225684208215,0.025593944636049085,-0.08112520167572823,-0.09782007296837707,-0.2297876547373306,-0.15180342617649875,-0.32080409170877283,-0.06289745186891027,-0.09296514490656041,-0.18227746173227952,-0.3062524734986083,-0.09960356247131547,0.06604504401819852,0.03538974631054085,-0.333393557846464,0.011853837875368239,-0.17973900367797432,-0.24411786202044727
46.2,-0.806374567526329,0.035233284738389645,-0.5616771481572198,0.12215355966650245,-0.5373788761539455,0.002403503695983241,-0.3612343198977023,-0.07251699692249454,-0.0914749977455028,0.09750157280359194,-0.16279625690037497,-0.15169391311011482,-0.18340063552289074,-0.025674216935090543,-0.2143767888734298,0.027380768479835317,-0.08210894030782992,-0.10022337380230519,-0.23096195964484112,-0.15073832992606562,-0.3231853967917437,-0.06360253483670796,-0.09686494351177918,-0.18522905337251466,-0.30796047849177344,-0.10022509590690311,0.06588536132752665,0.036332342691893976,-0.3362343873762938,0.01013427637304651,-0.1786091371049956,-0.2461704077649168
46.3,-0.8096945953397113,0.032768624403850165,-0.5668770107847786,0.12295573255824904,-0.53763738878064,0.0026624287466506945,-0.3545545674384326,-0.07321386407900196,-0.08845854713990724,0.09873247211952108,-0.1606401221427524,-0.15162280980763534,-0.18033374019120463,-0.030493100414280005,-0.21507338037621426,0.026538901843227575,-0.08702731270897236,-0.10124489929031943,-0.2292560607798813,-0.15115997280928423,-0.3154918274961159,-0.06141286427975237,-0.09664505253046404,-0.18295072998403392,-0.31060954073100067,-0.1008101101035007,0.06549021065605316,0.034520461545192685,-0.34014547672201,0.008923098936071181,-0.17600984298214642,-0.2479693085298261
46.4,-0.8152613265211369,0.03217668991168808,-0.5689487031786759,0.12269997445523718,-0.5396846542735572,0.0032510806520842355,-0.35589179951056105,-0.07324678070177452,-0.08663436543123337,0.0986659334382621,-0.16154881824466788,-0.15253569605067285,-0.17916620759833318,-0.030426700788021246,-0.21445930299679222,0.029245649895702355,-0.09151356282883072,-0.10518659338671643,-0.2293799404367323,-0.1513798355184958,-0.3139758118476295,-0.06287357033489761,-0.09859907123483666,-0.1835955824249597,-0.31688074247311154,-0.09832666121436633,0.06862323772701552,0.03317833657200819,-0.33877385247686204,0.0074610369874219835,-0.17438500977859075,-0.2487793544273458
46.5,-0.8165307713665744,0.029888914280736534,-0.572120736133787,0.11780980590293122,-0.5377994812793848,0.002443071770551266,-0.3590336087818832,-0.07191387901125093,-0.08123461759964638,0.09654152561185676,-0.17005821972638546,-0.152885449485769,-0.17908645385815758,-0.0314208987057773,-0.20691565278351637,0.030204303060213728,-0.09531632974728983,-0.10417047100678442,-0.22962830224428854,-0.15090431530861922,-0.3109354256019068,-0.06308509783879805,-0.09807101568656709,-0.1848337944849554,-0.3190656758551337,-0.09878143480657718,0.0688670640042418,0.03114075641392345,-0.3410570944376809,0.009891429199064284,-0.1758779993848102,-0.2503060553849776
46.6,-0.8166979760007014,0.029804934383630886,-0.570619256647175,0.11739349997929632,-0.538824192204584,0.003599863246534306,-0.3598488688021997,-0.06986506245161198,-0.08644042670921794,0.09518861440129163,-0.1700771908681273,-0.15364377064880694,-0.18157284521535275,-0.03158181963003415,-0.20785290259383976,0.032203895139320426,-0.09435852166339193,-0.10628880165438519,-0.23198022263457047,-0.15149389162012816,-0.31145613170090214,-0.06541072525236098,-0.09981295008948211,-0.1850083467709422,-0.31994006325061697,-0.09931939904333055,0.06706151534614035,0.02768653393888501,-0.344454170896299,0.008555660857027837,-0.17118204730637426,-0.25231287308963446
46.7,-0.819278557818338,0.028883822236328342,-0.5728026486520897,0.1166443150921706,-0.5367907154588294,0.00416915357956873,-0.35921673208012794,-0.07325346173964657,-0.07866520875274854,0.0929347529064202,-0.17172286009435797,-0.15446793349078164,-0.18315877391396648,-0.033009379969943124,-0.2097191904745248,0.03170691305065507,-0.08348851018076014,-0.10710466300203611,-0.23401727984461593,-0.15053181366316393,-0.31214371860838147,-0.06616677550736645,-0.1025994464315593,-0.1861266582985632,-0.32619059107596493,-0.1003668489579618,0.06501639041718872,0.026528467724704984,-0.33846084283670996,0.009334122629108694,-0.16648152282684836,-0.2529198075339701
46.8,-0.8207055396169441,0.02791811158292067,-0.5761534608068409,0.11672656374831439,-0.5380939994660909,0.0018097243803146023,-0.3582244847915134,-0.07273371724159026,-0.07008193149920924,0.09325848433818681,-0.17517675611047254,-0.15542461580440067,-0.1871475832033547,-0.03174417012368829,-0.2121457621756156,0.03194601785537865,-0.08646374537429562,-0.11000348469783794,-0.2346849228718993,-0.15088475853300778,-0.31503137644655965,-0.06682004261376469,-0.10249145559733255,-0.18528401401179745,-0.3276395578758367,-0.09941108656141528,0.06158264142535011,0.02678537728767828,-0.3399050390139323,0.009538611577472288,-0.1638015054692899,-0.25342037340427814
46.9,-0.8220621254074607,0.02608747689431197,-0.5757895472070229,0.11568388624148142,-0.5391146621330781,0.003907067954157692,-0.35559560766688175,-0.06997935029878313,-0.07110714682828818,0.09299476188459323,-0.1735325719046684,-0.15174492472060996,-0.1873718114787656,-0.033661447483389735,-0.22299736823563054,0.03255359975682006,-0.08699369551369016,-0.10974972455224238,-0.23380610067676627,-0.1540275572336438,-0.3195583408185187,-0.06772082739134835,-0.10186340285521513,-0.1885693327753839,-0.33337001371139535,-0.09830051862595471,0.05825244916707617,0.026403500729550743,-0.34589735432671526,0.010843134640747407,-0.1637841518260802,-0.25627689894264
47.0,-0.8214084234886173,0.02429108123847954,-0.5732881362022112,0.11548841501213909,-0.5419938158279122,0.003959900251498933,-0.3550547246918191,-0.06994246054375419,-0.07058227992248987,0.09166312899050756,-0.17429769618231447,-0.1507188946498985,-0.1886646567432062,-0.02975612333011301,-0.22358399398998938,0.032392280955418046,-0.08446886970849471,-0.10993294476172734,-0.23835187095648894,-0.15327124408712783,-0.32255819363495863,-0.06740879082153146,-0.09849638065248226,-0.19006116396157052,-0.34218968312836573,-0.09989907600939214,0.05578973616592618,0.023906779276601044,-0.347928031285948,0.011290218212027303,-0.16057526865072022,-0.2582720492813649
47.1,-0.8229627720555444,0.023029526049355462,-0.5737343865524571,0.1142895884604905,-0.5431852823102234,0.005399624621338294,-0.35096610701247505,-0.06856218070800607,-0.0727198332542165,0.09191955808441675,-0.17832458030537898,-0.15216573767680286,-0.1933471144499597,-0.028709938096830912,-0.22034170494016622,0.03374925816263919,-0.08630058270362971,-0.11164689289029925,-0.24278180189357548,-0.15337772521927437,-0.32224107611024827,-0.06928895443216018,-0.10085109112841927,-0.1910576111393959,-0.3390759080284253,-0.1032140766199182,0.05027421279266663,0.02383105425308173,-0.3457860648656678,0.011271043966368792,-0.1600828823786196,-0.26074171146953334
47.2,-0.8281918207757752,0.0216986586656339,-0.5753459020338191,0.11404049715116028,-0.5400913358489189,0.005555630746921663,-0.34982085244214145,-0.07097654049228333,-0.07311655470661904,0.09073059890132328,-0.17844025119586177,-0.15327614220542143,-0.19467429329088917,-0.02880806799796425,-0.22608206721952484,0.03196364657318178,-0.08535142290127329,-0.11533567503483005,-0.2464072243726512,-0.15259725084593215,-0.3240686724519415,-0.06934747044486153,-0.10358691447796446,-0.19246298926806815,-0.3421937279418429,-0.10286249225823538,0.04714482100413093,0.021503824267276452,-0.34618802774685237,0.01177925345137435,-0.1563494365617494,-0.26076585246525147
47.3,-0.8321634045774068,0.019990683148696585,-0.5765197997778261,0.11370595973353854,-0.5388666192337936,0.00720455210040405,-0.3530106387043309,-0.07089835972268817,-0.08050100924980874,0.08908996938158469,-0.18049178347394704,-0.1540875540865975,-0.1947592273660122,-0.02983405517240402,-0.232565438490666,0.030405622611399667,-0.08421614234354245,-0.1151997479197582,-0.25308011295376626,-0.15185798935127418,-0.324157969960465,-0.06774750976537224,-0.09981579514929015,-0.19454456332242664,-0.3454144032261977,-0.1017095958655575,0.03661036245578137,0.02323700377575972,-0.34498862779373674,0.013262784680327233,-0.16074968272754633,-0.26299301826766225
47.4,-0.8339543201087329,0.01908257386658571,-0.5775957017753934,0.11269942303559027,-0.539744230674248,0.007756991064810484,-0.34952202558250123,-0.07259995918130739,-0.0824703249518448,0.08572066308003658,-0.18054072743629881,-0.15654605467525085,-0.19820595803820895,-0.03058571005092499,-0.23557293977633056,0.0290351153351595,-0.08268354112724217,-0.11617173682796185,-0.25860712969283334,-0.151232373059021,-0.3257707588350641,-0.06691995031337518,-0.10019937334577768,-0.19501305316573644,-0.3477350059334015,-0.10209508355683779,0.03577451677393361,0.023128075745824764,-0.34664765162244693,0.014235037826335839,-0.15993886846412178,-0.2631802752719146
47.5,-0.8331599604874644,0.01941449429834383,-0.5773987311334556,0.11241447288844661,-0.5394050037207526,0.00897462100332387,-0.3488563514604404,-0.07337194894170095,-0.08751090536100584,0.0840899664812565,-0.18054072743629887,-0.15276805336589783,-0.195333466480574,-0.03135953226427013,-0.23786174643804872,0.025719287002708258,-0.08367512121608797,-0.11317211098220786,-0.2623352319849626,-0.15221810530226815,-0.32864789658782956,-0.06439223959109802,-0.10331989705399253,-0.19680664000201115,-0.3530283437498222,-0.10327504091960321,0.036538069105156376,0.022478080619274015,-0.3515293332085601,0.013294783205923857,-0.15746134760731506,-0.26439766761356054
47.6,-0.8373215089897612,0.01844475990668492,-0.5776757277474304,0.11181331968650893,-0.5376208223365092,0.0071191264841253725,-0.35003913123877517,-0.07314023532456955,-0.08667249807363127,0.08155369456586684,,-0.15305670367210233,-0.1885342255797153,-0.03370170812264507,-0.23988442422421605,0.025644566791275233,-0.08397490390717811,-0.1142020915493655,-0.26933632936364876,-0.15332773812474565,-0.33250909163123793,-0.06240158841037862,-0.10362156820107883,-0.19617566715128812,-0.3571578141786469,-0.10364240834556522,0.038736759544327815,0.02406225942385195,-0.34859999346454373,0.013774103057836252,-0.15741232740253522,-0.26613935753642937
47.7,-0.8394202493723381,0.017043714622647844,-0.5815105509536036,0.11148314083085106,-0.5405887290761442,0.0067488784605075815,-0.3492244357893386,-0.07235718062690912,-0.08896388996742996,0.0796154808315424,,-0.15474169457061643,-0.18894422027913277,-0.03558799102484621,-0.24260673118718723,0.02379738125168478,-0.08928211930268985,-0.11799022492964883,-0.2647622945838964,-0.15355335064588335,-0.33554489344504523,-0.05977682079550113,-0.10517398751327355,-0.19664947111515696,-0.3620850216133146,-0.10742345116270301,0.039743580061756524,0.024507141614034954,-0.3480792506011169,0.014234844988763267,-0.15507270490250682,-0.26746452009986127
47.8,-0.8408145049055321,0.017217448540548744,-0.5852685723099472,0.11035349777143726,-0.5403942823587655,0.0032758117174277257,-0.3463243873336992,-0.07494597242594403,-0.08774133566212225,0.07853737629461284,,-0.1552481039572026,-0.18718627160398219,-0.036873619793358625,-0.2472038956704856,0.02293229107640997,-0.09428499579472915,-0.12058291143717154,-0.263178029681768,-0.1537010856608355,-0.3350536065890657,-0.057214362707886574,-0.10422234772345793,-0.19711516146757238,-0.3696726086046835,-0.10782249014026425,0.03964673438551298,0.02523314537274453,-0.34783063030974315,0.015723254027104745,-0.1562073011577996,-0.269244001597473
47.9,-0.8434422854305895,0.017994678934371535,-0.5868597746705841,0.11166097598671156,-0.5404092669540197,0.0019274430820457385,-0.34911713135579997,-0.07053957568873828,-0.09143395957507555,0.07919083642858894,,-0.1556626544709266,-0.18537165714861034,-0.037743362342285994,-0.25249733290276904,0.02004030157330885,-0.09841759285307984,-0.12135265195443028,-0.263123875494059,-0.15335114565247207,-0.3376070608132457,-0.056842016385861706,-0.10752246577702332,-0.2022750987637094,-0.37173991838485715,-0.1061865272553032,0.039899133971615854,0.02379625287644299,-0.3480312487144478,0.014898803345230983,-0.14967671072606228,-0.26977782231810515
48.0,-0.84338851497807,0.017853852966510285,-0.5895686854908725,0.11105447591285032,-0.5417090019578695,0.001414456183397325,-0.3477484031334796,-0.07110265799229201,-0.0901777279589763,0.07825857997191762,,-0.1561756610841804,-0.1884312727881839,-0.038040108296932655,-0.2556356591818853,0.019586913096134757,-0.09909604643310414,-0.1226798812068561,-0.2620920405849276,-0.15078848944789147,-0.34007563422953563,-0.056381843261010534,-0.107270792588375,-0.20346231943302848,-0.37369589179586415,-0.10721065480027143,0.04046090921275475,0.02333731169907558,-0.34474716317888293,0.014902143076147283,-0.14568409055362636,-0.2707923499989924
48.1,-0.8463179699070067,0.017557881355838585,-0.5919029981643145,0.10981464499163475,-0.5419493169376247,-3.186353303908949e-05,-0.34536479849711216,-0.07146959511770964,-0.09452094133151476,0.07842093237465685,,-0.15820768170323465,-0.18944598708344618,-0.0375123302414215,-0.2523684754320119,0.020343199518846937,-0.09949577170947384,-0.12454262562554767,-0.25781748957414774,-0.1511768714182273,-0.34316430463449493,-0.056575004881294064,-0.1084552639939725,-0.2073412156387891,-0.3803604887619133,-0.11084121131850037,0.04205764799837521,0.02100189866102146,-0.35052632351882645,0.014033105082903154,-0.14792872818027297,-0.27099882814793136
48.2,-0.8435045982841177,0.015812311533043626,-0.5980269644087317,0.10624525201338016,-0.5439265347577167,-0.0005752364862495244,-0.3519641512641162,-0.07021325797734673,-0.09405454013895002,0.07487377461494896,,-0.16034844550006852,-0.18839702787885315,-0.040613110330133734,-0.2518639765773245,0.017753005617643938,-0.09913716472579125,-0.12648648343264654,-0.25479765958870926,-0.14977627709993113,-0.3429245372851466,-0.056260394140035135,-0.11064715706050696,-0.20876131640329915,-0.37929224947077667,-0.11251811774422743,0.042847191578761525,0.02060535999013259,-0.35089272247659414,0.013883826698005284,-0.14611027821637812,-0.2697008446333599
48.3,-0.8503272794218155,0.014576943259569953,-0.6037489598681265,0.10389005237793753,-0.5433041330665705,-0.001853357230600286,-0.3565580679394391,-0.07048431074739532,-0.10000178017342685,0.07369950187184708,,-0.16182441165889225,-0.19105268315462542,-0.03932262032322644,-0.25186397657732446,0.02046467179439348,-0.09667620029043109,-0.1318745844242833,-0.2532812614665584,-0.15034476183757314,-0.3428662344321652,-0.05581220791860042,-0.11360506126421036,-0.2110983057269282,-0.3786929558982329,-0.11383707377169053,0.04191468718762798,0.020327280732651613,-0.3497448631411448,0.012524728209070385,-0.14537864866314573,-0.26996032793594493
48.4,-0.8540191278138035,0.015438675279733654,-0.6063808699296238,0.10348553257638834,-0.5463286377215522,-0.0014556186504229211,-0.35590300107671613,-0.07030301640506893,-0.0991583943744457,0.07389418546192168,,-0.1612311656478816,-0.19318965089950177,-0.04283650320471634,,0.016949283885423837,-0.0953918090018479,-0.1350343218122298,-0.2540277860056052,-0.1517196438962263,-0.34126647301324575,-0.054343092637350966,-0.11448116304331567,-0.2123148494232575,-0.3781511780645515,-0.1132695232551467,0.041887905204284676,0.02048936934409275,-0.3502151549064945,0.01350432665124713,-0.1434203591521733,-0.2701169112383382
48.5,-0.8595135587028716,0.016635257848900048,-0.6086681053881882,0.1018342615049977,-0.5429594151856201,-0.00577659276300255,-0.36288270346147167,-0.06905485279049633,-0.09958137687132836,0.07280737610117166,,-0.16135129718970773,-0.1917102515176641,-0.04310983358435203,,0.013545850898101409,-0.09305739522879433,-0.13667129191736607,-0.25261936730989415,-0.15227326132076935,-0.34648487660265526,-0.05368540721609451,-0.11505389238839778,-0.2137667809464473,-0.37578376396372715,-0.11371040700612452,0.04262482200924963,0.021002753958443934,-0.3478668954606243,0.012630151331589541,-0.1395291266079861,-0.269664920281528
48.6,-0.8651554766736841,0.015896252927708476,-0.6097967917379585,0.0994735533519797,-0.5467208314076648,-0.003940405077733529,-0.36609045777312194,-0.07028610845955965,-0.09953392876821661,0.07187190480850193,,-0.1629932175151172,-0.19852714127908702,-0.04571342574303313,,0.01213999301161495,-0.09305739522879433,-0.1385018306922324,-0.2541342281742017,-0.15381033722423762,-0.3511245620858739,-0.054012299549666805,-0.11335561751136149,-0.21460842675125097,-0.37578376396372715,-0.11471904427339916,0.043110270661160806,0.020502677028412013,-0.3474905990956922,0.012688788252257943,-0.1472628233742777,-0.26981515393995664
48.7,-0.8651071791268393,0.016457401195454927,-0.615430426538196,0.10009800425562755,-0.5513050814060995,-0.00311208375629443,-0.3699430171141913,-0.07045549750592826,-0.0994177936160819,0.0702866933125351,,-0.16561128393665525,-0.2016765525491863,-0.04897573689890613,,0.009509810655655065,,-0.14181197368044834,-0.25409874246531033,-0.1542634698387437,-0.3523699447139242,-0.05418295387009284,-0.10874876150686366,-0.214979704516264,,-0.11484967490239352,0.0432394450760731,0.018878768427070237,-0.34749059909569224,0.012139446649300651,-0.1404081685555567,-0.2686413394845183
48.8,-0.8697007561688432,0.016488588886005337,-0.6182671751903922,0.09977969086593318,-0.5498784419183343,-0.0031120837562944354,-0.3708852729888486,-0.07017633055994214,-0.09709161858219131,0.0649794703081682,,-0.16680113185020662,-0.20861552249271606,-0.050379443133082305,,0.007456230757782981,,-0.14436372399678726,-0.25596371340441376,-0.15444873900113382,-0.3542241662275903,-0.054635988058902483,-0.11396391031129431,-0.21646221502088975,,-0.11499215905286884,0.04055440262060648,0.017228928185005318,,0.012329832123943665,-0.1384367659854491,-0.268110279136036
48.9,-0.8750870658000617,0.01747283924178016,-0.6198578126454586,0.09891080921388423,-0.5495964961888509,,-0.3742905468601133,-0.07192669803076221,-0.0974830941183885,0.07015264493584872,,-0.167606355800808,-0.21240705833564244,-0.05395550684624614,,0.0042586076384771064,,-0.14759088664463738,-0.2539968171469539,-0.1554122061646281,-0.3570807141223241,-0.05587140790984803,-0.11319337672426084,-0.21725019271940268,,-0.11451171935323065,0.04128784071482563,0.018629581649939976,,0.010084149943194808,-0.1348331565335154,-0.2697691136953071
49.0,-0.8794028612250951,0.015823316478187854,-0.6198578126454585,0.0987546858530928,-0.5485231561932895,,-0.37698287578903106,-0.0726941581961704,-0.09165715335654087,0.0701067771072066,,-0.16925612199159765,-0.20523796277235998,-0.05685002432522124,,0.004154327942746883,,-0.14977265507070087,-0.2506328733191434,-0.15476839445165066,-0.35828174401672375,-0.057170314422445835,-0.10851959426992995,-0.2173281228016325,,-0.11440793153252919,0.0426980673246229,0.019425656117960353,,0.01049854851474782,-0.13079792899563986,-0.2703569254071048
49.1,-0.8795846331987762,0.016459678930696185,,0.09540364851325062,-0.5490397961410198,,-0.37939789364965654,-0.07415003220577769,-0.08590149152814967,0.0696098259556539,,-0.1704238824007877,-0.20485415737529064,-0.05970219911972307,,0.002514111465017442,,-0.15106339720327894,-0.25009085940014264,-0.15669901073873443,-0.3592059559702259,-0.05904563625018681,-0.11273593279150852,-0.21725362874508808,,-0.11428439284402145,0.0407074944785396,0.019409429894190124,,0.00856730758824533,-0.12619448440598638,-0.26922023963021335
49.2,-0.8806367679954975,0.01486998784738572,,0.09663224589710405,-0.548137012676214,,-0.38235358970643196,-0.07511873619164361,-0.09363705986145487,0.0690637898679769,,-0.1714205381554685,-0.2076061015289626,-0.06487039348528939,,3.740949525274436e-05,,-0.1538499590647145,-0.24846532789122572,-0.1585540237355416,-0.35983068682197905,-0.05802726990278796,-0.11210000685886679,-0.21725362874508816,,-0.11491636614111111,0.040021783290806905,0.019409429894190127,,0.008939308005735705,-0.13169291818729661,-0.26708777871633405
49.3,-0.8806971194614599,0.01465983583418192,,0.09663224589710402,-0.5471207733264278,,-0.3844949844758472,-0.07289773334138824,-0.09317557990985406,0.06665641531073509,,-0.17212924319160403,-0.21086965938163743,-0.06387247998676833,,0.0024270973831785427,,-0.15531826603303242,-0.2476572541072192,-0.16155690815577584,-0.35700371135539166,-0.06001485875190611,-0.11586192618464877,,,-0.11354646743794473,0.038495550980093836,,,0.008219901428535022,-0.12659481775781334,-0.2672801230314552
49.4,-0.8793153347426483,0.013252945392911695,,,-0.5449221444213374,,-0.3844949844758472,-0.07304535514341982,-0.09317557990985406,0.06554548433300435,,-0.17143491111601838,-0.21212615516613867,-0.06466726817853782,,-0.0007833392935780738,,-0.15596130412062312,-0.24684300400171466,-0.16170981002868884,-0.3583840730229548,-0.060287685962880706,-0.11554992995038506,,,-0.11322010736202544,0.03499562110615915,,,0.009608572741879914,-0.12266985286689262,-0.26673585058386645
49.5,-0.8787888391982833,0.013834857754185413,,,-0.5442687199606719,,,-0.07276632536705717,,0.06571679821917059,,-0.17005097843626232,-0.2121261551661387,-0.06390467321984737,,-0.0019842607403593687,,-0.1560410877991189,-0.24465915339398692,-0.16087772275644427,-0.35912401891713525,-0.06091272802809194,-0.11554992995038506,,,-0.11022041180249163,0.025835337485226054,,,0.008234963248724634,-0.11692905284879326,-0.26780032971775974
49.6,-0.8787888391982833,0.013517061353979487,,,-0.5442687199606719,,,-0.07621498962452238,,0.06525393090792404,,-0.1714496261764801,,-0.06544374134557407,,-0.00587345699463254,,-0.1543469355954699,-0.24232381378802373,-0.16087772275644424,-0.3606981462332612,-0.060912728028091924,,,,-0.10955379223577053,0.024264509666115465,,,0.008570201736340616,-0.11425333386085999,-0.266421835672454
49.7,,0.013517061353979481,,,,,,-0.07621498962452235,,0.06687758367154799,,-0.17144962617648013,,-0.06552567697837908,,-0.007833504715516882,,-0.1548318996911954,-0.24232381378802373,,-0.36053229433969447,,,,,-0.10997559338902621,0.023596737633781024,,,0.008406428763773236,-0.11401550301099898,-0.2664218356724539
49.8,,,,,,,,,,0.06839662748888005,,,,-0.06552567697837909,,-0.01012657666545865,,-0.1535090590877333,,,-0.3605322943396944,,,,,-0.11243525007487745,0.023773472334554322,,,0.009585284866708031,-0.1113946319386037,
49.9,,,,,,,,,,0.06861627625863768,,,,,,-0.012087712759567285,,-0.15580536491710728,,,,,,,,-0.11389623526738406,0.023773472334554322,,,0.008083698366678507,-0.11053558554997081,
50.0,,,,,,,,,,0.06861627625863768,,,,,,-0.01260902024508342,,-0.15629939558625486,,,,,,,,-0.11372836848208026,,,,0.00685377832670634,-0.10803909065249023,
50.1,,,,,,,,,,,,,,,,-0.015019852372108802,,-0.15339780122384059,,,,,,,,-0.1127376641730273,,,,0.006853778326706341,-0.1029174880633314,
50.2,,,,,,,,,,,,,,,,-0.013326794451267582,,-0.15172778105190302,,,,,,,,-0.11273766417302727,,,,,-0.10603938603783589,
50.3,,,,,,,,,,,,,,,,-0.013326794451267582,,-0.15172778105190304,,,,,,,,,,,,,-0.10008108739677697,
50.4,,,,,,,,,,,,,,,,,,,,,,,,,,,,,,,-0.10008108739677696,
