Replicate,Rep1,Rep1,Rep1,Rep1,Rep1,Rep1,Rep1,Rep1,Rep1,Rep1,Rep1,Rep1,Rep1,Rep1,Rep1,Rep1,Rep2,Rep2,Rep2,Rep2,Rep2,Rep2,Rep2,Rep2,Rep2,Rep2,Rep2,Rep2,Rep2,Rep2,Rep2,Rep2
File,001_-30min.txt,002_-20min.txt,003_-10min.txt,004_0min.txt,005_10min.txt,006_20min.txt,007_30min.txt,008_40min.txt,009_50min.txt,010_60min.txt,011_70min.txt,012_80min.txt,013_90min.txt,014_100min.txt,015_110min.txt,016_120min.txt,001_-30min.txt,002_-20min.txt,003_-10min.txt,004_0min.txt,005_10min.txt,006_20min.txt,007_30min.txt,008_40min.txt,009_50min.txt,010_60min.txt,011_70min.txt,012_80min.txt,013_90min.txt,014_100min.txt,015_110min.txt,016_120min.txt
Time (s),,,,,,,,,,,,,,,,,,,,,,,,,,,,,,,,
0.0,-0.027932330044766286,-0.041832184531648685,-0.001964818088327921,0.0023486691741187752,-0.057061891615135446,0.023382456752845542,-0.0013244102313828868,-0.04693104703683458,-0.04696583061570626,-0.032604666930321845,-0.05553278994234466,-0.1939417071627523,-0.047617870333549105,0.025896043254336434,-0.019688705656195113,-0.005045856527452391,-0.026155017489303916,-0.029247050069713933,-0.04209706810993598,-0.058251297256981874,-0.05875314177612482,-0.08645218426211056,0.05754954571623096,0.040950708143608676,-0.025356210499288632,0.016776679204843912,0.029384130378533435,-0.005266055620422876,-0.024201414763051123,-0.01672212766473123,-0.005278041005612414,0.0018135731316747204
0.1,-0.027304467766651717,-0.04151055203906877,0.008285834422742977,0.00048772591836959754,-0.05445382106365902,0.024278369449196206,-0.0007008751653926187,-0.05951221139996291,-0.04647804311258012,-0.03634983264308532,-0.05575953442021382,-0.18380294682010154,-0.04772200144156127,0.017969909507398706,-0.014508109972247142,0.0005905326017744908,-0.026758679423610987,-0.04472625742038536,-0.039464930320800624,-0.06404898972496584,-0.059314845988837184,-0.08611277680434282,0.05568427725839013,0.036564404648256166,-0.027700190254454984,0.012594026057809583,0.032360507964840746,-0.010644209802282478,-0.039366772256744086,-0.023334769748283853,-0.00013308257310927623,0.004826655027779297
0.2,-0.02910000557945312,-0.045188606903664275,0.0013380709394479964,-0.0017872345655449851,-0.03693026298024547,0.0148634752371498,0.005202454799933672,-0.06503984621869846,-0.04195185549991348,-0.0380240856404972,-0.050971596174148925,-0.17711743638580593,-0.05619681745355088,0.025935821984122597,-0.011490220081948544,0.0010756452190947092,-0.0281733582522235,-0.03859326719692216,-0.05294694944354238,-0.06679442901309517,-0.06267367616461335,-0.08648386131239791,0.050506727700855056,0.03174866449922212,-0.002452686356302429,0.01343619239378988,0.03115798960370333,-0.007222795948285553,-0.03261802270272055,-0.022014337461093755,0.007002352366729536,0.006235873425176919
0.3,-0.027576839280455682,-0.05268133405031447,0.01050582685498308,-0.007862918183549835,-0.029049352608872033,0.013345517913673057,0.0018869719509222239,-0.061817880758328475,-0.039320781348542125,-0.0294295939888903,-0.05467741681202657,-0.16922058394473904,-0.057859593633393186,0.025457933062741002,-0.006319496835816336,-0.0006583633976223432,-0.03626256665755765,-0.030866527855060017,-0.05236985194228279,-0.06474611475446256,-0.05487229217745848,-0.09476077728829695,0.04281107562819808,0.030118199235268844,0.0024924753372026352,0.01766693953124388,0.017882890175104683,-0.013102070797765979,-0.023774514455665977,-0.024921414409077823,0.005927582540385484,0.008187545101147187
0.4,-0.025903214187613047,-0.043792861902121234,0.0027833630381899443,-0.014125786653216212,-0.02053416768972275,0.0049630335489168394,0.0071725807719428495,-0.05726665773779278,-0.038085675199811236,-0.026323873269175957,-0.043983652014756146,-0.15353101546750067,-0.06028416970135174,0.01629982205557121,-0.011167810733336713,-0.0026508361048441956,-0.03624366253583764,-0.03203600455454454,-0.05199829628407158,-0.06655670183459816,-0.06726336145698131,-0.07697746906818806,0.031049100355197586,0.03743115709118431,-0.0037348391265026744,0.01463607833212238,0.04036225453753833,-0.020583050916582534,-0.01882080030769299,-0.02450480449659959,-0.00506497370636595,0.009949387385994332
0.5,-0.028738547831678223,-0.057547306356169566,0.005334985777724643,-0.016420992244125136,-0.021595934709752237,0.017926281213955546,0.0021681024702489326,-0.058345071483944674,-0.038387829688292394,-0.023604844740842304,-0.050975949173648394,-0.1463753583253105,-0.054708425855207056,0.017122119944115714,-0.006338313358491871,-0.0013810323447500416,-0.03354099654784199,-0.03507873529485804,-0.049040738121231525,-0.06565975841676967,-0.06201561361515547,-0.07853476155802826,0.02041131127585573,0.04185412263665335,-0.004876510638134292,0.01888965488851051,0.04197350516162681,-0.014155263507327822,-0.004727634918786772,-0.013787493425038518,-0.0032523390352399745,0.016614673090856652
0.6,-0.027485918040645218,-0.05346994785140135,0.0016955074196584985,-0.016428116639273956,-0.019711310750811933,0.01442563730574941,0.002664244065419806,-0.06252094865923419,-0.03458815312574592,-0.0133757547755329,-0.04792211106239352,-0.1168353906017866,-0.05376401922116003,0.00998029533551542,-0.008540037539541603,0.002147423546062888,-0.027505705093231317,-0.03169303133452088,-0.042231376052053786,-0.06503269285130515,-0.05940807009171121,-0.0760906436831207,0.009944511126313789,0.04088912225802528,0.0018733382996112475,0.018248756511614346,0.0417995820703675,-0.008450133305717398,0.0025989387930581537,-0.011916431050907752,0.0025273260650825057,0.018735178349708868
0.7,-0.030998999258398177,-0.06056843255844145,0.007653486521308614,-0.021223085796013248,-0.022912033593619024,0.0266710559074995,0.005568892437484022,-0.056729877468807643,-0.03562735186147344,-0.016880178683921592,-0.04163007589121139,-0.09821333353854782,-0.05661112580851106,0.009855573786448598,0.001472041750736087,0.011636400556138333,-0.041784812411856935,-0.03282843165843492,-0.038478927299456206,-0.059806779505417226,-0.0551054158091094,-0.07356066452570686,-0.0007659488476472087,0.04251961635713468,0.0028645822924259754,0.006537760899608211,0.04224004311980357,-0.0009479822989598412,0.009284578674344067,-0.03070269180377556,0.006978348907350906,0.02365360081503965
0.8,-0.025862759382943763,-0.05565091206861425,-0.0086980995687369,-0.018707392322613932,-0.01577104607225985,0.01650159926149718,0.009813405072249835,-0.05509220450566932,-0.033379495058707145,-6.8615157656617705e-06,-0.04272121123119997,-0.08328626522815023,-0.062390246498461685,0.00902274134994338,-0.008146859967778256,0.005381463556821271,-0.03350608495052035,-0.031717955640536845,-0.03866395387237652,-0.05140187209248245,-0.04878152069987778,-0.06848131171379436,0.0005256393328225353,0.043182095924694006,-0.003708517708759294,0.0070147824901420274,0.038335181965892966,-0.0072083653805248785,0.004404790859231073,-0.018566829703104283,0.010585045711514343,0.023216646154832404
0.9,-0.020675372396289214,-0.06544863986663191,-0.0037702223752608638,-0.017738145260873566,-0.023701354931803306,0.026616162375750308,0.004725812880583104,-0.05575639907723204,-0.038120723880833686,0.010750882709054081,-0.04241579143705626,-0.06479169975467942,-0.06182913020527903,0.012691769745451005,-0.004315479889651581,0.0027353984099712006,-0.027787947621487875,-0.03749472117343974,-0.03407184500402842,-0.04283857451627464,-0.03928426271874608,-0.05822146243685094,0.0010772067261736438,0.043539901124832976,-0.0021937645652142647,0.00623871922518051,0.035654692181357805,-0.005561502186742168,0.008364395655655202,-0.015309793288642895,0.006844487224993508,0.01726293210700432
1.0,-0.011748255124176621,-0.06875288963781631,-0.013673517457688536,-0.02141345980757431,-0.018509442468875554,0.029369645878330318,0.003936254174648292,-0.05563506749684126,-0.036197295937056236,0.007499680728814222,-0.0319837382509661,-0.05741034039333288,-0.06493568784924492,0.016826492706772733,-0.016317044435472623,0.007001641437801167,-0.021234706760150174,-0.035738351396802155,-0.03413074184658081,-0.03745968677548209,-0.033144287404242856,-0.05192038406180062,0.003914305071956332,0.0352156590232536,-0.010223531794756782,0.005271039668994218,0.031801818700910145,-0.009052369425390583,0.01168089112411824,-0.006036490754628312,0.008320013401764028,0.01182379779215544
1.1,-0.01749456061789171,-0.07221320422998778,-0.024050559448784745,-0.014614859911591841,-0.0349290030489571,0.02584941471297626,-0.005834805265040704,-0.040825172958529964,-0.04585758963753615,0.007001146039142754,-0.026505581852113567,-0.03763642667344069,-0.06494493322078708,0.017247638648866116,-0.017479445023105552,0.002933837145924547,-0.01798592228605172,-0.02978994877469677,-0.027654388564063374,-0.023552812430390983,-0.028979644620157324,-0.05310447713661634,-0.0019935685169622554,0.025464773905251897,-0.007443413180503167,0.005312900249647461,0.02292990107915043,-0.003495363788373184,0.018450377025180226,0.00045141995366704117,0.022236921804367857,0.011666325873625127
1.2,-0.0015069934617419536,-0.08184180635504157,-0.02168996904778559,-0.005568200157122936,-0.032253490796587445,0.023468838095585115,-0.015091169876203023,-0.03681276767178152,-0.05020684138564571,0.008831280927865988,-0.012892392230061177,-0.025225739178841865,-0.06879594860296599,0.009366954399406931,-0.018600419887372814,0.002070606757881489,-0.016260699420278586,-0.02346432921272359,-0.01677151913583343,-0.011441954193371955,-0.025590402801658908,-0.04940633741802885,-0.005428986936188042,0.022076896680997438,-0.00259022813874519,0.0038122503872248252,0.02371204392032779,0.0018488989593690515,0.0240057866017673,0.005109770722443616,0.022010424427832836,0.017649724149539633
1.3,-0.00851105075517384,-0.07122968163003676,-0.006172548530043022,-0.0009824944983063408,-0.028468120746664567,0.018095007019336404,-0.0016029167430014783,-0.02971021650481395,-0.03951730407945015,0.006561957645907766,-0.008979340721185345,-0.019592712469049624,-0.07497575503369173,-0.00213064812554988,-0.021515686911021382,-0.000677444293120314,-0.010269625655022822,-0.021700974678031806,-0.009401451644357408,-0.003981427083122398,-0.02114979999973356,-0.044892426167975695,-0.010084511134061563,0.02560737710718202,-0.0090171050283514,0.0014972253667091904,0.022166472620351037,-0.007916397575870336,0.027109529054997705,0.006400585447790651,0.024756123810664568,0.020755866529080805
1.4,0.0018392833090381889,-0.06369942121523073,-0.005994535424439806,-0.0011998899988506955,-0.03200492117306296,0.024485897893360423,-0.003409940857286909,-0.025007252854104538,-0.038505290511878065,0.013009706989455642,-0.0015003957896618284,-0.01232829173368908,-0.07568231258874535,0.008465796872385224,-0.02118436115409203,0.006119624784385834,-0.009030317056621728,-0.018420041456779085,-0.007433752288692998,-0.011865341863911047,-0.020824849888813196,-0.03611404555162592,-0.015677588164549554,0.01624042352518731,-0.006079240202620776,-0.00045238704339774574,0.018956763424401175,-0.003379462068547786,0.03194988351352168,0.00847653545142426,0.023126492423530293,0.01944052167442023
1.5,0.0033868524428958754,-0.04558406273620927,0.00029552730177434604,-0.004863910141783315,-0.021623799924633393,0.013452142621330758,0.0005706702523174762,-0.017025687204493198,-0.025905223720781988,0.01586737692283585,0.0010010481321917949,0.01376078372291165,-0.07143438323530585,0.00017801227893695523,-0.016116588847173187,0.0012070779827251306,-0.008892963212445544,-0.006776703642584412,-0.002886863117796238,-0.007571861652430343,-0.014393952991729908,-0.040269577688059395,-0.023991828441231534,0.008708250312084966,-0.010258312434182184,0.001715032552197728,0.009299593625368485,-0.00198826942701851,0.032503931711840815,0.019677116563440848,0.02449676553413101,0.0250100437328707
1.6,0.01874521424788327,-0.04733948162016977,-0.0017774519190977057,-0.016742514816855094,-0.019968829165937237,0.019518761766770188,-0.01130691427253288,-0.02481353951654202,-0.02202989749612881,0.02480887438697809,0.0024972012625015497,0.017732683521179755,-0.06077310510992857,0.011204187981845767,-0.011451722105043756,0.006520466010271038,-0.010032203779899924,-0.006024200599500861,-0.0016487189655377526,-0.013766996104327548,-0.005644412699523119,-0.03680617301586051,-0.027694145357273044,-0.003221048585296873,-0.016361831420640485,-0.0017229763125998485,-0.00022148626494870093,0.00235385363354027,0.03638702506616728,0.02163465757079294,0.019613192049434954,0.015348989171154553
1.7,0.019998136264445354,-0.03737322326405645,0.001735543014795835,-0.012876983403450944,-0.021015492245991713,0.014443206297178103,-0.012552528857537838,-0.022639218382136124,-0.02396275200894291,0.032440842195546285,0.0014099980420040836,0.016223669074260805,-0.05754127451928503,0.007765734785057072,-0.017785845998841334,0.0028461951644517852,-0.0034842024724811593,0.0013562034009918559,0.0029325746735233867,-0.005163905863876678,-0.0012227225913413497,-0.031087758611914592,-0.02946839958777231,-0.009530882420159238,-0.01726459839026188,-0.004891874829805608,-0.00941506818612669,0.0036019193791177783,0.03178139960089266,0.02044519762870379,0.022633098795413274,0.01897927308403075
1.8,0.03399161606199612,-0.03440292741730154,0.005745711129479477,-0.016220376374586044,-0.014822234264815042,0.015553479898826135,-0.02308406764260279,-0.0035165739233415203,-0.016243432812589578,0.03308807682582404,0.002444570566449239,0.020124454111406592,-0.04497798978393261,-0.0019057057827691463,-0.008980601181257044,-0.001037688379183164,0.004679198715780586,0.010206354356854281,0.014390770723544534,0.0027329066697056865,-0.0011348063930419561,-0.025342128374928826,-0.03235309758879434,-0.00872196907965938,-0.016589870309626154,-0.009107829016153915,-0.013515358124684192,0.006399406394173594,0.03419896401682044,0.015899427147032068,0.02885033692480354,0.025415265790835008
1.9,0.02354151313303751,-0.03006264514362566,0.001967230424497715,-0.00614199709679054,-0.012519394387482393,0.009554058392949823,-0.023778503285175657,0.006027881743290834,-0.011724172395469364,0.03479830697228541,0.00563360949291335,0.029652575317603683,-0.040593232573446686,-0.007646008680463887,-0.0011375976738368856,0.0011348576602834553,0.009147751418013517,0.017933158338115155,0.017434892540512458,0.016121353690153675,-0.0009204201215626167,-0.024844337315303076,-0.05454999130671695,-0.014365607257543942,-0.0036156026202802203,-0.015465976038511381,-0.010957249146569986,0.003896752323986261,0.036616117711550274,0.018810180369602022,0.029288725703036058,0.025032026643959447
2.0,0.03574070555916484,-0.02015569360622721,-0.008055440099315069,-0.005938379696319598,-0.015707637831963574,0.001284700113338762,-0.018421342685277165,0.002316322311029063,-0.006988024160882213,0.032076647212336426,0.011933810435578595,0.017349059661443067,-0.03577871321661898,-0.010631194279596684,-0.0029549473408603103,-0.005052242375846873,0.010141350002062567,0.024025143247655832,0.02254922157261408,0.019876673170291508,0.0034532113724017955,-0.020292404805341172,-0.04647372798893918,-0.0227849563947408,-0.0064895246146762925,-0.014415902717202625,-0.012999128036576758,0.004944799313442686,0.03497380756855199,0.022649398866513723,0.025489887926594804,0.029023561981449505
2.1,0.03936134346366048,-0.023054977180730286,-0.011970753591472297,-0.004709785177243021,-0.021036852392827706,-0.004779237912443645,-0.02532680082513417,-0.006338887870298721,-0.007729823905391481,0.026685803709601028,0.02168895438755131,0.017539997214200263,-0.028021392406055976,-0.003442713259696703,-0.0051171997306311235,-0.0012433521241085163,0.017128789586438587,0.025162392900493016,0.025695789682096324,0.024512667631600236,0.004516497239148038,-0.004202484479825426,-0.03986540346256818,-0.028353961283094194,-0.010556032499353588,-0.014804244448348686,-0.026439217257981703,0.007393886334157197,0.03219225351554739,0.023307248537656554,0.02178482212807889,0.027886736948721576
2.2,0.03999206980667295,-0.011024908299585542,-0.013158114755745577,0.0037599871166508203,-0.026277118967070832,-0.012969974774077065,-0.021565740921144133,0.0001764840041876488,-0.007081828281659097,0.02624980076702963,0.027713594036963666,0.009407523504032156,-0.01971609893553827,-0.0008394231025305472,-0.008280176942701585,-0.011629814340600219,0.032704332411189925,0.034488946944775334,0.021799601879831623,0.023462448443604043,0.003647710399675064,-0.0036785060062282395,-0.031861673805734056,-0.030225250737031525,-0.015081303732298022,-0.009159038427926293,-0.036593188799791045,0.005352066538803671,0.006822771574755108,0.025415648792650954,0.02067314002368756,0.027896768781605567
2.3,0.03622651211462584,-0.008259023207303252,-0.005452038313521085,0.001784702359627311,-0.02475429623948927,-0.015490863801594576,-0.024632402366643727,0.002206007875623403,-0.004957682568725041,0.02273045243651168,0.028034142525986423,0.006705756090818295,-0.015905603899629583,0.005118487605200975,-0.007659683221127733,-0.012309139514998457,0.018491451359485093,0.030523960418337825,0.02345396674789342,0.022494014938475197,0.0015883167624783142,-0.010397890109716767,-0.029933704026781485,-0.03529248344854765,-0.017053740245964198,-0.019672433957768826,-0.041376314158478235,0.008676320384988234,0.014314131174882358,0.018947844425446166,0.029922990767583073,0.03114551535081675
2.4,0.04022119595353988,0.002085356833895547,-0.0009656171185901283,-0.011228217735037302,-0.025004890423177065,-0.020042393333151214,-0.022116280385190333,0.003833693185324392,0.000333313827261344,0.015292917179817265,0.029345658827190098,0.016295405103630273,-0.005179299866048687,0.003987374449436256,-0.006732398072885784,-0.017243655765183146,0.02309356006809961,0.019916860859753395,0.02753618876359474,0.02632947069459424,-0.0036291515038838623,-0.010630278071162855,-0.02966946327587093,-0.03765536423823024,-0.015903992810634975,-0.022454012598588993,-0.042001069947642126,0.009030821875341453,0.017441485455414775,0.018140080296396643,0.03997649276070459,0.031709448462648504
2.5,0.04436156895641662,0.0028296002658270256,0.005046806356775872,0.0026691404702315906,-0.027261106268546446,-0.015448790911760189,-0.03363887664115827,0.004869115902217794,0.00708891317171381,0.010672095336331828,0.023976056843005293,0.018538233642292366,0.008225879754902124,0.01251651094805207,-0.00887947680711318,-0.025323788877680612,0.026865822272408833,0.021370023869784083,0.028038050639966644,0.031073435401402956,-0.0009631676986588282,-0.014112791330249935,-0.024428516010963817,-0.033801246429873796,-0.013220319705747698,-0.019910335798257375,-0.044656632531428105,0.015169127738215113,0.017813450433508578,0.012443989115650665,0.04911746282883825,0.032052958220854764
2.6,0.03584069289309803,0.021629792344426028,0.007960271563977297,0.005792189155808856,-0.022717157558551023,-0.019200283493093103,-0.034230870703630616,0.011254232680827479,0.009336580500205766,0.006724733337134604,0.026211934959438746,0.01651638124758885,0.01574772591049375,0.008762232983762192,-0.011537377264111026,-0.03386376728997276,0.02209484589886777,0.01470431587305653,0.028829290634604203,0.031691045685373224,-0.002539844737927256,0.006265825890354936,-0.01681106999696605,-0.027923173334528397,-0.024467139850383273,-0.021783722039539273,-0.025905827944690894,0.012594784662253037,0.018164999892871167,0.022378327690578344,0.034136132885033664,0.021088029254828836
2.7,0.038730762598297976,0.021271436395636997,0.015757773733004105,0.0065009011345853445,-0.020354342594109683,-0.017266057692245193,-0.03616223500082954,0.017567497776953562,0.010967915756412351,0.018665645078282365,0.0163020112108881,0.008586258120563734,0.027993110385605785,0.006590001743770221,-0.008868567857023548,-0.04453564463076058,0.012628231998739017,0.015998816354229662,0.03548678028799951,0.028937113306061416,0.000928095174801064,0.0002954161867583398,-0.016080719917411574,-0.024957506771244864,-0.030113803390532073,-0.016616154672545506,-0.037980024670628915,0.011462872287591812,0.02386217709510179,0.026248074109868708,0.028427225991173644,0.012917341497593375
2.8,0.025098563916069988,0.02562140243501647,0.017500770014836978,0.008782782749188546,-0.01121135065709524,-0.01991454241606714,-0.034576802727808345,0.014870002283928416,0.009669056800687796,0.007707309487950335,0.018962509011621786,0.01282977579705994,0.038798955948917975,0.015034264845437096,-0.006246019004185936,-0.046532785817877224,-0.003046903533852757,0.021071836573534484,0.017127803026849124,0.02276664178932727,0.006887465392008551,-0.0016827129228118747,-0.008680567324234847,-0.024697645523212786,-0.009772342305484715,-0.012483170675478114,-0.03674441926080691,0.01374813516310744,0.02122090286106359,0.027733533437636723,0.02534600474837902,0.003183300911318536
2.9,0.02276145565670709,0.03313995720672409,0.025580468542748647,0.0066574620275879235,-0.010310172340452489,-0.022527105301119923,-0.0342007588518931,0.013107681408880995,0.01776602219393834,-0.005194913122171104,0.015675804278179235,0.017135824294806506,0.04762906427150771,0.006860139658828007,0.004458212059974119,-0.05233713562091836,-0.01207530248970396,0.003089682793476409,0.0083267518927587,0.015557086128473549,-0.0009006630626547985,-0.002823507571751283,-0.007921089538649709,-0.023631655800289177,-0.009345566056871795,-0.005835078121092442,-0.03919289061669477,0.012754618876152642,0.008559706200221113,0.022736035457527712,0.023406557253903386,-0.002804051177559623
3.0,0.019157709623111054,0.035614057825730835,0.028146990376543515,0.007063653503436037,0.0005458252554381053,-0.0260885381586614,-0.029732907067534016,0.006782939928508571,0.012043468492887122,-0.015275855763265794,0.00811497251832863,0.030030151124349022,0.05701139784735669,0.005016026791551817,-0.0022745403188479054,-0.04472085842920282,-0.014118314259504891,-0.0011223903122206309,0.009538826404415205,0.004125852031639783,-0.0054117457663251465,0.003592609126875216,-0.006842997735531119,-0.01989450369949938,-0.005110331805437012,-0.004466818533548075,-0.027515136352159353,0.0023667918541494283,0.007249737824021314,0.019251193045198473,0.021249815063341806,-0.006426234331544863
3.1,0.014791711376131065,0.03808461983757013,0.022954232529693606,-0.009925245670956017,0.0019534022253422196,-0.026725064918348824,-0.025535039717305176,0.016166954790233033,0.0190529971191392,-0.019032461920573007,-9.562478904790073e-06,0.031032775110178663,0.05953604917134212,-0.0071608244227750785,0.0038760803304639315,-0.051971729959506247,-0.01664223606927845,-0.003077269150092457,0.00802983820030789,0.0049269345852909294,-0.015085745645853797,0.010602794985866536,-0.00933085353982826,-0.016531852962361437,-0.006128223771776717,0.0026062190705432218,-0.027317193907056694,0.009304842074177375,0.02074559278559096,0.01837266175272184,0.011982307102142443,-0.028323950301323956
3.2,0.002379734985564719,0.02926986745090955,0.02313931455561923,-0.01872399201951628,-0.009456789970417063,-0.024060203855442303,-0.0322309613833801,0.010816997572056956,0.017717889342088913,-0.022036002202068798,-0.004051118777142781,0.04091819679951536,0.06070845858771609,-0.01142501881973816,0.0036083868002036346,-0.04747254292735067,-0.017747027855238972,-0.002376211767801441,-0.00017699854820032199,0.0041998148768686225,-0.02042921048957896,0.015385692349626556,-0.003158729817650986,-0.018336139441030894,-0.011224535064466811,0.004974425601682517,-0.0274187366436954,4.983176203956564e-05,0.014669323432005698,0.009489555907358792,-7.60957515206839e-05,-0.029397406262693923
3.3,-0.0020877349873659823,0.04425230654650178,0.01919880935347812,-0.017281466931826098,-0.026669856194745874,-0.025963748040011923,-0.02376911615216818,0.020658601553379657,0.016387391223873067,-0.020895538444475694,-0.003172894155787416,0.04420540095370887,0.07110323200225377,-0.020212475976361156,0.006748578683610162,-0.03963489315176666,-0.013210782478471038,-0.0024968501331610604,-0.0029624695294932263,-0.007479821285438297,-0.017966935095600656,0.01822989386357971,-0.005875994445939864,-0.014249981672124126,-0.012341295389370037,0.007179983261118673,-0.025320570464426987,0.005426461294465105,0.008782311109406358,0.0065812398712696086,-0.003636846934948396,-0.02986923247985725
3.4,-0.0191721146220213,0.03474998607652861,0.009682042407749216,-0.02010715041038939,-0.031177153366294362,-0.02333597506023791,-0.031080458742089888,0.010964871824797646,0.013191281152934753,-0.024863498910519026,-0.0098111212747211,0.041915895905386476,0.06865256731967223,-0.027372747128407083,0.0031021156047378383,-0.02807821140247442,-0.008747019549543825,0.0031447054937631174,-0.0006365708521898647,-0.00890670901279463,-0.002380453288912779,0.021139038413290515,-0.004478544377155394,-0.013264194972309941,-0.009815550278475492,0.010109214521991955,-0.023852633432118218,0.011572104527906342,0.010370538189724342,8.955326953641557e-05,-0.0052984474109819225,-0.03296716059779942
3.5,-0.026840301570801306,0.03179688524405824,0.006741024410841173,-0.02986649241969802,-0.03139363706299523,-0.0370579863529505,-0.02831941049899421,0.007985511297571081,0.009636768303721784,-0.03249632731546277,-0.01223088164322545,0.050086070693767894,0.06601059823492596,-0.041196488551705795,-0.00042139786722597073,-0.029344034631281057,-0.003917869548568134,0.005060236921995535,0.00529939727657645,-0.0082614304052334,0.002113090194880103,0.0283477345202209,0.001686189842865416,-0.017413815470744064,-0.0014029312242110105,0.005847184629328298,-0.019831944730385985,0.010969642516902644,0.0017211771221162745,-0.005621820009647153,-0.014151075625749413,-0.03762950896629101
3.6,-0.047117037688640374,0.014308750569274895,0.003144886879795843,-0.03625971828566178,-0.02055895316969308,-0.03785611749470586,-0.025416363144328873,-0.002589827368105637,0.008742664800597662,-0.029823236798064822,-0.021799700877682165,0.034911333040125905,0.05606398497891657,-0.04482066048376206,-0.007066070991384027,-0.02909304128989324,-0.010310688216235719,0.0013031693161260297,0.0034960199262769214,-0.009807381905953993,0.007880743608262734,0.04080635830641268,0.007739940252562089,-0.015432663897775636,-0.005104717540317275,0.003278785131614609,-0.013087152709734264,0.006700627573050987,-0.004637552679469672,-0.014245324874963059,0.00022091232204481627,-0.04583329720323006
3.7,-0.0486148443400177,-0.0008745957458446413,-0.01623356205702197,-0.041033882780673304,-0.018539998521528427,-0.04937516515011037,-0.03214798820867073,-0.003222806591776116,0.000758336119059441,-0.02855922685028781,-0.03810196620146106,0.03683219769870793,0.05792668064948273,-0.05758946529723075,-0.025276840796292735,-0.038759304489836215,-0.008792653345578647,0.0042556002221575346,0.0015893964069181856,-0.002455546355291868,0.015956571572451762,0.04556174528400561,0.009438562664073044,-0.016175238427456936,-0.00844286923449457,0.0015823120692618883,-0.013477076608598565,0.002945550688442533,-0.008302200734390888,-0.0032107068420498767,-0.008804201985983518,-0.0546019178817903
3.8,-0.06430619993629012,-0.006287309533343332,-0.029227995238190276,-0.03896865077749086,-0.018982198505243113,-0.0412706522386503,-0.038661681057010976,-0.0019838571354196966,-0.004561859994061071,-0.029446986848453906,-0.03768993167148664,0.02649286780402065,0.041019859880924804,-0.05551991296951233,-0.027270276602658027,-0.03990054561260911,-0.01049252045724582,0.003916825204558562,0.0037033705970753823,0.0005258871786717905,0.02005861848772875,0.05101918452732894,0.012074981385313724,-0.019174462360659016,0.002133829302966219,-0.0030337811445466825,-0.014392868278910299,0.003289603992293885,-0.016060674584898897,-0.007242962028073562,-0.023023857993413676,-0.06783450330112746
3.9,-0.06395174094993984,-0.004853736777274248,-0.05887603755056957,-0.04403646018955448,-0.01175381761238462,-0.05366036548453284,-0.0377126057243229,-0.0048363578587341536,-0.018358978656644556,-0.04683952470636977,-0.04829783849022672,0.02648938166148654,0.02629071383964341,-0.06284332240289466,-0.0360320026004846,-0.027330749852698403,-0.012557993356565355,0.008361696305673556,0.0004560874982363503,0.004788387633747977,0.022990319153528515,0.0558421778357582,0.014668349215674434,-0.027262849732744725,-0.0001906910287820313,-0.00445495575161424,-0.011789177248043788,-0.006432406951193341,-0.02204641516817674,-0.010367460986088472,-0.022424878706028713,-0.05860201662419993
4.0,-0.0624716487404021,0.007561675872787562,-0.05867819749641017,-0.03766947937040892,-0.011513602717409218,-0.05018463576653301,-0.03226144916013173,-0.003578103053829774,-0.020203245555188258,-0.04027466803650622,-0.04029503420884813,0.023850479143405028,0.01968625894039092,-0.0673680316828426,-0.040769785565797814,-0.03295780152099278,-0.013243404834799187,0.006819690232754765,0.0037834904702571466,0.004640162324409435,0.029586124859964757,0.06175973930946861,0.009730743097644478,-0.031274473919532336,0.006168339907124565,-0.005505729181421718,-0.013829512252780668,-0.006908714567851878,-0.02935178249927426,-0.014623753716177749,-0.02796031508077386,-0.049856283690820936
4.1,-0.05225110303183832,0.014149152794612848,-0.04563587761879391,-0.03559999510418148,0.00751831023156278,-0.05279709978384124,-0.01866748698939333,0.00029156925632019964,-0.018103243508117903,-0.04330106338030108,-0.02503895928561501,0.024653849232752566,0.005611425191776979,-0.06683954182378334,-0.03418810043253946,-0.021937775960254334,-0.0060306053936391305,0.010520791121731276,0.012005293656729614,0.009357521327469727,0.03289478746401908,0.0709628686429444,0.008051017165710602,-0.026575294838286415,0.009061807770776692,-0.0016151670640967423,-0.005940792148129844,-0.014179732087693589,-0.036454126904704474,-0.021392420522866284,-0.04541139588082874,-0.04031941032379713
4.2,-0.05594213920982939,0.03172474916199136,-0.03328393950270506,-0.03252314820805078,0.023560756456082202,-0.04247881595306908,0.004709153073601939,0.012752925975504764,0.006375145911031092,-0.03447632410734374,-0.018046514482734487,0.03589115997755145,0.006422199243982808,-0.06489870758686557,-0.021617852425186886,-0.01210986658492458,0.0030388208759299534,0.010753285823734299,0.001835060504118019,0.004805122802654488,0.039229357633804564,0.07614066383007656,0.00785792752919445,-0.017988568937128725,0.004389588238017285,-0.0025540366665143662,-0.004467103397219766,-0.01776764132344401,-0.04513581048552574,-0.020107194538448385,-0.05195124446998748,-0.036692605048378416
4.3,-0.03216244620544383,0.03919161904583035,-0.03468165188575467,-0.009405210784040276,0.040712886799193965,-0.029939282885859158,0.015011936342432254,0.016902125938106718,0.008767552658981312,-0.020324055898189256,-0.0011869481094501976,0.04702742589123494,0.015883044483339392,-0.04698588987375472,-0.0120516984817198,0.00497819674263948,0.013468190180735397,0.016382014227393205,0.0019832936575164338,0.01710626842624116,0.04700933912070789,0.07973587906074546,0.0066497423511013955,-0.015185759109002253,0.015437918925664292,-0.009860232192122122,-0.007018665643611211,-0.00901487009450145,-0.0480750108595712,-0.025238545899589813,-0.05234778812129753,-0.031183354593419338
4.4,-0.021515762631799617,0.05480848651311561,-0.024499095450943607,0.013203086250606944,0.06563620217775885,-0.016180775660828924,0.04376881486109421,0.03688528543052691,0.030962320851619405,-0.007463808588447387,0.014794154710428458,0.06843546940817039,0.03267514380784898,-0.03560124204695368,0.008872855171778105,0.022216203307496223,0.02659702298465419,0.030829413115049553,0.00993362775346706,0.037561223346795986,0.06266327438998615,0.080722982050013,0.010170267123176802,-0.008980385207554502,0.021260786919762815,-0.0016077912213261364,-0.0037906742265771806,-0.006238858881155528,-0.04643420163692884,-0.021187841165920283,-0.0552443131402761,-0.02285839001767471
4.5,0.00540465706916346,0.06836705390957999,-0.01055646312781875,0.03717961679593725,0.09185628437591618,0.0070987383058288625,0.057787753448623705,0.049029894265822625,0.04662995575110485,0.006990018112664293,0.041844590812586874,0.08093949367510853,0.05239562063864446,-0.007328496315299123,0.02698787827416846,0.051933240411893296,0.04916313974124601,0.028736591140534742,0.019978617006880382,0.049501486631044096,0.07914710354969717,0.092982576080183,0.017445441215129344,-0.005137574700070144,0.029304458908525313,-0.004018194419734136,0.004070875183506911,-0.0070287664323939935,-0.04524473174186954,-0.020271335093397777,-0.05377012957773257,-0.016865882222953762
4.6,0.023814679736582137,0.10276009236310094,0.009594706895327022,0.07029836238111359,0.1193209867384187,0.026725074801476564,0.08935011563083481,0.09485443293473612,0.07823287924489347,0.02326078911065037,0.07200785269877744,0.11412845674431568,0.06648318992159599,0.01844492644343384,0.052491589766693554,0.08156855138891789,0.06298170766259009,0.0361764601456749,0.030174373876020837,0.06844454958527707,0.08754681715884098,0.1051513524045782,0.021282640244774276,0.004732350252330286,0.0517329297228167,0.0027394273310229907,0.019024430232903733,-0.0065205435022769615,-0.04261698468089566,-0.01966983880507151,-0.0677605821455335,-0.0021825740442448127
4.7,0.05747180112975804,0.12767626687300684,0.037231965127098775,0.10637762376285918,0.15973747070614738,0.05842081434174741,0.11254138764509614,0.131811345744845,0.11618978527950712,0.04268677204297135,0.11131570191813095,0.14027256849085776,0.09364963871272144,0.060729971524964135,0.08886543305822911,0.11707171255253675,0.07434418926006092,0.0214007190059579,0.04598746835854023,0.08128703387463099,0.09571764263051499,0.1159924600716047,0.02627165552268166,0.019100352000155852,0.06517867858810748,0.005278349667772124,0.03151135295290911,-0.0033553854254956455,-0.030053641030423038,-0.014085022284018024,-0.05679390210679227,0.008654980320336035
4.8,0.09066387456213064,0.16448950231476403,0.06337292941644863,0.1493197073645804,0.18872098367292728,0.09096436643505924,0.1614975792400554,0.16275481160898186,0.15522906048938617,0.07988941545328793,0.15361305848314277,0.18342529173119992,0.12552277581388405,0.10193663956579595,0.140705744559707,0.1634660481119393,0.07532354281292604,0.031190587301001806,0.048300074614543956,0.09656019013178811,0.10810083977366967,0.12781230771432547,0.014139878074199788,0.02266059151483755,0.08120197376509913,0.012765907846433316,0.03960180211481993,0.0044786089747774005,-0.02805237667922835,0.0042815136616560475,-0.05165257423718215,0.019834763159690967
4.9,0.1337507327822773,0.19931774784697087,0.096672426658476,0.18597002326846845,0.2229537279940951,0.1233559408990079,0.2107175820327076,0.20266029344359845,0.19596092701670959,0.12261265347225404,0.19366281350641507,0.21937240216808662,0.16719155545540373,0.15747509435334534,0.17313984351469933,0.21019877986869942,0.08395084576542165,0.03656977181364639,0.06537149166885632,0.10346679259238478,0.11786849136124612,0.13893483283802124,0.042740085269326794,0.03943584441157203,0.08813065523980207,0.019881995981732663,0.04282128197707942,0.020087882193372892,-0.022266306553909217,0.010110621479631038,-0.04289490400318241,0.02723647514795644
5.0,0.1797129768996951,0.23693221101013376,0.15345863797704484,0.2304915808767983,0.26210678010840016,0.15801051672606978,0.2530331084698005,0.2509101178944682,0.2507768208532929,0.162491069155574,0.2459872573365616,0.276061132506636,0.22090795005645283,0.21696722596622192,0.21653867095132456,0.2578242740564943,0.09269891497463338,0.048720236352656765,0.07500299399505903,0.10889560355115738,0.12537787547149684,0.1478980497315559,0.04622801700494894,0.0565978503867762,0.09705793321863385,0.019083985833981954,0.04474586907546786,0.03327645903314432,-0.01867859764633227,0.02099257176659526,-0.020893419548612242,0.03587360524151311
5.1,0.23375469031841464,0.29044950621848253,0.2060494863508726,0.2825610365109766,0.30874528823549974,0.1913356508903434,0.3118331058757582,0.30780264903289895,0.3020935430067265,0.21718976532252993,0.2958361121476522,0.3265718368405811,0.2705764962944176,0.27796800206246397,0.2616397647732247,0.310038959713212,0.10069330400927569,0.05372191633371753,0.09530368960838087,0.11747594947564625,0.1456385736862439,0.1451490842822783,0.048228114594155415,0.06652477538166074,0.11091763570052109,0.024918468321962223,0.06138063276979612,0.04148633123061262,-0.006142478419225457,0.03540233846024412,-0.0023889268109240766,0.04147311893242303
5.2,0.28993907464165597,0.3438413050679966,0.26130818418264595,0.3353901697552402,0.36430036642698604,0.2415571917646494,0.36271561057297946,0.35983598167793157,0.37021907891595224,0.27889589585668306,0.3622967967253402,0.3932811444948154,0.3228580854890105,0.3583479546544345,0.3157826893738822,0.356549378739195,0.10596832727207418,0.04752086082162078,0.11654973914071892,0.12888586389064638,0.1678070026461832,0.15155186181347172,0.06038705182896603,0.07524219460881733,0.13149778437786233,0.0362814984253272,0.07183637274827057,0.05491265084785035,0.029170897737498033,0.04394752541495232,0.01737134459720181,0.05401640128463337
5.3,0.34725225781983826,0.3977816101004505,0.3140161089873697,0.39252295521077785,0.41604500756699603,0.30119399617193615,0.4185082954476023,0.4253629827432513,0.4447027990405734,0.3505093024823469,0.42496048670844067,0.456984761516903,0.38994661044406126,0.43224147619800574,0.37722948761339975,0.4173296767972503,0.1208326350424167,0.045738694738222445,0.11498932741435858,0.13496043455101425,0.18839871068463493,0.15442002518571443,0.0727626338757232,0.08684752730051777,0.14324778278573924,0.04488111119701819,0.0846966525326089,0.06851148840218557,0.03278483686189548,0.06271085282719584,0.029967775944618705,0.05623799913169161
5.4,0.4075125480526959,0.44697192687054227,0.3675064923369618,0.4636704059639213,0.47054955447014135,0.34390935523988686,0.4798743358248598,0.4882141702739662,0.5130960389801569,0.4158803358700254,0.49263728489066494,0.5256260917394427,0.46171803770924175,0.5099489154052266,0.43974851179529917,0.4907376073793822,0.12442923303572141,0.055505100387868184,0.13178981846363613,0.1384156902859364,0.206463622055922,0.15575060445453293,0.09041435969647962,0.09877668675417824,0.15753394571696294,0.054416793497040046,0.07838065665912437,0.09651391368063483,0.04508751251051201,0.0789809520966282,0.03471910538475155,0.06011718437034152
5.5,0.45133628816534604,0.5035344182136982,0.4284957901088699,0.5188477508841626,0.5262078572701842,0.41464090937883064,0.5516337586990501,0.55728836881926,0.5910995619911085,0.4908899652286318,0.558911079744013,0.5769981846883557,0.5387845004884452,0.5843474352509599,0.52008029940168,0.5565860479447227,0.11987999130397735,0.044930878222944365,0.14982078699080428,0.14024311750403898,0.22259625555755502,0.1572789747632203,0.0979939820313138,0.10205056591558596,0.17348716558239458,0.06324968078370172,0.07217643480718174,0.11149029611916918,0.054126026941273594,0.11202653477577997,0.03358131139607736,0.06170807159122874
5.6,0.5113030758135251,0.5521552152164442,0.4890401206197362,0.5763118384620288,0.5850773018370655,0.48376856176313726,0.6151628858732195,0.6179912172137719,0.6616227583194167,0.5546989918755092,0.6227291441380568,0.6568244298842163,0.6164697593321222,0.6630711903163701,0.5833677560393954,0.6329258826045393,0.11363261764678717,0.042979533521349575,0.17065750983679065,0.13599718791002496,0.22937938235962724,0.15583582200575774,0.10248476929513597,0.11010543973668138,0.1841536385644857,0.0820000609755674,0.07315395852614529,0.12334952102866867,0.06817073976420261,0.1317017370369094,0.04364110130236973,0.06854918068199872
5.7,0.5607118188576119,0.6143535780273633,0.5549697327851552,0.637518390436636,0.6370002694307009,0.5448776032205886,0.6906956409495627,0.6888968574412021,0.7449480508132523,0.6125274083495909,0.6939642349801151,0.7460978267349055,0.6967943279093364,0.740864231584022,0.6544821019746052,0.708336541679364,0.11018130562366803,0.04335186677587012,0.1868198245188632,0.13432027959763826,0.2536612057703488,0.1502910460108484,0.1186422211515934,0.11538334513001368,0.1997928863411606,0.09587817776055749,0.07393821735649599,0.12406076634955022,0.07750748794923185,0.14961552173721143,0.054737602053529524,0.07071546583914297
5.8,0.6289115082935607,0.6681288006318838,0.6260577333421202,0.6953080547120393,0.6912173179506242,0.615728254493987,0.7575894053784591,0.751410346417489,0.8234281158501764,0.6782244136361731,0.7629920579230298,0.8281626175329899,0.7712223904590917,0.8293114190158393,0.7218593939193666,0.7849210964562499,0.10647179699710625,0.0447953847786437,0.20098520454732638,0.130004624248665,0.26534888249904387,0.14807829476784662,0.13350949354262495,0.12157957982200869,0.21660972067546225,0.11029900456404934,0.07235007923771211,0.1438433383956987,0.08989947964969466,0.16438256435769377,0.05667186044734387,0.0785074505956475
5.9,0.6712585403356367,0.7228347754189864,0.6861781574527781,0.7421073306641267,0.7366159643165483,0.6845960144070401,0.8265386466279373,0.819912343638844,0.893312917653275,0.7437582330272826,0.8291109946436286,0.9147422268174225,0.8591773636508419,0.8975146092255831,0.7932982101480512,0.8617101969801702,0.10404293993552063,0.04599066478054347,0.21473107337280808,0.12563364247470254,0.27005091963783723,0.1417461404793527,0.14330533155170366,0.12243158154399174,0.23077075828498253,0.11820527804047552,0.07922571701394118,0.1721804419885995,0.104608794686121,0.1812225565843317,0.05768314918359336,0.0757504545996671
6.0,0.7252738895895054,0.7738521294919739,0.7563858989148781,0.7965327168222236,0.7925681353368716,0.75370190276834,0.8943262730507602,0.8914847179288886,0.9696279389954792,0.8248115012422234,0.9118505032809344,0.9843100088080868,0.9352075204224785,0.9785116621316605,0.8670338265948736,0.9446602591315026,0.09513602621951306,0.05136608621793356,0.23052617921114352,0.1286800037831636,0.28044960565846194,0.13768393972981371,0.15673507733928546,0.12289787925228567,0.24336810446256135,0.127120423430171,0.08318249961491972,0.20301252978591036,0.10745803966312335,0.20044179582479865,0.05576723835047685,0.07578385010599907
6.1,0.7731776991538962,0.8231082245164374,0.8132704502958512,0.8635795410879311,0.8337197440274051,0.8134879791168219,0.9621418146193657,0.9536738119749246,1.0403790672417808,0.9017043495426211,0.9804136152906971,1.0623493726416469,1.0138006470669374,1.044210469864524,0.9308849545369109,1.0188288206418208,0.08898833939002587,0.055289895708651046,0.23969742588620752,0.124393695180309,0.3002585245857332,0.12366236927464222,0.1584348986444415,0.12038444893458901,0.2505370074193491,0.13160892167144783,0.08291159678870987,0.22501075595285525,0.11391063485047426,0.20380506634362536,0.05245040098320151,0.09695069377761273
6.2,0.8184948413391155,0.8719295242649486,0.8618057748988226,0.9245412151557681,0.8847703805836384,0.8806761616209625,1.0260112469499183,1.022202267319175,1.1076137928267642,0.9732200780828879,1.0446927720518848,1.1244336448093206,1.0852121340929302,1.1182311851777667,0.9908394205892502,1.08663240415167,0.07684885150581192,0.051266598254801454,0.2454748803910042,0.11867641407061828,0.3132085287310349,0.11457057452472955,0.1593834429511979,0.12520872929643362,0.2632948260755915,0.13868326384583954,0.0934231413551057,0.25058959960286126,0.12254920101332961,0.22276457361780982,0.03976231207125392,0.09852129519457688
6.3,0.8442258377518806,0.8887199588554753,0.9145664380969091,0.9708232928244283,0.941160136493262,0.9462264454086114,1.0788334071725476,1.068201021613822,1.1726662761978,1.0363191380119559,1.1049077633280417,1.1895504764774496,1.1539321636310147,1.1808740699746485,1.0476170780673753,1.1483013804946287,0.07154747266529263,0.049718470037501926,0.26040229053466885,0.12726003420287962,0.32655291769429623,0.11076306033305464,0.16524730783066263,0.12521201265482199,0.2772116248234221,0.14553579322004687,0.10150651515611507,0.27173676961541127,0.12494838163184864,0.24105207667207298,0.045688722736745825,0.10017262598016034
6.4,0.8811872590194153,0.9229462621072454,0.9702611802345846,1.0142593560685018,0.9966612283045239,0.9982756812270861,1.1370074898413072,1.1190914971379837,1.2327678204561041,1.0940572284864505,1.1471745796711246,1.2481739413179975,1.2147122484289912,1.2426575771377828,1.0990427562864948,1.2066336196934107,0.05711541713690622,0.048001448246734586,0.2676806086177453,0.12390833543766806,0.33231586079341263,0.10741537980943255,0.1692136433754004,0.1185131255214103,0.28830109438153506,0.15162186422238422,0.1186586312985904,0.2953141264235984,0.1196552442290593,0.25579649042791797,0.047325589656870996,0.09784154556773601
6.5,0.9017797043678248,0.9482160044085008,1.0077017204278091,1.053298135344228,1.042465159198063,1.0522908833789681,1.1775624888079361,1.1669718104981615,1.282635055833326,1.1545303404615297,1.1973892932221386,1.2901888776558252,1.2641082407682567,1.3035263376172117,1.146641465379122,1.2612341743436735,0.047990722256127494,0.04664266213298757,0.2615634218694197,0.12847120321417674,0.34529369218687866,0.1024402126621944,0.16971607980329878,0.11288287273045514,0.29578815804523917,0.1629312284128417,0.13606361293247435,0.3128548173444986,0.11455230977436108,0.2676925934628672,0.04766536879531422,0.10260211445432285
6.6,0.9343983678573837,0.9751929222458282,1.0275873888484204,1.082706944144015,1.0732976555915754,1.0995089853260591,1.2200213956187944,1.2175975670082502,1.3111069357013663,1.2030957861936367,1.238803584191838,1.328976278192075,1.3133206255241352,1.3480199260441552,1.1844205773551204,1.3072879740883652,0.05001954415762619,0.052373810369185536,0.2646498411155234,0.14347855142813862,0.35328599895601914,0.09865735914740098,0.16768220362556727,0.1122286118347859,0.3176493503370463,0.1730903260908796,0.1510225942634997,0.32910332694907346,0.10650546974658033,0.27713595967902266,0.028185902409111646,0.10944591415917933
6.7,0.9490012989281136,1.0059865183689096,1.0431961116925093,1.1065628728069645,1.110751619422007,1.1400459452986824,1.24711413217248,1.2502472167513954,1.3495352355059425,1.2549010200197916,1.277973318923883,1.367182740006656,1.3471480063212187,1.3946111854280834,1.2237829555415607,1.358326918299159,0.057618582829932416,0.05934524892513244,0.2695399433548401,0.14428903828846668,0.35802837368269513,0.10042580974981867,0.1662875373838769,0.11403391164720283,0.33498615527669084,0.17993947532235902,0.17330926094444282,0.3445871448209911,0.09575357281223225,0.29791989472644265,0.03136928705288232,0.11216874293940099
6.8,0.9712842395079503,1.0308456064234481,1.0620052079468685,1.1270810409355692,1.1471278717490019,1.173400072521311,1.2804905017525057,1.2864858388318996,1.365143041033338,1.2985385906163605,1.3079680921111703,1.4081677627304103,1.390451678277511,1.422632552664858,1.2687513125066407,1.4021622353581809,0.07070837193031662,0.06597550653073099,0.26651234575730187,0.15206796992063384,0.3688619792178822,0.10592901053293324,0.16525915856895948,0.11951874932437667,0.34848439798874375,0.19817609115698198,0.20191756545967368,0.3575077660342967,0.08651792481740475,0.30126630700503526,0.04136824404429943,0.14026168697909944
6.9,0.9821607040844583,1.0434286641206718,1.0885734910628653,1.147124335311038,1.170142156689293,1.2149860058047985,1.3007151895768632,1.3132399093890526,1.3875778612736824,1.3384594644931005,1.354325568959418,1.431484690468624,1.4263313050247879,1.4575050107103673,1.2944891689962654,1.437155879324652,0.08977435028496458,0.07519007070809909,0.26631305188624604,0.15590868352009576,0.379290018966937,0.11647077320938663,0.1710309868105192,0.13811267751353856,0.3727160899425367,0.21516185579001873,0.22713656172927485,0.3856842743239938,0.08870466350119235,0.3116664118109866,0.048288825269626946,0.15478250916045735
7.0,0.997337566887016,1.0555422920946018,1.0999590416946174,1.1639101784873338,1.1858798296119428,1.2385006881549439,1.3259154901455483,1.3371833646791562,1.3974977316141926,1.3725536174448547,1.3821995574829153,1.4678106128698105,1.4578902481809268,1.4740820548962565,1.3372895244060063,1.469997909248438,0.11095244552128979,0.08294749987459771,0.2757148349839643,0.1727837738881504,0.3893800058073953,0.12518443925521885,0.17593054523818522,0.15481608846304282,0.39106502449621794,0.23226305415963253,0.258071346059134,0.41019826167108664,0.09715926759074574,0.32865736747470353,0.06659865012257196,0.17874513990574395
7.1,1.0,1.0514321211080526,1.1044964078686543,1.1842756472268028,1.1940639236364767,1.2654107054406858,1.34404290071725,1.3481803783387611,1.4093413544528701,1.3917366733881305,1.4018341683291238,1.4835051763828475,1.483351012768397,1.4839654804999647,1.3608274308255794,1.5032000090025806,0.13812537564803268,0.10521293432204501,0.2726024236663672,0.18761435992641315,0.4053101043457594,0.1423268759187282,0.18918864437739144,0.17794104759127752,0.4127769215095987,0.24083860371368163,0.29460691608283107,0.43885382184121413,0.11038220726364449,0.34176717715343374,0.08518473757640203,0.19556484076688696
7.2,0.9890439640997994,1.0543363889533708,1.103556911417431,1.2026405164385185,1.2042840026044783,1.2690027477301333,1.3545361123081385,1.3638248156073733,1.4204679862982181,1.4081512185198026,1.4194861762098159,1.498999361385202,1.5041987233683765,1.4913606899505796,1.3790199869202142,1.5261701951998525,0.16539333405393,0.13088852310903618,0.28654125498268423,0.21662221898332337,0.4319364302492203,0.16566453581677754,0.20705201930896264,0.19370009773695568,0.4488368584668201,0.26546761723213896,0.3318976594037399,0.4629547042368791,0.13260152806180836,0.3554756449151564,0.11274509378553889,0.21584966335590264
7.3,0.9835130331281222,1.0553160976355191,1.1012638677255295,1.2082853318760702,1.214122393386884,1.284189561457883,1.3650204639811623,1.3770782726815438,1.4202386552347592,1.418937271798195,1.4318519565678245,1.5085220604195047,1.51562359829362,1.508809696533635,1.3956866511376178,1.537362795465385,0.1949518764991301,0.16663468363147454,0.3082615646764827,0.24383463302028094,0.4598171313480559,0.18451130492488288,0.22391010660565808,0.21416369037081634,0.47185273167249375,0.3069941511624071,0.37957068348385176,0.4892220755811506,0.15040160899910918,0.38152597053814785,0.1463228920489732,0.2427921967623081
7.4,0.9826762076598295,1.0548842097712436,1.0990949641685128,1.1990546101619564,1.2222052590975074,1.2859482051229156,1.3518572073526258,1.3844907834315476,1.4286486765533282,1.4297824961308756,1.43694995636403,1.5110427669220403,1.5248806566111133,1.5157753188190632,1.4077670709853483,1.5570836442537437,0.23035179387181373,0.19151687900149736,0.3237241231978135,0.27469334161203374,0.48826060050801084,0.20895791205741265,0.2446366068574424,0.2406159274965887,0.49926582716671436,0.3376132290267275,0.42864598769792994,0.5134872590610466,0.182694033435368,0.40856806576972887,0.1738325857507707,0.26820150269487486
7.5,0.9874206620451781,1.050373558601018,1.0939262741462294,1.198977883262139,1.2309204672300684,1.2896924547753168,1.3425287146270966,1.385168435455652,1.4318029899812004,1.4368695811193644,1.4368413001280156,1.512168358782453,1.534704753618765,1.5176365160055725,1.4183239116067639,1.570104799095614,0.25310369000530497,0.22822672719743134,0.3403635687556025,0.3087631446739357,0.5135398245922854,0.244148291576986,0.26650566062593833,0.26939843168441746,0.5381472085211605,0.3754091537030939,0.48033030671032767,0.5492924465650483,0.21768248385762332,0.4224226176751721,0.18932182888351448,0.29217066698292943
7.6,0.9836229119527529,1.0328510540573423,1.088809747960474,1.1894145491801509,1.2304776429428983,1.288849170038884,1.3245750745172278,1.3734310262884837,1.42219151899486,1.4399504068707472,1.4299820237068723,1.5111193571818902,1.5353222677134941,1.5191229512853552,1.4311688292406881,1.5791248401012903,0.29534051922662014,0.2619352270022863,0.3627762610745977,0.35033766608402744,0.5383086749561176,0.28036698118296477,0.2947399757520906,0.30970410314669283,0.5606442304882006,0.41269327609666023,0.531137923973673,0.5880346616863318,0.2555126346362856,0.45689519725911487,0.24968876604516183,0.3200922103527761
7.7,0.9820472966910841,1.036672371264453,1.0644037862796807,1.1746257300449905,1.2265817142539293,1.280919936960596,1.3324385611457916,1.3744184604654572,1.408307060605028,1.4419070188908667,1.4202586574835485,1.510944771938928,1.527125068203855,1.5141551978407357,1.4328817790105923,1.5813241385465635,0.33704173899765777,0.3228765788083777,0.379338415395624,0.39438290075972,0.573951648028065,0.31504175934068573,0.31446987627047324,0.336190861474599,0.5955497869213813,0.45072891157056316,0.5863303612143624,0.6196982179766981,0.28750174130947914,0.4850454453650377,0.2956712983672834,0.34491988436426946
7.8,0.9788486516541122,1.023792645571489,1.0427274325996012,1.1613719498823356,1.2224841833538642,1.2523376244090987,1.3261867835766752,1.358199580766188,1.3862871338969844,1.4498502998697926,1.418138566915219,1.49546307387289,1.5266210137570029,1.515709676989526,1.4107594329194943,1.5835325799178686,0.37972934966126587,0.36984005849997803,0.40901044651800306,0.4374159071477549,0.6108842088682114,0.35331290576927243,0.3594887420548436,0.36917342764177014,0.6355498642019142,0.49337869994982847,0.6484713978256612,0.6562168119457589,0.33083365704697354,0.5091774908892758,0.34710853330613983,0.37551606134050514
7.9,0.9893460024687671,1.0157139512155946,1.0239535784502003,1.1525596165261982,1.2187256380922415,1.2367187874556733,1.3038457438269544,1.3497957893518424,1.376861569314181,1.443171295315766,1.4156413597632835,1.4844300664217327,1.5184043534472267,1.5110313524018344,1.4103876400691935,1.559340154265008,0.42336083804241853,0.4167396510025306,0.43598799742893685,0.479603775679111,0.6573848007958876,0.3927659558666201,0.3897769460493236,0.4050525996147699,0.6695507170210526,0.5455939911862661,0.7068684662992034,0.6889507989285139,0.36940760172168674,0.547174194037501,0.408485059746487,0.42212073940846734
8.0,0.9774020676600496,0.9965967447857127,0.9959596868538059,1.1407060865671685,1.205918512749824,1.2213643889207548,1.282578545634365,1.3293114697450559,1.366165609859999,1.440757214961777,1.4146498018165337,1.4594738255710287,1.5066364343763028,1.5059026182298687,1.4052831480400392,1.5650341822714282,0.4742224125544117,0.4604744564211608,0.4671942217490129,0.5281234169645027,0.7027894592425689,0.43666464142874745,0.4268477923987218,0.4322661512116256,0.7097041508086551,0.6041405882467654,0.7641010437065893,0.7203541669734467,0.42083447782695205,0.5675905642442002,0.45668424925845097,0.4675927288007977
8.1,0.9794116393416697,0.9787423297522085,0.9733719201828215,1.123443942645067,1.2002190050248467,1.2122415982168526,1.2657812595000282,1.3159588684222319,1.3614895691832467,1.4280830928407324,1.4098203012808466,1.445005366456795,1.4979482707844656,1.4857861185745889,1.4014688245423423,1.55285726214175,0.5258970413336999,0.5095557345781938,0.4891079918366165,0.5717499195824385,0.7429976812437833,0.47543760635698784,0.471535214210806,0.4702660938455845,0.7651860636503934,0.654052947192711,0.8150932570565275,0.7556684481360694,0.46583081996548475,0.5985191666330393,0.5064848299892406,0.5022888547451833
8.2,0.9646713404032058,0.9537757143257035,0.9539379181006518,1.095462264260333,1.197066269516214,1.2007398052737235,1.2446271539508136,1.3030145333708978,1.3483143825179873,1.4078200659982265,1.3942123219794318,1.4177880307068509,1.4952378961100288,1.4612123829697952,1.3921751806232479,1.5640720623996194,0.5686455757287553,0.5534068153739855,0.5194018163426529,0.6109381047900317,0.7745266586118217,0.5153500855623139,0.5152391560552719,0.5025180621090859,0.8070919348639058,0.7029933521450057,0.869349623795611,0.7915274495749226,0.5170271256150544,0.6391216225464581,0.5559310064695103,0.5359959646435574
8.3,0.9669859459154205,0.939727524231268,0.9296664815814444,1.0800712501608576,1.179411850534898,1.1815878878447632,1.2235158213811526,1.282812162110892,1.3297294709255556,1.3817597151135614,1.379703164445029,1.404087120986234,1.4955482792452806,1.4424582102012447,1.3854762087339374,1.5560360724809348,0.6095052519831115,0.6004881567335267,0.5625524547523517,0.6551006510416604,0.8118704776781386,0.5563236652914665,0.5593344243910168,0.533339488331769,0.8521704766097805,0.7479693924266283,0.9124977054645167,0.8276894261143455,0.5789601641611337,0.6737514029175788,0.6031152794124024,0.5771763238396708
8.4,0.9507132556956797,0.9309298267501142,0.912016433355819,1.050739534981883,1.171253885151937,1.183049793915504,1.1922138373007598,1.2680175660735842,1.3262148304528703,1.365475080514904,1.369436857196214,1.3781363516314273,1.492807440195214,1.4276903903166351,1.372340224231166,1.5496028793381498,0.6535346817838272,0.6448740882607495,0.5985035940677252,0.6931376524423407,0.8515659337331921,0.5970238490220289,0.6018884166960555,0.5658335284158629,0.890561148226185,0.7919847470732512,0.9553173050819245,0.8446079777991602,0.6242120677541895,0.7079473675513236,0.6539594432630272,0.6169190503568635
8.5,0.9556994026699942,0.9138951757559217,0.8879486975663393,1.0396905153610603,1.1551565503731878,1.1629229420315625,1.179402197280407,1.2562573852275727,1.3118719112827297,1.33957881016145,1.3536967412087495,1.3796897805202841,1.4897713986102863,1.4047895315035146,1.3599872095372183,1.551033328142103,0.6887362124333268,0.694671658996217,0.6309086379907243,0.7328876566010625,0.8841411344852146,0.6356829992274148,0.6482281769094427,0.6060415803168147,0.920627741287238,0.849763993822133,1.00323301264336,0.8698031524984655,0.6726118115393596,0.747077514798412,0.7031674108543878,0.6535507351411212
8.6,0.9541808067444504,0.9058595014766746,0.8822719983207165,1.02818047398894,1.1370569920634197,1.1556790404993589,1.1731980194504632,1.2448679030559098,1.3054768852185406,1.323759181219684,1.3482021257829522,1.360827382837734,1.4807081421294725,1.3911832138304343,1.3579517118392017,1.5454454238071462,0.7224240158308455,0.7345186286470693,0.6556183372472105,0.7725821842337558,0.9210730093981623,0.6716770380463236,0.6944773585115099,0.6339051417728678,0.9651623630151204,0.892574682148263,1.0408012104933728,0.9013460935093092,0.6977348206575448,0.7743564075852556,0.7405430734149053,0.6914027373298077
8.7,0.9618682124838609,0.8894372703745942,0.877566666548712,1.0194697576312766,1.1194363784661616,1.147398708521603,1.159641019577928,1.229483078835931,1.2919481898873473,1.300090330128232,1.333669490855958,1.347122788340761,1.4822650141454001,1.3773790475984964,1.351389448182343,1.558781622997173,0.752865076889071,0.7779572204638582,0.6808897613449996,0.8112820477726065,0.9419774675813128,0.7045802951239155,0.7337112469220203,0.6591652430180474,1.0025712675867189,0.9299271057692273,1.08562163992432,0.9458956997767738,0.738979812586767,0.8081645513777693,0.7744228836286066,0.727209282182069
8.8,0.950876927474374,0.8841820769128099,0.8647885450685461,1.0134257165628555,1.1019869872566055,1.1389444057360223,1.1568524411468666,1.2381038759772514,1.2862252629724005,1.2832793220168262,1.3263714330341199,1.3359929282788856,1.4718665001116757,1.3628458956298655,1.3382340466842726,1.5548538783198076,0.7810079889864799,0.8112999393251996,0.6991507372600382,0.847963104342631,0.9653254608799207,0.7361925749318413,0.773064425411096,0.6664743550322457,1.0363833499994224,0.9668589821522724,1.1320766385934438,0.9719592606714854,0.7804410849130232,0.8386940663615431,0.8116289826593791,0.7576940883802442
8.9,0.9641704366805648,0.8775695044543027,0.8691850371032129,1.0219976192206999,1.0920112425094992,1.1310503056397245,1.151951748241558,1.2328803858231412,1.2924479928188375,1.2732175300009185,1.333398583663439,1.3264262623052103,1.4541289522199965,1.3635956323526262,1.3316256878288162,1.562403543300011,0.8060505036032338,0.8368231402337492,0.7282139196399736,0.8838958748487957,0.9964886409952243,0.7724302458461282,0.8052389615860078,0.6972967424563203,1.0654005629471832,0.9941867957888548,1.1726305333054388,0.9927659744649531,0.8376897173622107,0.866437652307768,0.8329205821269821,0.7898872118715574
9.0,0.9606050655344989,0.8793400719299894,0.8734028169009284,1.0186781488744312,1.0753984835377526,1.1284753644102086,1.155393172816762,1.2219718378152404,1.2909538069175954,1.264356393995815,1.316418282133774,1.3336157053055075,1.4564736669439844,1.3556296186077867,1.326942522250491,1.5481546648923932,0.8282287962073928,0.861973987067898,0.749386864158159,0.912091526021682,1.0201425856323996,0.7985029418470102,0.8311915913620382,0.7252360824251997,1.0913727896066079,1.0269635203932566,1.2093297717402847,1.0126629753330412,0.8726466339316659,0.8923194580813425,0.8562441176634261,0.8175772154084526
9.1,0.961952386595477,0.8674670929002908,0.8761213964774669,1.0192282640541435,1.0616765063021905,1.1276827478085216,1.1518767763703945,1.219553400047136,1.2855203988040316,1.246215349167902,1.313477183535406,1.3163675311802387,1.4499706730134816,1.368087017287356,1.3258579638505599,1.5444996523682921,0.8474452263433626,0.8847441742046794,0.7737028002109775,0.9433912160406133,1.0404354572978356,0.827276107647903,0.8596212643875927,0.7545364459494496,1.1237191564724638,1.0576321508947975,1.2420825105604199,1.0335842480018507,0.9050402212763624,0.9329565528459859,0.8894174040993376,0.8452814964863399
9.2,0.9623576029272406,0.8690033280006197,0.8980063328476622,1.014342252774304,1.0562946706042355,1.126805382351268,1.153413321050863,1.2169964616615159,1.2874679264342812,1.2322460141213296,1.3012392009051768,1.3099589526325779,1.449036557886695,1.3594035989603492,1.3182946280359937,1.536141335435749,0.864743652180228,0.9098100064613615,0.7945618354660944,0.9721986622606401,1.0628328383319485,0.8573225273172713,0.8865728634277517,0.7767057214743851,1.1600201817553675,1.0851398386958442,1.2663376451182922,1.0576636042981187,0.9299967862099561,0.9650893604289801,0.9141318911371188,0.86577425252125
9.3,0.9706557864887808,0.8669449128670496,0.901199592057415,1.0133736753020512,1.0468169477994835,1.1228007271050642,1.1530197999996852,1.2144046129870347,1.2823399328865195,1.2207616777401735,1.293753407438635,1.2912825937131116,1.431681681287949,1.3586635035826407,1.3098795443122289,1.5332710163964238,0.876184225082001,0.922840547628732,0.8083166854089199,0.9907034142933334,1.075432859754901,0.8828438701412595,0.9147220612467654,0.7907553336229588,1.186116192355615,1.1044421272213583,1.2943544827220148,1.0782306407343292,0.9518414965178078,0.9875301706089343,0.9260285215885642,0.8906441880909212
9.4,0.9614114813276229,0.8661800287866579,0.9034885831346091,1.0035006954848023,1.027576743329161,1.111430028259458,1.1417321412317858,1.215520084484247,1.2628612802204189,1.2103506574804375,1.2851303774734915,1.280100468585504,1.4263830581631525,1.3489350817916788,1.2897013143549605,1.5192999288783333,0.8982446314794067,0.9349003434642718,0.8232841850902288,1.013042719173939,1.0877661657842788,0.8997585644036529,0.9432078850710428,0.8111066562280831,1.2138798957235652,1.1227053488070204,1.3196402256120734,1.0901920171753952,0.9722157852266469,1.0096537820863087,0.938823994831816,0.9222879175369325
9.5,0.965409148312222,0.8638187383782132,0.901158117379918,0.9998380320675184,1.0116016904262026,1.1086123390667717,1.1406937883763986,1.207909529165407,1.2457088084952994,1.2180970942431841,1.2746052751257955,1.2641488990788465,1.4173517482514042,1.3479038684580074,1.2796611234614228,1.516108928786425,0.915720463902213,0.9504881449180203,0.8410307185817119,1.0283941897190072,1.0998956065513228,0.917257094416066,0.9568613031012916,0.8349781645979567,1.2417608196690364,1.1339197116210988,1.3445129273257557,1.1027442818765245,0.9839893473261849,1.0302639526452744,0.9563780201804148,0.9480862167810051
9.6,0.962602550082346,0.8625893929772065,0.8958110324834071,0.9974812459972882,1.0031577086833516,1.095203834930914,1.132478297177756,1.19935079041765,1.2492813515164014,1.2209488792771426,1.2591227192520487,1.2704114939417084,1.4243773550380894,1.3413225267930458,1.2796090070430772,1.5108144094190408,0.9261853864255304,0.9617867307125013,0.8501623625255262,1.0325836062180367,1.1080944803672592,0.9408243832689007,0.9798447655914726,0.8546614921768629,1.2579352353561852,1.1418614017038766,1.3638143112987982,1.1201070111152451,0.9985338347356768,1.052814566497571,0.9711300346927169,0.9804561298189809
9.7,0.9566750097627353,0.8526505098355429,0.9012137661471205,0.9957211922945055,0.9775014475455872,1.097960715780061,1.139385566247468,1.1973605105428793,1.2412732174174042,1.2161695447326575,1.256522858516821,1.2517391052527214,1.4304115795421006,1.3383693987076275,1.27940295274827,1.4954940530255534,0.9475248253005335,0.9614613860783132,0.8539338059383372,1.0486338409200853,1.1133789608645968,0.9541998829987133,0.9951240437453375,0.874300403283319,1.2843023705783652,1.1478127246477472,1.3795279322168705,1.136908396911329,1.011760319881131,1.0654800836950507,0.9851077990490961,1.006920067565066
9.8,0.9547087009188453,0.8479595330427697,0.902379150090012,0.996210661342,0.9584453311888447,1.090218720872485,1.13238640568744,1.1874274493311812,1.2406273475274492,1.2102948911961922,1.245093661699406,1.2401368929954595,1.424742761665376,1.3329068149590289,1.277559976373644,1.489789704031993,0.9457831376491694,0.9665779725801913,0.8721312415676699,1.0535657665271172,1.1182293278502065,0.9696610843016723,1.014613797095335,0.8976577604505445,1.2999908559073685,1.1569684141243495,1.3921723097143113,1.158708764989582,1.0355131756572835,1.0854244572885332,1.0003956343484555,1.0280506104939036
9.9,0.9476626654007272,0.8578872657404333,0.9056431063078105,0.9952018646900854,0.9478182799709871,1.087054800287346,1.1448726008233534,1.1894348941989121,1.2390599985391288,1.2147258124447473,1.2433018478204843,1.2367850165740322,1.4182064186882837,1.3226332994793857,1.2773627941152972,1.4710310006867968,0.9494394063399682,0.9734155086237546,0.8828648832445205,1.0692979052360383,1.1308562271928844,0.9795995666739221,1.0262509959467074,0.9051107356106726,1.3139711061446835,1.1613074750468972,1.400605760831624,1.1738979266680498,1.047012918429328,1.0976895929114363,1.0170783558018508,1.052718436120707
10.0,0.9355399855014281,0.8488295824247932,0.898529930923598,0.9881649068354597,0.9382125689874655,1.0735653072298192,1.1390295050046202,1.1783936806226758,1.2393299091159653,1.2014165412790192,1.2425502561740231,1.2182342327870646,1.4114855719519475,1.3229905059297125,1.2701857621155164,1.4600421149928755,0.946148364244482,0.9884548832379646,0.8861623973093253,1.0794625850614135,1.1456197176722382,0.9983495341968588,1.0424382608722669,0.9116193323080986,1.333827746059792,1.169620406783427,1.4166624140717536,1.1852962142067003,1.0580330111685716,1.1115960377245817,1.0208816815454012,1.0682115036955142
10.1,0.9172147960250089,0.8577719004708688,0.8949772253241891,0.9826574277406107,0.9501952934816309,1.068211981255516,1.1440948733086325,1.1722481215613882,1.2438417620841846,1.2007915078723945,1.2328612072065341,1.2165602894476173,1.4006238016754056,1.3228763959912135,1.259014234757149,1.4421583580549537,0.9467704235799085,0.9974786886572089,0.8930041852395374,1.0892345193149833,1.1559327067896394,1.0067292945958863,1.0616689547279554,0.9131711948912518,1.343021516717222,1.1844831246202194,1.4283184622828462,1.19802826197351,1.0710780408801377,1.1311768225525352,1.0330736026168676,1.0881434454636767
10.2,0.9254172754631133,0.8648013337325591,0.8906987489742186,0.9740074923206671,0.9553327533218581,1.0716618088552163,1.1425417846855384,1.15245363872834,1.2407339091917158,1.2055799641075702,1.2338489322854411,1.2139434750722193,1.397648152288044,1.3334303935785006,1.2677054001478614,1.428497161701521,0.948348964999768,1.0086873625500357,0.8995563623433901,1.1029207899990487,1.1642851624094435,1.0117315845373247,1.0591794084685342,0.925626645909908,1.3406773028328687,1.1977957445806904,1.441757147137093,1.2094814249869532,1.0801691188839504,1.1432519219209998,1.0375306035788785,1.1021297920575681
10.3,0.9176885032241463,0.8827409971524485,0.891374636964106,0.9584396844471917,0.9598378626240217,1.0639183271402417,1.1453365889071707,1.1485335475568825,1.2485865068155675,1.1977151604987442,1.2209680185807779,1.2155999015902446,1.3902625998588327,1.336673926679447,1.2567634324942012,1.4148959631353322,0.9503285942311779,1.013384787961985,0.9049222853303888,1.112039927313811,1.1723035334615972,1.0227178087798023,1.0672114359545424,0.9439973232635536,1.3481363787185356,1.199115771800062,1.4569577081486398,1.2254930812729468,1.097531599386977,1.1574491862282283,1.0382850855939598,1.1044154567005644
10.4,0.9167632037656653,0.8868723653451731,0.8838697600972402,0.9516405168819073,0.9581907033866292,1.06638044289143,1.144112167992824,1.1396179357870044,1.234396891241159,1.1942395838808808,1.2111037928938178,1.2149425502740387,1.3919843095959659,1.3434404433516645,1.2520389799654625,1.406843428940482,0.9505621447081571,1.010429169108043,0.9111661153688805,1.1225234521142766,1.1822763201641973,1.0351623749402994,1.0630745259486514,0.9549057335582634,1.3598945158988247,1.2199427125345312,1.468286340423778,1.2426465030564142,1.1078296559790726,1.1621797992871885,1.0355345112681351,1.1284613166294457
10.5,0.9045046501494559,0.8939218492158129,0.8757378186244855,0.9362170431186123,0.950244822079068,1.0593109577756696,1.1396623134922585,1.138696546577504,1.2218065172463453,1.1915115793707602,1.2053250884654667,1.2238065775653002,1.3730448883859052,1.342422022976694,1.241412508383466,1.3869406608228045,0.9556397747015564,1.0112385491512128,0.9143107817927308,1.1259976198273767,1.1831830261802778,1.035386741679827,1.0732501953101794,0.9641600833127081,1.3584210226531073,1.241671736804094,1.4766094627075825,1.2567297411475522,1.1129122687157906,1.1780986618090357,1.0619130337792255,1.145847696718279
10.6,0.916521731979772,0.9062812894348329,0.8591730690894568,0.9212319291066396,0.9430248497185526,1.059340134578092,1.146637613144993,1.1386053922648187,1.2187882694872985,1.1970767499947743,1.200315108378807,1.2132270082916239,1.3680777201361365,1.3409554500784675,1.2271467353721497,1.374223626636283,0.9578210106185229,1.0152069469533729,0.9170020152092857,1.1389469024738545,1.1865998132315567,1.0430900679281845,1.0777094170633406,0.9526079606293736,1.3643439022895996,1.2678271660103062,1.4827710169062318,1.2687122252299146,1.1169994281586273,1.1836793095883498,1.0712091587317967,1.1669829587176106
10.7,0.9125424837626813,0.8984770537988288,0.8459414296603074,0.9192991150660507,0.9411571202743675,1.0487203854824003,1.131748930817035,1.1317797278304804,1.2089162432035607,1.1983919005705799,1.1978691994731052,1.2085901103517576,1.372261981616024,1.335078382661884,1.2224773588678988,1.3634223351663675,0.9573765190483495,1.0134970394934761,0.9241113365918829,1.1413548951302572,1.1881279678138374,1.0558731562239096,1.0868554475891994,0.9557275382829078,1.371518492437766,1.2923457322137004,1.5012847871871418,1.2849839626981305,1.1245430283650677,1.18478716720935,1.0831270948094134,1.1865729572163168
10.8,0.9216910394946368,0.8992237761593983,0.8373873364491052,0.916137852400681,0.9400355573473664,1.0573955915694393,1.1189256067452553,1.1338690616203213,1.207870073241197,1.189768506380428,1.1892147828403439,1.2002203464031105,1.369512528800161,1.3274139351610115,1.2103022674790784,1.3474304393583152,0.9609563790034019,1.01308746331808,0.9221309452716215,1.1450189835564355,1.1970281008188963,1.0648974290631599,1.0987519483532906,0.9620210296159121,1.377034352923047,1.3171880129557438,1.5021954208419634,1.2906422461833282,1.128602899618932,1.1849858430291804,1.0841840892577814,1.2013108529522016
10.9,0.9125586097804579,0.885785196888374,0.8307351627482368,0.9101491853185989,0.9375277379172281,1.0500051257715475,1.1003147515700198,1.1255958894545939,1.1909887256759664,1.1819761139497267,1.1825117526105668,1.2019929552510136,1.367162661782113,1.3092086946191552,1.2015594049846172,1.362058940286527,0.9666784958136461,1.0179666204122702,0.9149084944321201,1.1426627729128263,1.1949768610358897,1.0674609137639637,1.1127231948662393,0.9623932306112941,1.381811478375921,1.3418574555121552,1.5054762370842307,1.3003317061634767,1.1369575375357794,1.174924148341787,1.0851778730764172,1.2039156016824544
11.0,0.9169244920719144,0.8949102497675647,0.8224580460901526,0.9021947791334863,0.9450287826945094,1.0471322574351132,1.0915758780398337,1.1343809719758977,1.178689904683654,1.1605336620456583,1.1763842558187754,1.1949154376730136,1.3659633265316824,1.2953706693589082,1.1872347268054928,1.3438091466098296,0.9709348843243946,1.0193670377916082,0.9177412326578694,1.1408561047293737,1.1959391704904712,1.0676142908169677,1.117359673893077,0.9608582525352888,1.3907511382752968,1.35082177797179,1.508485755481084,1.3084898599449035,1.1539258037869353,1.1901758386784702,1.0937391454696919,1.2004111561107749
11.1,0.8923560475691542,0.8842325239109431,0.7995610737335357,0.8912580835701147,0.9391008345118208,1.0476559922066069,1.0642438781201133,1.1330369734119135,1.1608664704003357,1.1640662213103143,1.1642690633227704,1.1845312976302644,1.3682167422424811,1.287649596376335,1.1775015795397041,1.3371822695365383,0.9727642848720381,1.0152794227367734,0.9300320788608027,1.139694320288964,1.1949245925331573,1.07193705863646,1.1254068695331956,0.9589882117162318,1.3827870115598953,1.3716776632045478,1.510492299709365,1.3175467118464197,1.1608964450720698,1.190800524055891,1.1054213705000204,1.2070300952799593
11.2,0.8950936699098011,0.8949620902932489,0.785008785498589,0.8845753899593105,0.9322085933926397,1.0363179378612293,1.0505709679190691,1.135901972720407,1.1530814406847891,1.1607193946195862,1.1521928363430591,1.1773464924951167,1.3649980509881614,1.2836545410607099,1.1629613353563604,1.3294477647005714,0.9772987409954863,1.014665347268041,0.9177123944906955,1.1391335152324633,1.1954677620931846,1.0690447877984262,1.1333660499920244,0.953767941101324,1.3832917004151364,1.3644721222594123,1.5099798461440623,1.3207967255412612,1.1579092442831178,1.1919501974945654,1.1127412058801538,1.21069142275765
11.3,0.8835203646771899,0.8895721419724216,0.7741065942510571,0.8654635579607187,0.9270548725067753,1.0277851137339404,1.0404505668627366,1.1388135042752723,1.1419851539747394,1.1493792131823704,1.1407624992100764,1.1628677120602033,1.3642597352654315,1.2787573309736595,1.155007754014147,1.340763373068316,0.9837055915692353,1.007224494445336,0.9165068085389042,1.1335881207931222,1.1888588741367785,1.0688345308021896,1.140558378425375,0.9547549435217857,1.3795659838684906,1.3775427823155928,1.5089451237246843,1.3294572192108498,1.1524925109052848,1.1964518308974974,1.1186149198042399,1.2124754159638311
11.4,0.8871065212750605,0.8864737996775668,0.7673079594593504,0.876208717920762,0.9263331977866324,1.0176798441365278,1.0486437476119161,1.1371280067979894,1.1299743988306576,1.1338664179053108,1.132872297244161,1.1602181315538802,1.3528949575221678,1.268504659370804,1.1547818229399989,1.3360881228243158,0.9733824911953348,1.0111658911702446,0.9233414755907045,1.141465252362026,1.1817938088148394,1.0711745459949722,1.1433030675808513,0.948649807219006,1.3794878627944285,1.393691762490263,1.5091516071176456,1.3363152747388192,1.1495496987218838,1.2003585959150274,1.1289644681682858,1.215049267269312
11.5,0.8830899381601399,0.8857265312018446,0.7661239074282594,0.8620593785612498,0.914933270384409,1.026608710650386,1.0475560747323867,1.1255595417221635,1.1244425476794075,1.1249817846064334,1.127907205499424,1.1511359421545961,1.3465452104857012,1.2666610357074113,1.1470453304316568,1.3418199218313132,0.9740637603121003,1.0076847475220339,0.9125822634358413,1.1396845743722392,1.1749724896536384,1.074013240062,1.1497356267863095,0.9321062941533627,1.380531037563228,1.402632651190016,1.50255402072401,1.3342955986474498,1.1477332195595817,1.201310817611045,1.1303277328304842,1.2160377244954295
11.6,0.8847891338220155,0.8802503203125424,0.7622041356207635,0.8570674161053984,0.9047604963067644,1.0030004998542126,1.0462144181151949,1.1324151132989977,1.1151608374659685,1.1049267278533725,1.117139317665377,1.1552185566730553,1.3457264355018457,1.2572065580406593,1.130539975366714,1.3438808694738438,0.9796343610704802,1.009725294799335,0.9068216321499071,1.1363980205597266,1.169528659789847,1.0748062315934077,1.160347351663641,0.9253542193960265,1.375283427807793,1.3983829876351634,1.5007572376146587,1.3301757198041697,1.167782859657279,1.203050861705742,1.1413785818888016,1.2143201910105286
11.7,0.8711891704633484,0.8792410562051793,0.7554492453532486,0.853238251050098,0.8954433789975506,0.9999216322013793,1.049005830519231,1.1296551460431512,1.1015961758602208,1.091867620509911,1.1228053338668575,1.153368649683548,1.3355702149838788,1.263984186855438,1.1224475076130958,1.3320325816421474,0.9794001713669747,1.0004568660614606,0.8859451322601964,1.1347808798236378,1.1706006257889883,1.0827669256617731,1.1692919422920587,0.9182138190405306,1.3709740262993924,1.397885616615911,1.5071533152111265,1.329104050540276,1.172619353000722,1.2020513713719219,1.143460773413418,1.2151048840508625
11.8,0.8737855956317315,0.8742944034070835,0.7601249225276617,0.8439684974453527,0.8845991125343943,0.9788167660153654,1.0465691329707252,1.1064036987570016,1.0943412281150748,1.0856437122688267,1.1165188357927902,1.1589396002115653,1.3389103153525994,1.265605029112685,1.1196792975428376,1.3305154752479078,0.9833179517211545,0.9926378190887898,0.8949768328679927,1.1327802272010703,1.1591892552724037,1.0892964005708954,1.1702389135572118,0.9313919610784728,1.3682009521680991,1.3962840707163104,1.5064552766562525,1.3273158820814197,1.1708518319070018,1.1895520508277568,1.137509887483932,1.2074370017827716
11.9,0.879849030681233,0.8705682952953719,0.7570636559705346,0.8414260266085065,0.8601516826801217,0.9734093791992822,1.0481955625129797,1.0982135656127727,1.0752948183103348,1.0786597126303645,1.110850354179355,1.1553022593823403,1.3422203027850228,1.2716870206814606,1.1065379896958911,1.3172767960253193,0.9831527892722419,0.9912237091430922,0.9020371285811617,1.1261689651265256,1.1601749426940269,1.0950090287018754,1.1773187444392195,0.941977523719458,1.368492825763078,1.4010104929950646,1.4992054853183023,1.3333659597081584,1.1667005871562222,1.1981887363055235,1.1476626001881522,1.19721979072648
12.0,0.8788007458012184,0.8482766367186796,0.7581831791930163,0.8477734997958056,0.8383180496704309,0.9704203423748544,1.0403843398383488,1.0872436422443783,1.0628232378696543,1.0629381183073077,1.103415120336079,1.1399315644466093,1.329770941793144,1.2687601495946896,1.0947126357543588,1.3049269541247717,0.9860533168600409,0.9834553138025853,0.9049817995812198,1.1282661896035575,1.163555654095638,1.0949694434759978,1.1826061416917135,0.9400995253655651,1.3690308166849303,1.3859546159218132,1.4898465009652047,1.3221720950650313,1.1682916918245332,1.2040304514719085,1.1538302954366888,1.1941597655226843
12.1,0.873786172376918,0.8429651742732067,0.7656394336333642,0.8426095736053786,0.8361455189837823,0.9740053114613352,1.035374861506104,1.0820079744005517,1.0457340796468044,1.0561725769042518,1.1029265368356518,1.135385056124799,1.3176167240217047,1.2631683116074057,1.0827143738282516,1.2922204461632905,0.9889331045669594,0.9746917602503228,0.8997892809738482,1.1232954761064047,1.1620878829516756,1.0986985014528166,1.193711627821137,0.9401055941504416,1.374899761767767,1.3709267875323046,1.4854421079861635,1.3268189146598888,1.1659907077078013,1.2128058598511677,1.1399338671798163,1.1872001208585075
12.2,0.863114599599281,0.8150311677277431,0.7624217940843148,0.8470081999585704,0.8245840247699227,0.9589134561741368,1.0243343837177512,1.0757586999889293,1.0377725752988598,1.052306535345416,1.097245456772566,1.1280751798351627,1.320666324872072,1.2750836027208179,1.0724366896066053,1.2930356898544977,0.9914063998779148,0.9624099507160983,0.9012278655553536,1.118610010258485,1.158576505193556,1.0957326346056397,1.203975801215496,0.9422177519202998,1.3742762790359861,1.3599133304804127,1.488994201114629,1.3223185221605431,1.165609923294107,1.2163248727264577,1.1417194133162016,1.2028310958737587
12.3,0.8476189752077108,0.8067484573362229,0.767544244930166,0.8370880283208157,0.802770643048712,0.9504129729150559,1.0204233292400318,1.0675882153719216,1.0301319554625232,1.044578604292778,1.0853748787261301,1.1282363966528035,1.3212145868513714,1.2748741140265527,1.0595345244400265,1.2799611589827942,0.9996933972726569,0.9564099953094739,0.904062456988957,1.1168989292006495,1.153019514758759,1.0923641509869655,1.2098368883640462,0.9387790693383742,1.3762560793063952,1.3495650573812579,1.4878217690979856,1.313781059730292,1.1575758016578364,1.2237643528682043,1.143547436577764,1.1936656672700368
12.4,0.8402020833622947,0.7877119709396756,0.7710122595986825,0.8348249135070602,0.7986872285360385,0.9512346214518926,1.0111638294698304,1.0523884885001122,1.0275951463455575,1.0450709055899605,1.0741190339453905,1.1043356489129434,1.3219357009473982,1.275348012844066,1.0629164460892548,1.2806730493806686,0.9982607541857003,0.9556331720114343,0.8993029208042034,1.1148874320442705,1.1555127469469937,1.0950311993591142,1.2087414936824679,0.9299323719395826,1.3777253313517115,1.3354123387851298,1.4810417008593446,1.3039557969690894,1.1498445233742833,1.2302785118459933,1.146183133330104,1.1864715084773276
12.5,0.8334704988257677,0.7801416095070938,0.7796947957696058,0.8317787976985476,0.7966673959599578,0.9409458202513642,1.003928311950378,1.0432074206830642,1.0377490976839088,1.0403198497375141,1.0648593791349648,1.0992538375619694,1.324338474483005,1.2650397611275317,1.057440729060602,1.262389358096273,1.0,0.9472927703016463,0.8894870665458895,1.1098317112788079,1.1496496674332126,1.0963813237154987,1.2186616084026938,0.9289338287851439,1.3827675740432839,1.3179724340576473,1.4719434297711507,1.304489056422039,1.144442314377951,1.2314410716592645,1.1495238542549953,1.178254398196339
12.6,0.8126536693588782,0.7673281072807641,0.785310756492601,0.8300466827555802,0.7804857520973218,0.9466894194370836,0.9985295153299756,1.0361320520437318,1.0214403340122917,1.0330699198144657,1.0656990536966844,1.0770428554917222,1.3170723695118909,1.2632389894369367,1.053124112648726,1.2477159147371681,0.9983967213932694,0.9410401424704518,0.8891064446694287,1.1113570014154084,1.1454591232693954,1.0925887873623608,1.2140212122462406,0.9309674138246237,1.393300493100155,1.3019858928738286,1.4688496497817076,1.3008633670482692,1.1347274894381738,1.2281895213292704,1.1428010268123183,1.158603705059257
12.7,0.808946199150051,0.7676076690976552,0.7836070886790615,0.8243279150211753,0.788766731252664,0.9341992366154631,0.9936173247105768,1.0263304968506965,1.0194138285916852,1.0270300158573964,1.0483069518233858,1.0746857256535658,1.3044323292234639,1.2542214475862823,1.050943836566069,1.240314068797819,0.9777978528693941,0.9464912206801038,0.8974598547895787,1.1060445467428606,1.1473749987617339,1.0933165401795804,1.216484843351889,0.9331272683906626,1.3885392905102378,1.2987046351891733,1.4636882026491498,1.2989263024393776,1.1230452181794925,1.228708045037371,1.14754411668511,1.151473569759568
12.8,0.7907588523847114,0.772217486919263,0.7812322805308314,0.8163004445878217,0.7785125215329339,0.9343185850679531,0.9956477830732052,1.0137821460388987,1.0080857946032813,1.0177219225674239,1.0485249925786624,1.0587583296361955,1.2965861678535353,1.2601477794371108,1.046975929744277,1.2254601427191165,0.9750483234342188,0.9414499753519475,0.8930273161240068,1.115358990521341,1.1592422885207903,1.0935762169965604,1.2151396531488687,0.9250182756574782,1.3935047625506114,1.2749884863188075,1.4607375968851075,1.2912936764632614,1.1174160600322296,1.227984234677944,1.146983934264884,1.1480459779084256
12.9,0.7822435614222736,0.7546360722602778,0.7730962257947904,0.8060716816995716,0.7815511782890002,0.924319645714064,1.0015855009024295,0.9944322871603622,1.0114292576604915,1.0087783425750851,1.0406155810233568,1.0660380899876811,1.2898429216683103,1.2588946324988204,1.0484961388886458,1.2152796020101224,0.9816787269986071,0.9329872126844097,0.8984179719879535,1.1037342688970797,1.1618483759839777,1.0926688685067518,1.220802206764088,0.9378295948345138,1.3957043536031124,1.2578716695970578,1.4647307598000774,1.2869304066441312,1.1082191702894224,1.2377037677658085,1.1440628118575866,1.1322794883456013
13.0,0.7659487104010739,0.7601435444063891,0.7705416314127884,0.7970299481261429,0.7781672497332919,0.9251689045300117,1.0074589059453878,0.9809313511447945,0.9979375095431825,1.0002736403763233,1.028241253774196,1.0623576294091226,1.273233625947178,1.2548460530618757,1.0450934772601488,1.198831383798348,0.9708602018604128,0.9348671941342479,0.8957886811391256,1.095151322078113,1.1605032754627809,1.085062750859703,1.2191068943566217,0.9372870990394365,1.377647744412902,1.24537503844485,1.460574755241175,1.2876501634914481,1.0962962363542366,1.2395707617644989,1.1465115171094535,1.1197344294224627
13.1,0.7599947600994189,0.7591108562727369,0.7667477848429655,0.7869902527053617,0.7694186771001498,0.9185943695144594,1.000361076819459,0.9699857959415088,0.9932322578206304,0.9944691687519132,1.0142763838749607,1.058071641307483,1.2695638920508305,1.256019872994073,1.0472208758987638,1.1809275225516345,0.9645315825884831,0.9235289980218717,0.8946104503277131,1.0987181878514527,1.1649134228975198,1.0869342588237851,1.2015693442496054,0.9366899129781754,1.372900203570443,1.2296609762024695,1.4582845970016016,1.2910293787593752,1.0935636761486682,1.2334892453158104,1.1470948994319567,1.1110651219603207
13.2,0.748270905917267,0.7589701867597797,0.7659469721779705,0.7741859764563709,0.761809546550382,0.9190596978707057,1.0072780078580754,0.9728786042629969,0.9785553332553738,0.9867221270043123,0.9967821600245594,1.0538488554171384,1.2605234844632267,1.256464679227859,1.0267924391482384,1.1765860910874641,0.9569246722698411,0.9120044914949383,0.8903274833483286,1.0867966682204544,1.163767088940697,1.085157241257514,1.1998014118239182,0.9372604415161848,1.3797786070714992,1.215918616652684,1.4546710615516778,1.2899710474083135,1.082165515191866,1.2287421111411552,1.1512324121776292,1.1131570777040738
13.3,0.7511419160501972,0.7509657752938588,0.7561439053288529,0.7712270958171802,0.7581467439915848,0.9133295732314214,0.9924725351570123,0.9437585697435358,0.9711265283837437,0.9710416802122058,0.9825943308870964,1.0490146823837974,1.2555062249350786,1.245128359398463,1.020257038642268,1.1684362297109407,0.9537544993673824,0.9062610933475955,0.8792370070276245,1.0750199243350147,1.1630308081437633,1.0630005043613326,1.1955506679543906,0.9298734624358934,1.3776121159325074,1.2307702918172871,1.4476341827129382,1.2830238788494872,1.0715826199209029,1.2195702004132276,1.1474364797822805,1.124412590068962
13.4,0.7414598527871775,0.7561770417854079,0.7587646516332914,0.7644693723549489,0.750093953694077,0.9024433883166161,0.985207818654768,0.9403333329464839,0.9637593505280729,0.9518960705689151,0.9725786907158911,1.0450211065932946,1.2429392310505363,1.2383794308695055,1.0134018605863182,1.1444527791572818,0.9450906737730677,0.9067657990292489,0.8681615595265332,1.0605788381186754,1.1552440945677471,1.0649214982119644,1.210289088969522,0.9214694926089235,1.3634065363668333,1.2258957788127391,1.44488951900372,1.281347922306255,1.0617833692572218,1.203943465889897,1.1541455453455887,1.1150651944493954
13.5,0.7366390121013139,0.7461253004229673,0.7473556380067315,0.7528487580627383,0.748670516721845,0.8950886167363197,0.9777400509907492,0.9304943095510444,0.9569964503122269,0.9468705146376949,0.945911891294723,1.0311829073366685,1.2426932471438425,1.2324240896530256,1.0088174747536882,1.1397943744311014,0.9366249563876271,0.9049081404418761,0.8607701211519284,1.062547271350908,1.1563909948956854,1.0732831521521105,1.2161138933559403,0.9164845292664616,1.353907738642681,1.2238865779597234,1.4383118884982566,1.2802360734603886,1.050050375164087,1.2036747062348956,1.1528067605737613,1.1123832202825052
13.6,0.7204672982064779,0.7490161818318385,0.7402338160586819,0.756903739232279,0.7518668519429864,0.8830893150011804,0.9673820453709231,0.9321512919680447,0.9428775776075292,0.9334514494219297,0.9398357070357695,1.0251250191027292,1.2352730568718582,1.224791021648675,1.0070578913970283,1.1243077087962323,0.9346090265049535,0.9026775665927034,0.8448779590164028,1.0497771550378396,1.1546529064433138,1.0713393087428056,1.2191422895107735,0.9191213216248468,1.350215825943956,1.2131847021276108,1.4363870912881695,1.2734199180592727,1.039899556051109,1.1817854726216386,1.1495526105926719,1.1075352893480364
13.7,0.7175156812768343,0.7478111752444743,0.7254675070518967,0.7506906783590743,0.7438753694642465,0.8851704145930437,0.9568648003772893,0.9262013465849656,0.924152843803358,0.9135197095173718,0.9220976855737534,1.012648992915586,1.2293115040958214,1.2191264669611892,0.9963464609964227,1.1047781050428074,0.9330849489327189,0.9117710709060496,0.8350135885451762,1.0370619548781523,1.1682334898447906,1.0682101369054529,1.2165240916952909,0.916678901480568,1.348344609165358,1.213467949086967,1.4212178183693474,1.2723615292032113,1.028104599021434,1.1687447037117673,1.1473154667677121,1.1077267695447635
13.8,0.7074959724254406,0.7373313461987415,0.7099113134089368,0.740441060142518,0.740453782922224,0.8728035958713387,0.940177143913662,0.9249769241696917,0.919313026394184,0.8939844173609153,0.917888737843363,1.0056835027673448,1.2120131255667315,1.2084081383546132,0.9927278451238619,1.097188685225356,0.9351801570742629,0.9140996003901726,0.8280220823913949,1.0219195518496105,1.1618119710680004,1.0615390874018067,1.2174148134467713,0.9134764135429078,1.3399922719798762,1.212831617766216,1.410698187631674,1.2701840270374916,1.0204538228968054,1.1543799711468163,1.1501482677530257,1.1105739637836458
13.9,0.7016543534079244,0.7473852675746024,0.6836023925199564,0.7298247401096538,0.7320282701445592,0.8667820633747754,0.9267310423288885,0.9267342682541004,0.9143550249741033,0.8742750269845891,0.9063677334207871,0.9802922429513887,1.2016721456315829,1.2052513552343642,0.9875744146396219,1.0727037148462224,0.9362432845430728,0.9194068260633904,0.8282979981126726,1.0145900089287798,1.1566052789540933,1.0605480172996253,1.2132020137851758,0.9054110584259508,1.334143497100562,1.2002961375584047,1.396245411546213,1.2705401798279088,1.0132145350183486,1.1418996242416577,1.1516909085769402,1.1147879052796383
14.0,0.6914552635731122,0.733796584351167,0.668411545578373,0.7196780666562738,0.730100991356834,0.8531719705361658,0.9145700963453853,0.9170096959523608,0.9078078903302093,0.8676232768231498,0.8951266417541254,0.968184819977408,1.195224969072441,1.1925358395970727,0.9749476691199024,1.0653807828800286,0.9274062130916422,0.9181812859355872,0.8215761471332377,1.0060977170894256,1.1431767201163563,1.0569713949233133,1.2272381806093704,0.9012884083021756,1.3289415954955992,1.19743405902993,1.3932501842046177,1.2719472681415036,1.0044325097264697,1.127958344032991,1.150967987478614,1.109343337533412
14.1,0.6914034459504657,0.7415489169784419,0.6610846183106563,0.7075684840147747,0.7226362789691714,0.8420441184369774,0.9116684768027842,0.9063089987379849,0.8977142554759843,0.8514512281659514,0.884876488818345,0.9579619444484329,1.1982986733688243,1.1889028669108133,0.9665102778929391,1.06109154021225,0.9172916707777518,0.9186095478707498,0.8056801006943599,0.9912743859268519,1.1321318062943426,1.0523567084612904,1.2268967263095354,0.896211846343122,1.3244449856916944,1.1811917889186074,1.39308007325561,1.2709418274571294,1.002481573246613,1.1192391922522087,1.1443459151134823,1.1071550116159754
14.2,0.6948672181647748,0.7349915013165447,0.6493803431127634,0.6981270877627025,0.7232913756703142,0.8374871843966606,0.9049762240643848,0.891754164207783,0.8797480893501017,0.8267328991796951,0.8849780610669515,0.9479624857181314,1.1926126878308243,1.1770522993930104,0.9633518736045091,1.0556379252821244,0.9124794487362142,0.9202045047246302,0.8081787958576087,0.9841076885465961,1.129374219546662,1.0622436045975234,1.2273161597511733,0.8973147988584568,1.3179655532986305,1.19370342297185,1.3859236334921154,1.2766350620563287,1.0034692149526405,1.1050382916688408,1.1250428728828021,1.1129966242298093
14.3,0.7027158379423311,0.736083804000687,0.6304865262425055,0.6937527802107903,0.7173251867524154,0.832556596745403,0.9065589613369517,0.8839865084476215,0.8699936203567669,0.8081624671990458,0.8884732827098722,0.9415912022103446,1.1875631730985003,1.1712408221073574,0.9550647307525117,1.0400857941488737,0.9069263770841528,0.924227762237892,0.8049272357860076,0.9757606853926789,1.1190116128834193,1.0554608103030596,1.2215774388149363,0.8980500442111479,1.3183329127154313,1.1967542317300115,1.377253600368827,1.2747556699441824,0.9970460410473349,1.0841915938340174,1.1284786680524717,1.118866602513367
14.4,0.7085193996712988,0.7294139609953082,0.6174773966628525,0.6790567565132699,0.6995967663883664,0.8246944021372365,0.9027315488643499,0.8736029917899836,0.8647034885888134,0.80391124112801,0.8851644783972369,0.9352686791032017,1.1927604944195422,1.163297666205701,0.9352608418864464,1.0329771622937536,0.8935935565735779,0.9211239196999835,0.7911666575422228,0.9652888651032658,1.108886182700327,1.0462405372796064,1.2173402335943817,0.8932265512486206,1.310420123559393,1.2037134804716714,1.3723814558736125,1.2738398880568056,0.9947638725784597,1.0728310455753158,1.1212040317205352,1.1264888970726696
14.5,0.7040010596399906,0.7235643437033397,0.6112458250764485,0.6789170518741637,0.687506478166442,0.7962730992754222,0.900179449523717,0.869052418734868,0.8412705436783069,0.7808461130559763,0.881832497210996,0.936822656441987,1.1874608056919997,1.1577523512368664,0.9224998845098021,1.0237977028036203,0.8969479205302342,0.9186612880831936,0.787858244213488,0.9569535608515967,1.1022472204554028,1.0370139541155878,1.2178562142707867,0.8870101282467034,1.3048641780742851,1.1905626942235485,1.3702485128801234,1.2742582229994366,0.9872768431815956,1.0589689445563297,1.1209295199123976,1.117405636265515
14.6,0.7022713308933735,0.7108561436965586,0.5917393953615444,0.6668150682048838,0.6762338392885381,0.7841670673274469,0.890278070439942,0.836090914836604,0.8369673510037001,0.77267536755558,0.8766949331953011,0.9321140759963726,1.1800170241793138,1.160121246343289,0.9078469951261685,1.017888343382347,0.8993598002058308,0.9130975888104327,0.7777016154423738,0.9510961144662282,1.0946810613444125,1.0320523580539207,1.2072841890389328,0.8801970095701075,1.3050392735968526,1.188977977510577,1.3716801129657121,1.2556145750188896,0.9801779989266332,1.0396902686229812,1.1132747139507164,1.1085269549871137
14.7,0.6963772949941159,0.7011555506530054,0.586746204924857,0.6591115003142638,0.6576974185969268,0.768502213668359,0.8857869705146171,0.8246837848737208,0.8277877390860677,0.7639278992157512,0.8736915710210574,0.9357210930924101,1.1735301765013104,1.1460513928657974,0.8893604575287704,1.0026016682406764,0.9009486719207427,0.9101820922105825,0.7857711815312309,0.9371681275361223,1.0872943199002871,1.0306308120740713,1.1974829602386705,0.8798017359627772,1.3017883829802792,1.1831994922209776,1.353499025641874,1.2586390386936979,0.9796002427067776,1.0219451500851262,1.1154207024317135,1.1118425236736436
14.8,0.703155763105167,0.6983179646130258,0.574860637896408,0.6650165729205916,0.6471706312082581,0.7782612875064431,0.8749778529321617,0.8164332033861295,0.8327885930348449,0.7591762111394007,0.8723391879440129,0.930087005782407,1.165752487042599,1.1438582928608654,0.8745041519245051,0.9862705530386623,0.9025165756830951,0.8985151783883838,0.7781107099100737,0.9271069134937043,1.0917122108497124,1.0209507636078543,1.193247127699074,0.8854394850854782,1.3051775894172613,1.1741001148995311,1.3448992263745003,1.2657390202369738,0.9841011686919361,1.0327503295172031,1.1140483250572328,1.111881556875136
14.9,0.6860608625014951,0.6774369809022571,0.5719466678350992,0.663759056227228,0.6488421670604239,0.7686415730386124,0.867015368534324,0.8077331502270148,0.8267588157782235,0.7531843308500631,0.8645445478469862,0.93100888190382,1.1597404068298474,1.1329813431513218,0.8605944007427996,0.9765951660111526,0.9053641460660805,0.9029107284681315,0.7653645808572728,0.925133043264076,1.0934860915595535,1.009012141316755,1.1923926079429488,0.8791801701430548,1.3093177645145524,1.1620138742029686,1.3371677730962652,1.2662580238815702,0.9787886190830013,1.0315512558590783,1.1086577540928657,1.1138142625577845
15.0,0.6830921219377745,0.6820864207012575,0.5660611426379694,0.6617743046009937,0.6511537050665049,0.7649720854611007,0.859929052910016,0.8053870186833094,0.8302539021709234,0.7486358442505705,0.8575448351680963,0.9240410032800428,1.1549448211347269,1.126251581351944,0.8456858818269971,0.9753909818763222,0.9032699615017312,0.9089229506241204,0.7539371479661137,0.9194244273762171,1.0878420806500806,0.9940397998797459,1.190396048743559,0.8866993120087389,1.3213304313419874,1.1597484052687923,1.3283311347035367,1.2827113727084225,0.983091469331308,1.0271594164459217,1.0988130340956785,1.1115268164996246
15.1,0.6808595887943312,0.6599850549601448,0.5551096882903506,0.6728219503175,0.6397590724352485,0.7466932545126236,0.8526263202557481,0.8017723187298984,0.8294374144334008,0.7376998709667375,0.8437228017316124,0.9241784152805963,1.1526004481774283,1.1200591758501839,0.8262418655027424,0.978161180897523,0.8948816714698685,0.9127947919222268,0.7437315080494208,0.9184788646293287,1.0825455896371579,0.9862797130080798,1.187529083647993,0.888381744654093,1.328294765143358,1.164431720996491,1.3168449784619387,1.278456451224619,0.9830727846342628,1.0176215727085882,1.0947529476999043,1.1086600718595725
15.2,0.6840073938125945,0.6642158868210738,0.555838385793425,0.6730628739870039,0.62219927218462,0.7509702319921872,0.8483280271079371,0.7920511411920191,0.8241234909119857,0.7402045437863171,0.8394070668643312,0.9115307024189268,1.1439260842773369,1.1120720658504217,0.822749613416556,0.9670106559583298,0.8960599531737967,0.9141552832965693,0.7357919099914644,0.9160515995322703,1.0705542636001422,0.9757606432098379,1.1878877996617996,0.8940987697921425,1.332700379660852,1.1560205441516895,1.3036992699525607,1.277701283223299,0.9769515854845886,1.0137113455830415,1.0854024159323876,1.0915814532769714
15.3,0.6821374167576737,0.6576290336957242,0.5547856954140337,0.6727892826918742,0.6267308856381142,0.7371403775018446,0.836915042639409,0.7848776638882341,0.8157642976602979,0.7398957660873058,0.8326276917485126,0.9019921608197351,1.140702463588856,1.1036032174122614,0.8108994605437988,0.9720861076582603,0.8887725327246149,0.9147759178186814,0.7175799158554879,0.9115073726952801,1.0699976125419015,0.9597071212173348,1.1792936173458681,0.890691477560293,1.3376066085622633,1.1433687094837626,1.2974967420243448,1.2821890724450455,0.9817546358328432,1.0112733571613768,1.0776150509085562,1.0843648749732497
15.4,0.677583197450001,0.6555593368148159,0.5521354828505766,0.6726030511430264,0.6105361365127323,0.7238099239168535,0.8411866807649073,0.7917695301647363,0.8044715146712366,0.7439069368586259,0.8304283297083971,0.9041456222814845,1.1368303192043026,1.1016452134211088,0.8015873458250513,0.9622702619146846,0.896459017860254,0.9194117829471709,0.7042221441969327,0.905970007878665,1.0628709135497318,0.9422303318735403,1.1733557247715345,0.8915183029910028,1.3382330845650936,1.13239777554924,1.2879578032123267,1.2856053336857172,0.9852920697323546,1.008140501225452,1.06915995252397,1.078776690968834
15.5,0.6614012559034635,0.6497941230539703,0.5510437803705573,0.6714798563745843,0.5983264959470249,0.7169138058470408,0.8391554073432023,0.7912360932328416,0.7894322718866295,0.7486897615036456,0.8238040057123279,0.9026075017386013,1.1265997003917345,1.0931548493022496,0.7988749346703089,0.9682761652003862,0.8856187388284718,0.9159888674215335,0.6905287696970276,0.9005771739095181,1.0560770301185656,0.9302062038390633,1.1660710591897159,0.8931352394485487,1.3409248240728813,1.1261237038437137,1.2794948501406564,1.2855566194525059,0.9921523648852475,1.0037342611787212,1.054546356620788,1.0681190920385142
15.6,0.6614585989395618,0.6425625615895735,0.5429464684576807,0.6655222019512896,0.5851896918268041,0.7064272279098021,0.8522549706792891,0.7927074752686905,0.7929234722675449,0.7369778902797984,0.8138279796803404,0.9123630668535351,1.1094765404968983,1.0876166964802183,0.7898648432000768,0.9703116721263257,0.8830901231169729,0.9175687868949954,0.6799621513521489,0.8962125240884646,1.0562371066812075,0.9132387293739,1.1657197165685769,0.8798895978761203,1.3407625292578107,1.121920007211834,1.2669556011118144,1.287450963337011,0.9905170937790603,1.005706541401,1.0551877961449463,1.060711546064664
15.7,0.6458723115944099,0.6401277109598223,0.5466612520734232,0.6627954577197349,0.5790827585719464,0.6945042812892452,0.8567770558019923,0.7837443712705008,0.78705479486742,0.7380999783089711,0.8063151306106845,0.9132320458520817,1.091722937853692,1.1032909666788138,0.7836484968527501,0.9771083747243752,0.8793219518213262,0.9048220175529474,0.6630493667398887,0.8915448764069048,1.0445344614127816,0.8936761224432779,1.166084396571188,0.8745482173619366,1.3422424807755582,1.1001821085746357,1.2646794850146847,1.2859271802565024,0.9926692414352385,1.0058089275777635,1.043997506376315,1.0498614552274712
15.8,0.6335858941535677,0.6201362834040592,0.5465605458598298,0.6617228937852174,0.5767414985377286,0.6875371577430458,0.8655701426014574,0.7824791808365065,0.7769182009186647,0.7309319508719674,0.7964802817385979,0.932931367730583,1.0959755493361525,1.1057980609943288,0.7783437821869851,0.9672103629986409,0.876959616895201,0.9003369787115209,0.6492806526603434,0.875642571841738,1.0511132195239925,0.8731769850064726,1.1626527319608821,0.8746013944909038,1.344501225049039,1.0930214054707243,1.2593806413151591,1.2856599500928092,0.9883964103320504,1.008253107469511,1.0536715153415153,1.0306073659288886
15.9,0.6300977411552435,0.6252880891623647,0.5440418573817527,0.6564515441203425,0.5640243763523989,0.6869572062423668,0.8548173853924823,0.7767857161225168,0.7572377566466864,0.7286723389444228,0.7831940755996012,0.9247856519150754,1.0975427585714708,1.1032573224498685,0.7685554366545235,0.9648644229621323,0.8532730476758873,0.9027795911492144,0.6217726550762005,0.8799230636264344,1.0467687058993975,0.8598188471225418,1.1546476546005693,0.8511401696551602,1.3337594599348364,1.0847303410437026,1.2459757820355686,1.2843976789118412,0.9822499509597802,1.0033107594059227,1.0419918127969472,1.0293264173718413
16.0,0.6263518422617629,0.6160138637394948,0.5511651435677024,0.6458603226482503,0.5617708088255897,0.6671756984249342,0.8510844920334714,0.775461286203071,0.7533079379658353,0.7231097846033449,0.7691699785002818,0.9341914169329064,1.0965952905289453,1.1005312250067714,0.7652679495110625,0.96156044368583,0.8497700106815111,0.9014246536125096,0.6092975583657477,0.8813088583816431,1.0487079407611648,0.8549110160515322,1.150057414198974,0.8397905324683963,1.3384885555466575,1.0792552498913652,1.2339984676172955,1.28605662855792,0.9844354583056489,0.9954143624811677,1.0363129679679546,1.0356841207717569
16.1,0.6210605985290895,0.6187331014448301,0.5506310672963967,0.635275160752935,0.5574788706036816,0.6572697898207207,0.8556996698329957,0.764345109705645,0.7535710419488523,0.7125347571910629,0.7547571714330537,0.9311993423429403,1.0926080174098416,1.103617748111159,0.7597374680392963,0.9601828169027915,0.8436639906083546,0.9000847266520448,0.5920932647898034,0.8652618530517696,1.0431384984864738,0.842277225378123,1.1517338923609706,0.8321056144916111,1.3388743672789016,1.082075277563761,1.221678839512347,1.2798966018432179,0.9688803705254605,0.9942803967045004,1.0316714867145838,1.018912799522583
16.2,0.6124944922298574,0.6177697829436508,0.5550069644970176,0.6273780265044415,0.5471225785424454,0.6366699686935313,0.8506061077227183,0.7478314159337176,0.7525219243877631,0.702148660161563,0.7415022301086193,0.9320193165120644,1.0861587855254198,1.0934548940507234,0.7585043745450407,0.9439364662882841,0.8382115668171232,0.9088848549784829,0.5740161851774608,0.8564919170348908,1.0471902904649373,0.8300137615920672,1.1476194906032744,0.8249662588496443,1.3307595670130237,1.0842184643586426,1.2153562845382508,1.2741451161548685,0.9616833378997052,0.9920556613840434,1.020185792520348,0.991775285222863
16.3,0.5998717889851239,0.6249207410579077,0.5544824489654132,0.6087653449231235,0.5329600266316854,0.6292413457120456,0.8592149288544708,0.7608274995094549,0.7481316655371228,0.7041376681950691,0.7305714600391922,0.9249896426572982,1.0791108147562003,1.0956278618407365,0.7641671310105216,0.9373801396880687,0.8287203828376468,0.9205287974424036,0.5610626521203352,0.8486666160096936,1.0504795543924628,0.8437699068143575,1.1454975107550387,0.8185166598026893,1.324258965104699,1.069339743187317,1.2011678912333759,1.2770491004190008,0.94773663185221,0.9873881509115401,1.0142265934578587,0.9759210756199148
16.4,0.587110183930584,0.6196867090579949,0.538115823826314,0.5978177330604002,0.5311646811265754,0.6183979891443314,0.858400856220045,0.7630072104096247,0.7413443673043933,0.7094116571015073,0.7298631991057262,0.9190069549913608,1.0744227815596799,1.0828605706067609,0.7563911994155496,0.938719797070187,0.8308944913817969,0.9272067268820536,0.5529008430518763,0.8456564569693532,1.0522838540075412,0.8445372367099289,1.1379814498348655,0.814349562151402,1.3227628350806167,1.069053799515038,1.1810703011758015,1.2747474703451778,0.9302467503202351,0.992633240247615,1.007442596104475,0.9687075768447433
16.5,0.5869358888668871,0.6206294363940611,0.5327783849444074,0.5943779332111304,0.5257335967263168,0.6204169977669513,0.8573465606823631,0.7595990728426847,0.7372276396006132,0.7034679305046722,0.7304209352156666,0.9148179970545728,1.065278527429583,1.0785918021985406,0.7594285518102605,0.9258130402892546,0.8306722654932044,0.9325826365510644,0.5474982405536691,0.8245717383227491,1.055944884690945,0.8428279491704651,1.12035726065184,0.8111845645808765,1.3229557241498477,1.0636500579573154,1.1545712470626386,1.2708940723884279,0.9190789099368774,0.9883821309202327,0.993538578604544,0.9628746484305728
16.6,0.5785130704203743,0.61361883938001,0.5225349635004954,0.5849757929325656,0.5151148031653732,0.6179391190000173,0.8387373499674756,0.7558671987244441,0.7358364842377595,0.70150810922418,0.7304246483984602,0.9116775831023113,1.0507921025499145,1.072813962582225,0.745911109931147,0.9183287256251658,0.8219976620803243,0.9410911521804656,0.5490716124865596,0.8314554909696199,1.0634896350564285,0.8469475853591762,1.1132876839622716,0.8089514299289557,1.3209171652820948,1.0704792995835684,1.1335047495306763,1.2732581683609026,0.9018913297110016,0.9843614564087745,0.985690610749601,0.9552450062791
16.7,0.5794436071698682,0.6119651526100833,0.5156729325443414,0.5797067750415316,0.4987390116413052,0.6053346069377519,0.8306785829777282,0.7599748191353162,0.7362650900744866,0.6976511451620665,0.7281653527774324,0.9044769779285458,1.040530097069729,1.064331827547073,0.7442486762576183,0.9245827449124894,0.8205839977688578,0.9434765073500234,0.5416449006983679,0.8321531125837226,1.0529832223803033,0.8445801554546136,1.105449761829383,0.8082263040393305,1.3141460953951762,1.0744626116676605,1.134142750090513,1.2616022308498873,0.8896397901239915,0.9821275075946853,0.9820089007603998,0.9422183933408719
16.8,0.5733092795470618,0.6145641534251867,0.5138878548824293,0.5739754851824055,0.5101457443031908,0.5988810230870245,0.8186760633657817,0.7462188425069537,0.7201295887730403,0.6874587940458088,0.721692389510178,0.9017103251536764,1.030665709560577,1.056106665707502,0.7343686766592925,0.9096467361808841,0.8135160165773637,0.9490249871628786,0.5409426963962656,0.8277972569539285,1.05314243241226,0.8297204944749954,1.082286611800308,0.8089486308406018,1.307941973031608,1.0751376485176753,1.1347904381764733,1.2661589187370175,0.8806914310287819,0.9770194567477269,0.9732664146431661,0.9257464543400802
16.9,0.5732644456276484,0.5953966352473922,0.5052262714889021,0.5671012654741455,0.5110919103747265,0.5979840948777617,0.8195741027059156,0.7350469329680407,0.713521347712577,0.6756786923932583,0.721170972059151,0.8988655984245936,1.0232981586966936,1.0485676213439863,0.726954177569834,0.9123700432334866,0.799612678746387,0.9440866528774521,0.5191017313229488,0.8176489926216147,1.0555233665454509,0.84045282410501,1.0873363322673415,0.8041112350110879,1.3098241694866715,1.0753690231920157,1.140434844654222,1.2604272095141555,0.8737751688097737,0.9765664734484248,0.9576414464207484,0.9119796316082551
17.0,0.5575270501541768,0.5956022643906639,0.5055502540810882,0.55854942476559,0.5053970641961939,0.603873767136835,0.8130594418456748,0.7218385203878149,0.6941581336391152,0.6625183257723131,0.7201018582560321,0.8899861992481051,1.0148247671185695,1.0447251162142122,0.7173872038504874,0.9101569901798747,0.7991279582958069,0.9438029670144297,0.5357809315928614,0.8088415269169337,1.0561693755916788,0.8459759026486106,1.0683339764795539,0.8035397734042674,1.3032022172089839,1.07510406790015,1.1413020101377362,1.255772260341782,0.86950576710642,0.971342398293261,0.9437658738813174,0.9047140037829283
17.1,0.5595633731954013,0.583831016485498,0.5104069488610927,0.5446618180419134,0.5016630491442314,0.6042423741301107,0.8123681271033324,0.7087906070152435,0.6904836918343488,0.6407633613063796,0.7246063483979174,0.8906722449020128,0.9947631405846528,1.0337921462857718,0.7181088668967518,0.9060755146428257,0.797637666446201,0.9423191813183263,0.5372000772407949,0.8074500621332863,1.056847084416839,0.8487697693835417,1.0571090568337842,0.804410656639177,1.2985682498635789,1.0798018392277011,1.1428747494565852,1.253206626406358,0.8629538811880509,0.9639179119013429,0.9336932077240239,0.9039601144708211
17.2,0.5471104153147935,0.587459658607562,0.5042635086643383,0.534562493506089,0.4955778857270834,0.5986643236047949,0.8023784669263141,0.6913457133063448,0.6954471927629892,0.6294745055212175,0.7163499792237378,0.8883847904407658,0.992770527824243,1.027998856402474,0.7083096667141348,0.8997680861940902,0.7877105290901922,0.9394875263592523,0.5352789092810816,0.8077676906473668,1.0466939825206671,0.8350697046432852,1.054533395065439,0.8052954829473418,1.2896830787267262,1.079210144834914,1.1443627279402562,1.24757662994955,0.8534423941649593,0.9580911118434509,0.9303716420453062,0.8931260968125303
17.3,0.5406198180982031,0.5820782683514552,0.5027488395535643,0.5312489142992074,0.4881601053883356,0.590404447819881,0.7903833797948431,0.670159640619803,0.6978547715449256,0.6169065460957446,0.7138610710320105,0.895298109803742,0.9791686004744977,1.0108440759733217,0.7045456233336996,0.8959265360987555,0.7810225689836992,0.942166457602418,0.536119733636925,0.8095662096520095,1.0449870120076212,0.8322409244618991,1.0484060277664984,0.8004102074746398,1.2714273386360475,1.0771875045201953,1.1438911359284418,1.241627349023585,0.8329644960877827,0.9626761078953048,0.9274774560073753,0.8886255364623472
17.4,0.526851009487031,0.580158669419249,0.4974461275694466,0.5232192890902472,0.49188664982515273,0.5913641215138408,0.7811580877127883,0.6542070558748468,0.6921454439201443,0.588202663552684,0.6999775814629122,0.8956020636893979,0.9753859931257419,1.0001459634668195,0.6967041822687369,0.8946314295722921,0.7924714621623214,0.9483044476217353,0.5296568161603511,0.8012320548509029,1.0485396349023774,0.8287856811484112,1.0442228142503591,0.8006399110796533,1.272157138666696,1.0706994574766369,1.140090318028722,1.2326167719388565,0.8149201857647188,0.9505689785369584,0.930112415880961,0.8694792676811222
17.5,0.5234479593407402,0.5826086336635631,0.4853566238877455,0.5153914059565654,0.4882889423692501,0.5879161035320738,0.7598025767407144,0.6370386688732528,0.6972071431241521,0.5814634491915451,0.7023823657962913,0.895230131808763,0.9603435896663319,0.9804985646650004,0.685942083955745,0.8806170431942175,0.785185951304233,0.9592166144571478,0.5236549654798434,0.7980437055861543,1.040581058659331,0.8257213802057898,1.0321553387224178,0.8065578309394028,1.2760668844387868,1.0680465501390008,1.1347428258075516,1.224180485541644,0.7980275217623469,0.9329514624136317,0.9328350716472941,0.878635868676921
17.6,0.5104814470333378,0.584128080392488,0.4812513132371148,0.5224934515762195,0.4834364263374307,0.5893852147206095,0.7454249409013258,0.6352207675448723,0.6983698459662876,0.5635434858307116,0.6944813606564654,0.8877134865605967,0.9587392839582545,0.97301390378703,0.6783608239569882,0.8686679110080331,0.7822672941138565,0.9564836686610708,0.5105940675173581,0.796293387166364,1.0407212965282813,0.8205086578011124,1.0305687923585694,0.8104573555814768,1.2760364740353145,1.060995222194813,1.131498995730467,1.2440468089091132,0.7901389156433515,0.9308279402623997,0.9321567966871785,0.8774557873734966
17.7,0.5116984509212004,0.5862395734828605,0.47386503769451693,0.531555558513543,0.48288719153492476,0.5907658738769672,0.7292668090637867,0.6180465830728678,0.6969292293809523,0.5467110487032576,0.6924126815154003,0.8886229011502763,0.9428325815581784,0.9659075999256378,0.6712980799501481,0.8649786831799695,0.7772275693029217,0.9554634510809396,0.5048866676299966,0.7962600747087059,1.0344658264504625,0.8164912146101501,1.030234011236513,0.8131865727627909,1.2773421239419285,1.0630316703220521,1.1335959073543205,1.244383128496564,0.7831348463001584,0.9239152273535497,0.9249771430289169,0.8644502788884029
17.8,0.5009522278043672,0.5735260329546271,0.47446272454050453,0.5285564558596054,0.4805433538527498,0.5766539717006967,0.7217512966265517,0.6084591293126128,0.6896844798804522,0.5226555469716502,0.6874143049859952,0.8778088870428796,0.939003009028929,0.9566147966925626,0.6700202669404883,0.8655625716683693,0.7705583365794239,0.9672460971992999,0.49492100221318464,0.7962945885131226,1.0275501211561633,0.8206074729409827,1.0264645672737378,0.8321537849070025,1.27302524920415,1.0587783182406239,1.1285738023352074,1.2468673683551603,0.7811121380893924,0.9148697276121194,0.925844962676088,0.8577096154492739
17.9,0.5064042485274124,0.5851578486667742,0.47312243426740297,0.5422647267388596,0.480687158080027,0.5712720011416498,0.7090715573687242,0.6007117842665312,0.6773117077586744,0.5076454201741173,0.6904566385134716,0.8697768680217527,0.9228431290002935,0.9478084214060492,0.6682372693413606,0.8630802613859865,0.7616748644968768,0.9633083169130761,0.4860315047638072,0.7953158753144486,1.0002096157409595,0.8159700918413546,1.021970437033484,0.8381095203264343,1.271769587142517,1.0493979175848938,1.1243447527878665,1.2492003631556816,0.7785695140653933,0.9066304326223615,0.9192030664363153,0.8567396431877429
18.0,0.5035649639381149,0.5673468480090602,0.4723308334599126,0.5488666073144308,0.469790994389491,0.5646650448193073,0.7022156121165988,0.587414390994202,0.6594139043098617,0.49404796864496914,0.6948131257231217,0.8606435017289805,0.9138914046988416,0.9424008231815857,0.666693837406131,0.8486278349540902,0.7558770905896506,0.9584857577278411,0.47382948363573724,0.7907093572192485,1.0068565463250465,0.8194343043407846,1.019293217892474,0.8368817607654019,1.2646379299086452,1.0433215223874601,1.120851126835101,1.2408328708048992,0.7782621665479307,0.900987031006114,0.9211833196619207,0.8536269054410641
18.1,0.49459602956029564,0.5728850748768348,0.4766068187709858,0.5500664865120088,0.46732662919310025,0.5680172780166967,0.6843493330871697,0.5742056542692836,0.6384217048374273,0.4826167051619348,0.698010580302439,0.8517266476360731,0.903211194362931,0.9404497721524526,0.6662663865607041,0.8404206322647553,0.7520375676329878,0.9456112406146828,0.46247091693793874,0.7867721040425129,0.9926497575012482,0.807168216815297,1.011692000864047,0.8425562493249533,1.25189851235061,1.0286255857594304,1.120800317270827,1.2437814886907537,0.7888052240197202,0.9109479798262091,0.913511110231128,0.8468876096054495
18.2,0.4798533298609284,0.5618193315356576,0.4692808618805195,0.5525228191349805,0.4664793181359809,0.5625453294271955,0.6635605822998677,0.5726248225072236,0.6260456588042261,0.4687329260806505,0.6921615107933203,0.8512648478485706,0.8892048487855807,0.929823029569706,0.6513123939969483,0.8390591636304531,0.7457316414636217,0.938116050290041,0.43934895936997576,0.7767304777145706,0.9881946116363722,0.7970885058822048,1.0055821805605571,0.8275404331041513,1.2469525203947174,1.0210138316186868,1.1116738396258197,1.2436415401180048,0.7963857715429962,0.9039608258681063,0.9216370692419179,0.8355209098467729
18.3,0.4690413737471269,0.567571176648823,0.4698745966739241,0.5578159048944975,0.45665269734698294,0.5588063118403568,0.6527748762915646,0.5600822310311663,0.6172285063042846,0.4677386458966195,0.6902807551908134,0.853186921865373,0.8811370242558838,0.922857386882786,0.647321657182511,0.8369916810619319,0.7395119446914192,0.9309717939113727,0.4205720457478738,0.7745984367348309,0.9736046230117527,0.7958048670475991,1.0041464885277915,0.8205463750036278,1.2370456000609835,1.0148174218918624,1.0963033206970525,1.2447066888226261,0.7999828066593198,0.8867420987732846,0.9237758908523115,0.8317302199118842
18.4,0.4662456674126378,0.5617469574359942,0.4682771835016475,0.5647432958394079,0.4594100215255628,0.548206514014468,0.6390432640481984,0.5450298171653744,0.609730089872947,0.45777950329476164,0.6868470875743168,0.8633110225961537,0.8682775907099743,0.9093087545128029,0.6435971716843175,0.8396194326384838,0.7222987348884492,0.9173884902399966,0.3957657342003992,0.7727478845610598,0.9656834127384739,0.7870248224900634,1.0049722001090835,0.8150296082537138,1.2345756230365046,1.0099464247217695,1.083325739096097,1.2463966560399604,0.8024584273803788,0.8797928734365426,0.9190265089052072,0.8281515545139861
18.5,0.45860962890652407,0.5510300478171416,0.45943195949321525,0.5704900242360473,0.44869527552111055,0.5410724521716069,0.6333820663234433,0.5323875143681196,0.5973200851387502,0.4397246659457349,0.6782801373648505,0.8406968843557445,0.8692263458253963,0.9176568241704111,0.6313286358458041,0.8294503115397733,0.7145449778767223,0.9181378847156857,0.37816580350168644,0.7638152691422824,0.9564177997972855,0.7754076981973463,1.0014840611015887,0.8007839303451642,1.2374046128690777,1.004560894064761,1.071515381353589,1.2405551675282938,0.796189297857663,0.8756994137128272,0.9198843074500214,0.8281086343523403
18.6,0.45150403376073495,0.542582875770073,0.4563376282874144,0.5779377903769961,0.44710230859560574,0.5259165538759142,0.6236789629512982,0.5169629577136213,0.5823152939151693,0.43309517081063065,0.6735602571051809,0.8491052255252509,0.8727268754696803,0.9190968269320982,0.632975045453429,0.8202815607763144,0.7040484963259313,0.9141483548296518,0.3574886956996826,0.7571849776949321,0.9461041186125213,0.7653693176547098,1.0005470451681866,0.7998722628401796,1.2323271222692158,0.9975579020252003,1.0589046746868567,1.2342085315383449,0.8053677325101455,0.8721721478072948,0.8996018110091101,0.8251900904007629
18.7,0.4309961304178834,0.5313969256683885,0.4515626579390128,0.5797766214685556,0.44521092537208456,0.5221443273846177,0.6109478686899511,0.5066121025111308,0.5652028354647316,0.42270774951859225,0.6679322224788083,0.8494079825048236,0.884274112653707,0.9083630772432356,0.6279536345829154,0.8042846964544036,0.6933949728115774,0.9150213785612559,0.34052432322780535,0.7558513765206437,0.9558918580032056,0.7618442286735777,0.9949467551804385,0.7900072692013184,1.2357963106042795,0.9967486469697983,1.0419141571888058,1.226449318754489,0.8093298753151384,0.8652458359105502,0.9011914119866112,0.8213077588090923
18.8,0.4469150823854131,0.5434618704004525,0.44721086257230175,0.5775639932329405,0.44478249720067004,0.5088163081924177,0.5997242755000446,0.4908537079538779,0.5596894174231835,0.4185912789736787,0.6683341566718438,0.8481037075921556,0.8729278973222465,0.8916897173894477,0.6156433308857856,0.7985680434152892,0.6798736108223272,0.9136063045507252,0.32569692097099734,0.7558981464472173,0.9387747216386723,0.7553984359380802,0.9893710747349925,0.768861595726877,1.2289361964681524,0.9929284972941813,1.0271157173666505,1.222551641062024,0.8078278584675862,0.8577731427936156,0.88924360595806,0.8239488668764106
18.9,0.4406313586919497,0.5425827993339639,0.4510886917020715,0.5778106265964066,0.4429116496635442,0.49005666543354365,0.5950166600394609,0.4782665351033119,0.5637639180402032,0.40832577305323703,0.6623366060461917,0.8502691861999973,0.8731527137077699,0.8857889945814201,0.6114714902458256,0.7886830519553478,0.674469868379004,0.9114662276900153,0.31751569485511005,0.7462014214128773,0.9363385658198871,0.750664550466755,0.9796191568265981,0.7577023226439009,1.222270728432883,0.9850199829323265,1.0145925710957706,1.2185603243881826,0.8094242450351051,0.8525558906008154,0.8901967924864317,0.8179879543538447
19.0,0.44851964291758106,0.5489041452694378,0.43816003044469737,0.580990112019306,0.4408991172083934,0.4889960433208071,0.5897109482577046,0.4635071875638009,0.5642715313522927,0.40504852371775213,0.6575148883741043,0.8351710625959569,0.8710931301857341,0.8794754698665752,0.6011594616404747,0.7839157552919871,0.6685302887354924,0.9121137633936288,0.2954714722776434,0.7394539082072052,0.9229497173138745,0.7394175780076692,0.9749980924460421,0.7399768191560601,1.2199979545924868,0.9980686838717361,0.9971551299320879,1.2201433046745014,0.8018178592872296,0.8459937778845862,0.8867973689931961,0.7964897736934514
19.1,0.4403824731593761,0.548675137350053,0.4344761588144379,0.5861275960967284,0.43121305908856955,0.48333599614016065,0.5864178607656096,0.4616572941938187,0.5531239799723068,0.4002010944395036,0.6626372337103302,0.8251108104757992,0.8695047643248655,0.8688145251546718,0.5953810092011295,0.7652103120716875,0.6669609067876275,0.9161985380911207,0.28188326334709846,0.7326486244983198,0.9179814581702755,0.7340020115562507,0.9599027945734274,0.7281997565724779,1.2143791957580847,1.0010792857123858,0.9749031251988334,1.217764849573601,0.798846837181733,0.8420781828975317,0.8833204012471008,0.7857756063151575
19.2,0.4449823018655319,0.5572643753838935,0.4248895776488041,0.5882382810767611,0.42978497196582177,0.485743824353967,0.5858559270625088,0.4584130905675295,0.5413899318259304,0.392365197493993,0.6665696462713886,0.8111430562391418,0.867778200978192,0.861065794530395,0.5848957504677481,0.7546295949778067,0.6622877685003148,0.9194996181744154,0.26677952274858974,0.7323908545565913,0.9086638788342455,0.7261405355760367,0.947433364644211,0.7212568646380776,1.2041313698426588,1.0008916248159252,0.9641756061513771,1.203226563375799,0.7960783613250098,0.8371108196865584,0.8783814505246038,0.7839815396971432
19.3,0.43210282982927056,0.5471017096064409,0.422337964942134,0.5894835311365724,0.4258466958379651,0.4852165460600467,0.5785670293995709,0.4634868836316884,0.533174674549577,0.38581672785871035,0.6697191604010505,0.7998799178414906,0.8745163793660011,0.8454941977050963,0.5740161566803198,0.7444954070154047,0.6573177322514747,0.9090394746472347,0.2580636729001927,0.7355446330432835,0.9022640609330865,0.7039664160518795,0.9487927579328271,0.710996913197066,1.198952128277837,1.0095923780077023,0.9458315563286426,1.2151255251649682,0.7953715760470694,0.8346424951928334,0.8717479990180875,0.779808150620983
19.4,0.4365674681851265,0.540882427056318,0.42356073389149695,0.5933431534519943,0.421167331385651,0.4925681896524006,0.5694056894365278,0.44962534984850705,0.5251686272953325,0.3886217588537243,0.6635533415460292,0.7870711229676818,0.870816197103916,0.8264426795223155,0.5708125384043474,0.727979836973257,0.6524850737948688,0.901469008447157,0.2537421514750104,0.7404814531878128,0.9001531506792997,0.7041366694054664,0.9328801727252823,0.704727314837383,1.1902372064798477,1.0051585921212596,0.937879984596086,1.2153641144733054,0.7882648065521737,0.83548233605967,0.8689870794600798,0.7712144507802682
19.5,0.42160775414235024,0.5468578820874611,0.4167066315000638,0.5975355156585158,0.41253163109311936,0.48690452123465117,0.5673844853464961,0.44756539609775375,0.5163624714221446,0.37926612819644306,0.6650428623430725,0.7819430139041131,0.8696458920097576,0.8200060568163938,0.5532910040155625,0.7161066210194149,0.651836349320025,0.8981780485944478,0.24729925769409677,0.757536803145528,0.8990499806604529,0.6963149502214899,0.9225059471000074,0.6981287308441705,1.1804572216443374,1.0067984855903538,0.9386489273475034,1.2158247220854506,0.7825826201749277,0.8306224282033993,0.8691338684710443,0.7584505626011483
19.6,0.43048915439393787,0.5406632009020671,0.41617047294237747,0.6012859490755253,0.41439138021838906,0.48826333300539193,0.5677191616004948,0.44240458816703704,0.5127238493013722,0.35735397945962344,0.6526324680348742,0.7729676223705699,0.869376342378126,0.8151317442637142,0.5462905818428107,0.7035598166629754,0.6515200218713327,0.8934194407553023,0.24126427949885992,0.7438996171118926,0.8942831527354081,0.6922860173661858,0.9036304126270024,0.681600230952529,1.1669084823156533,1.0013293911350036,0.9502650686825743,1.2139755867545887,0.7749318464709413,0.8352708161379119,0.8621372679292263,0.7483699940524176
19.7,0.4112701997178342,0.5375058294183428,0.4085050557869235,0.5969100933449678,0.43144519627446437,0.4884783229315037,0.5595981579403821,0.4414518783307169,0.5071341699809883,0.344479906425387,0.6417782995100456,0.7679033423499808,0.8639843347851356,0.8083906078262789,0.5380889615465726,0.6869536357549799,0.6493673501757491,0.8843817874943899,0.24008155691520755,0.7358732601266432,0.8925616201142753,0.6859070339870931,0.8896529898763018,0.6692703642417124,1.1494069948694952,1.0008531460594605,0.9381621358313174,1.2232115509678771,0.768215369020858,0.8239690004398958,0.8465864426038535,0.7441954038656592
19.8,0.41118044129526976,0.5268606565053887,0.39635785985338795,0.5855565484855221,0.42368488010405964,0.4953511314902154,0.5665205382342915,0.4501458371693687,0.506004256172815,0.32935760771995176,0.6291964147040692,0.7614059394290087,0.8678454060512362,0.8113538012964879,0.5308262179853807,0.6738126974140821,0.6460680990938911,0.877931413724014,0.23299855028709449,0.7278944513337906,0.8861139689163602,0.7033722172395843,0.9005560043245245,0.651158126520983,1.1466078699694535,0.9934684486406024,0.9377240903118846,1.2182358417385963,0.7570191658016978,0.8218840902985014,0.8316527886298551,0.7387049029083234
19.9,0.4009462864649116,0.5290254125557428,0.4039478249521437,0.5790607237061505,0.4146395171774029,0.49951136390336914,0.5647313237389768,0.4427007427344838,0.5065751431292175,0.3257750287211145,0.6174166107910095,0.7605296531940252,0.8712045977696353,0.8010106387351932,0.5236745430949852,0.6634539467784494,0.6521678686569239,0.8752494586860974,0.25763025596058353,0.7336390247912334,0.8747476744675666,0.6954553612874256,0.8844950976036656,0.6397041570205768,1.1316224847570977,0.9901835346652345,0.936732044691102,1.2174727662683955,0.7483077633805664,0.8134451950989876,0.8250072570585848,0.7327629941942254
20.0,0.40375989788846145,0.5214408596338176,0.40237172172235497,0.5773312345519915,0.4143337174847903,0.49675443376821865,0.5684494426373894,0.44298302595480704,0.513408856313635,0.3251433037361678,0.6090659134545368,0.7594952676228527,0.877163730939793,0.7968753542897797,0.5298846067832764,0.6491005899935638,0.6551080150053433,0.8717991830607179,0.24989445288959974,0.7375431609918877,0.8813451269583892,0.691026532934204,0.8754993987274048,0.6280706198916008,1.119894778703335,0.9886995207793716,0.9324564400638978,1.2095372364235193,0.7356941811095861,0.8001973931333707,0.815294683138459,0.7226938824835734
20.1,0.40240851565193175,0.5288724878051623,0.39780178665034993,0.5859567655066236,0.4114559803627732,0.47758866111320525,0.5647631535136677,0.4346935495500922,0.5158759578115507,0.3115728084709866,0.6027929772030427,0.7577780827921965,0.8788360080832425,0.7844146622979123,0.517006782320397,0.6453046590249448,0.6519415311017802,0.8712237830698673,0.2550208818918052,0.740475681197223,0.874584584265061,0.6856799634498377,0.8763694037417015,0.6179215433454395,1.1092412099643094,0.9855630680650955,0.9261900259107579,1.2091349884751597,0.717115283227846,0.7928885694294054,0.8107276750521235,0.7130915967183682
20.2,0.4013935405998341,0.522517974046165,0.3944828709800781,0.5776060384851454,0.4022558803436978,0.47687860240245383,0.5716459325096253,0.44491615913699784,0.5147781158720717,0.3128433421503387,0.5962939459427932,0.7555257377984129,0.8857763714310436,0.7830351813138424,0.5157861729273724,0.6322210741710461,0.6614206752818108,0.8716061574318719,0.2559995308726264,0.7400282218612976,0.8688598801430901,0.6797653402088699,0.8639458625074031,0.6153102266467606,1.102920241041881,0.9821064465799253,0.9209100543604088,1.2046488686105787,0.7099705192229034,0.7838912451217703,0.8251398110432908,0.7133695049229573
20.3,0.40154107946760526,0.52767642363107,0.3927408625918728,0.5664311857946991,0.4066018581720454,0.47541115774345544,0.5627460929834158,0.44587855562413736,0.513780775241824,0.3041319845076175,0.6012983049457877,0.7462993389770884,0.8906313841163397,0.7804152435088731,0.5051150453692247,0.6210923527570408,0.667269342844042,0.8745255486080407,0.25958643987207214,0.7370761553285557,0.863345231631775,0.6757019094899601,0.8533229219115217,0.6016574078138908,1.1076156032995899,0.9755298359911738,0.9155514310841064,1.1982792584284296,0.7098623700886765,0.764587998730627,0.8130064960097017,0.7019117258048511
20.4,0.39620868656407965,0.5282123002923861,0.3937941600685346,0.5675470262420614,0.4136192759053092,0.4595002247854099,0.5576772635967949,0.4555010312421773,0.5180549700578884,0.30482246401174984,0.6003216774448881,0.7454933979772791,0.8900366919537203,0.7741402808388456,0.5105927506817416,0.6031239480259855,0.6590480572513379,0.8521087359022808,0.2596720571716081,0.7354849073700644,0.8517345280616209,0.6703029584411826,0.8390206438504944,0.5880046105896758,1.1013357955588592,0.964766966482877,0.914863436184885,1.19703172228383,0.694859200776064,0.7575877358760119,0.799057084924638,0.6835347691885814
20.5,0.3990610298317889,0.5254631232024144,0.39759666120713943,0.569678406618265,0.42791336603240127,0.46305241167548566,0.5614828395238103,0.4491827161235053,0.5146962797603649,0.3001529317446066,0.6040759223276301,0.7413226723594838,0.8917504786851217,0.7722607614444794,0.5018194599450854,0.5971719108506535,0.6479955690938765,0.825202304323897,0.25742079560343134,0.7350026134651783,0.8433886067574191,0.6681744654136794,0.830271261266046,0.5783248733235159,1.095224734528903,0.9595494704547068,0.9159621758980789,1.1951753936324256,0.6859406720159219,0.752762011258967,0.7797365880371315,0.6688891194433408
20.6,0.3974949594944959,0.5333773809182145,0.40030218293911496,0.5790136427874903,0.4238788024485187,0.4570977073524613,0.5573791960697954,0.4488830590589766,0.51118299479174,0.29778925608483975,0.6063727471331796,0.7429381966091859,0.8799766645279277,0.7611406212205918,0.5017672924396244,0.5900234759618442,0.6411783728168339,0.8378410453276421,0.2716654585605367,0.7355993159294616,0.8382940943232732,0.6719092248282389,0.8256015677880184,0.5731236482583854,1.0969182763255332,0.9504440137211756,0.9109347468251685,1.185880704120377,0.6672528094208251,0.7468541630988892,0.7637328700979601,0.6669373125361558
20.7,0.40467577699952667,0.5269864254798602,0.40281940373271846,0.5771649326484766,0.4329617737197116,0.45186475929995984,0.5546526349513633,0.4474271687045838,0.504192990666089,0.29519133121220226,0.6190266854518804,0.7315439449910877,0.8695784261089149,0.7604804981920966,0.5007265386565638,0.5775218639128871,0.6385808164920024,0.8440645404408965,0.27257701072489643,0.7305970906959084,0.834519608636178,0.6681435101887074,0.8201707984079054,0.5683923529327086,1.0898771191502064,0.938552215496368,0.899729460649907,1.1860792621553258,0.6528825823534777,0.7428045652845173,0.7543689932147263,0.66378201063928
20.8,0.39529233746822584,0.5332158619138908,0.40950006375389253,0.5818155307185814,0.43115705567449814,0.44990679705681996,0.5463774470959526,0.44578684635750493,0.492220511890342,0.30270856471266394,0.6179133411020957,0.7373158062474662,0.8525849016326912,0.7501466726767559,0.4988934084757629,0.5650523659253571,0.6324617698831909,0.8514838112355736,0.2792719451783229,0.7252484992082101,0.8289510764046821,0.6575366199232313,0.8139281963432309,0.5570725317933216,1.0860978471460094,0.9311899335147596,0.8905952093207524,1.1772707163721305,0.6465819497732475,0.7322036304470394,0.7401225760658202,0.6628113908856168
20.9,0.39265039629238774,0.5216371703537509,0.4148300461404876,0.5734375479147689,0.42461647207766473,0.4557984361531751,0.5468598930269766,0.4415479085444922,0.485798960217122,0.30918582813644,0.6165426695046724,0.7309622217847852,0.8382788201087472,0.7525282834163336,0.49238429115128046,0.5532248867820431,0.6175310011074471,0.8579267809714999,0.2827737286345439,0.7152556798653839,0.8435943993818987,0.6565850902945763,0.8139362019957003,0.5539808268251676,1.0881136766606134,0.9287903046477163,0.8808461510167541,1.1691927147602639,0.636621922922436,0.7252505335005541,0.728629344111442,0.6520043871753064
21.0,0.3918731264770882,0.5193523973823897,0.41197920190995435,0.5747206386292975,0.41773273173781456,0.45032010984591314,0.5313537218421032,0.4407771805205356,0.48515461143353183,0.3219452677198767,0.6175968355734827,0.736640038887657,0.8339364942587161,0.7497983188620166,0.4908972924122965,0.5565579515265662,0.6096963063984115,0.860812708311345,0.2848640057695572,0.713560839246887,0.834790315785979,0.6456908758235377,0.8092657483181015,0.5536462339818028,1.0827082348677837,0.9163259230553047,0.8667260829213418,1.1654977041124959,0.6286208527278012,0.7231422567868463,0.7111811172768691,0.6423436452748884
21.1,0.3908345417562383,0.5031550580457333,0.4174476840802172,0.5733111775131962,0.4255610017660648,0.44066149940474997,0.5338318676073147,0.4349066814950596,0.48664535937756265,0.3370815239367763,0.6099827436809531,0.7349502062322176,0.8389612039449266,0.7515319996056271,0.4859803478560434,0.5533884344284964,0.5975527353716619,0.8744335516482906,0.27525488506276413,0.7105852252431448,0.8395581734283825,0.6383518200170252,0.8022462341591655,0.5506624857954215,1.0840809435159358,0.9042829919484998,0.8474531634510524,1.159599991002055,0.6117872824340468,0.7142625786763882,0.7025828157963016,0.6381616263749436
21.2,0.3856188058091352,0.5043797321164732,0.4187754874725928,0.5721711125450201,0.4186367994298802,0.4297469681450012,0.5323968376954984,0.41825045066756866,0.48815884342290167,0.34373507254257984,0.6127786755436564,0.7453755312179176,0.8300367539372455,0.7494347487581742,0.4912043207528236,0.5552022559031194,0.5829636859560183,0.8848045098205644,0.2679445845725359,0.7077887063114827,0.8441392910808889,0.6386856601589042,0.797892322954089,0.5510235256252508,1.0808583780676182,0.8900783910895885,0.833810814188692,1.1657217914745486,0.6002211386855634,0.7068735668474775,0.6928205876074285,0.6315433231260431
21.3,0.3927260278488647,0.48716684818142475,0.42279175105678257,0.5647687780260624,0.4223964934567347,0.42041748908792054,0.5373887066491426,0.43009527502629064,0.4757756030007557,0.3442995566323521,0.6070461076171967,0.7449629684588392,0.8245994108927865,0.7466920861371104,0.48455214871965224,0.5483453314905399,0.5722232786151639,0.9025356483260993,0.26256933839550817,0.7041809484019126,0.8438835767953153,0.6283715365280711,0.792882648520455,0.550942408741417,1.0790342241722781,0.8912139060178976,0.8191929461481275,1.1607523711904586,0.5967739232236001,0.6956748671201746,0.6771087793957415,0.6357742462500523
21.4,0.38545530077233836,0.4790017212631486,0.42251740902008683,0.5597168009948184,0.41759261021894906,0.41743669474436523,0.5389472550340197,0.4287316170394654,0.47488424645573957,0.34277365669458615,0.6095818509646475,0.7405650183567506,0.8109646396974404,0.7466226384008311,0.4828277005685785,0.5459155341492412,0.55236302196617,0.920914367228559,0.25870560014232297,0.6988908767536317,0.8467606077455893,0.6157557509417925,0.7850676444917271,0.5457729545984684,1.0777768519568105,0.8841833445816486,0.8140010013509166,1.159825878849204,0.5915212039068378,0.7025396182611388,0.6616863623814605,0.6355293857085363
21.5,0.3885677294916302,0.47780811438488546,0.41662225609742903,0.5558649010611874,0.4188858774424739,0.409572665725171,0.5441775056423349,0.43249255722505214,0.47940617075686903,0.34378971889051435,0.6094087744315039,0.76015820405606,0.7935511498334379,0.7411336816374703,0.4784555326718214,0.5442773193263565,0.5320793776392568,0.9296521110135216,0.25951681672043897,0.6968253052958191,0.8492410072856644,0.6051088685464753,0.7837453970716053,0.5429605755043728,1.0696957206913993,0.8804169299043483,0.8057255497085555,1.14880919484578,0.5867832542371553,0.7059351505433381,0.6453052286171863,0.626280008188283
21.6,0.38845065436020365,0.472203238787761,0.41694615246968403,0.5507690178503294,0.42289824937250436,0.41561358991251124,0.543370176673965,0.4247789043264078,0.47361037960613334,0.3410890657217619,0.6074800354639407,0.7509730857923105,0.7791214865751298,0.7422767403439866,0.465596936420948,0.5472098483528954,0.5112868101348659,0.9364747506052452,0.2618006825845952,0.6973253870795244,0.8487797926828556,0.5931692585745263,0.774336620945504,0.5370889070225149,1.0491231144176993,0.8691984758515733,0.7909577418671465,1.1343890792388018,0.5829722142037386,0.7076622055928063,0.6532476743534512,0.6184158608823644
21.7,0.4098449410646612,0.4722775165078742,0.41983689923982315,0.5541423364626107,0.42383547508759467,0.40730730356751105,0.5425263178050705,0.42561039194156275,0.4708512272425945,0.34177519539979967,0.6090574669031504,0.7540858191998306,0.7736279884506824,0.7355646182752937,0.4667937317689623,0.540433098747936,0.4962273142318079,0.9416115442106708,0.2596587111880022,0.6939633678730431,0.84835149721295,0.5830731060526753,0.7716834239574258,0.5309278465757306,1.0442062158000394,0.8615694255765138,0.7799162761016205,1.125173265804862,0.5762056734555026,0.7102943641345161,0.6622223370859052,0.6154383169777549
21.8,0.4055576041575435,0.4587147984917129,0.42036466950433643,0.5543692286304964,0.41949100444034304,0.40889873799072163,0.5415429602020503,0.42488607158701774,0.4672924568409579,0.33792183167298756,0.6081775603205026,0.7437491169628843,0.7775566638697009,0.7332816356321714,0.45972489733295185,0.5380475812059519,0.4835505610650432,0.9505205508748853,0.2553709620951669,0.694877178413444,0.8484132278269289,0.572496803251755,0.7643775732737765,0.5328243425287785,1.0405884179543394,0.8545210793905679,0.7640828439290187,1.1193685636668786,0.5737545672813189,0.714113532918888,0.6591283612606454,0.6142159372633587
21.9,0.41380041512249255,0.45945256765457054,0.41830734041947554,0.5549976331752755,0.41719311992457736,0.40813861613007907,0.5408741215670654,0.42183973052824036,0.45731719328000425,0.32692078727330054,0.5999950242028466,0.7320305798988376,0.7631674155230843,0.7212791169096633,0.4648783045250244,0.5248230896370032,0.4688105947063527,0.9574720295928806,0.2543404765957866,0.6902124344982319,0.8444858077690582,0.552264809366903,0.7610255081001648,0.5303312891728288,1.0437150482359976,0.8669143892307989,0.7428319815289771,1.1202300565241925,0.5659778648298923,0.7173208470847178,0.6534627503749721,0.6055767830853088
22.0,0.4109506332426953,0.44961815332871263,0.4221692135142576,0.5528744014441971,0.41309774288288564,0.4071494453247074,0.5495337160652397,0.424173084956365,0.4432252092975478,0.3156899523763287,0.601361327546124,0.7218645551574182,0.7604897044718002,0.7168797445400469,0.46167544866449634,0.5165836629294244,0.4572795137756293,0.9561123732218414,0.2528883975272599,0.6915847401390625,0.8369656759790032,0.5403702840825912,0.7586483714224255,0.5296886327743813,1.032710659911558,0.8564884242196407,0.7445000288911678,1.1080370478170865,0.5684617830973843,0.723977441401792,0.6525958910140718,0.597854115555608
22.1,0.41186351908793467,0.4530832356857256,0.4223768321087811,0.5446287528373405,0.4073690289484299,0.406829740319544,0.5455917193055434,0.42634441042624094,0.43599183721459944,0.3102287634060533,0.5911985619848049,0.7186495897603884,0.7548128243366512,0.6985234586308648,0.45714154796466944,0.520927919972495,0.4407147891286966,0.9579228718641277,0.24666581703280369,0.6933135121910095,0.8477283694889373,0.5196278607021695,0.7594910119089767,0.5374020885816508,1.0302515715828415,0.851014410370936,0.7576787425547888,1.0976783829031558,0.563366584381799,0.7296606925661814,0.6506039646867168,0.591719586168307
22.2,0.40271606612057115,0.439858463665744,0.41880703256030044,0.5384862580023828,0.40202576849789246,0.41303703763217586,0.5495896925904776,0.4210804252553973,0.43433429951011326,0.3031638144537236,0.5861165917023138,0.7118032593925248,0.7533477642063058,0.6909759787227632,0.4528170248349026,0.5185227086531136,0.43581008853779235,0.9480192111310701,0.2502587604381104,0.6927278191593728,0.8468975199480578,0.5038517202180475,0.7630162709254277,0.5364359313695031,1.0233118057005441,0.8477973792180018,0.7492571999318703,1.1127976805525261,0.5561843441793315,0.7355693430804192,0.6537381164925061,0.5892091722063162
22.3,0.4011546581913663,0.4440337188595678,0.41231325649101125,0.5368418255606423,0.39734297237002575,0.41065361844205306,0.5414368429790138,0.4050076376134317,0.42759992719581624,0.29917953552879695,0.5728769556108192,0.7104997118180754,0.7495592382011632,0.6765500488819712,0.44798110199835794,0.5193598501499738,0.43090832084949604,0.9393649468943105,0.2456992042795059,0.6869196294080744,0.8435104584357733,0.5158622150214065,0.7513753252749592,0.5351432018445504,1.0150720455343016,0.8408239480547598,0.7416561242453018,1.0999046777072612,0.5510966263683291,0.7427162801721588,0.6580721558233882,0.582115413129144
22.4,0.3959946817465417,0.43941289479415424,0.40851083834812346,0.5316234428951347,0.398880874861536,0.4009384884735331,0.5409807566099968,0.41213919788866954,0.4238848579035907,0.2840387058476451,0.5606042047239175,0.7040750056405318,0.7554479261299214,0.681392793821917,0.4396111806747111,0.5083385019015589,0.4264919508896128,0.934051465987766,0.24165361089725784,0.6748892449594689,0.8355280411746412,0.5002171395911904,0.7465482239031931,0.5308955824920848,1.0071320813690492,0.8413592272675188,0.7294177804617444,1.093367424390788,0.5515577017547207,0.7450529459643628,0.6519942636657099,0.577548244512937
22.5,0.3959334478067474,0.4278080942712652,0.41033588857623543,0.5281628316891676,0.39400947421886695,0.40138967131328157,0.5292021289235784,0.4106385467433736,0.4310605213356847,0.26363452185760117,0.5442647976216124,0.7060930581169147,0.7480185881511737,0.6717651914255798,0.4424774570499197,0.503833932766429,0.4278185711989472,0.9256482045822509,0.24079300230625764,0.6706526525155019,0.8274168790151425,0.49002243684213403,0.7412340482134433,0.5247352803555897,0.9932797404954381,0.8424368729776653,0.727622514799533,1.0863191909122805,0.5432742268659578,0.739655709379342,0.6490714586762778,0.5735781560401563
22.6,0.38501956505318374,0.43188737973312247,0.3933803656318928,0.517293837616625,0.39596355161205077,0.39482821020777314,0.5243688483860417,0.41586193477884215,0.4222323188982775,0.25991748931920144,0.5149138177636592,0.7012441772196725,0.7509116434585764,0.6636788818652166,0.43273955039946665,0.49527080908755755,0.4267684986050118,0.9211544560949038,0.23647880038199348,0.6653341516113724,0.8292589075191227,0.4719122411983506,0.7389261659763754,0.5252671363086788,0.9867423220439693,0.8395048428046724,0.7257119642465926,1.0731322915240644,0.544433724154211,0.7271576852954419,0.6516664629067672,0.5648091324280747
22.7,0.3870480028342176,0.42451342002113607,0.38333429318822476,0.5091604828263159,0.389787884339608,0.3992783102489155,0.5264050416804454,0.39792761324235804,0.4201641079909192,0.24531167068127668,0.5133135741761615,0.7036905054399709,0.7467156491749224,0.6614531918381554,0.43295998207623465,0.49409638316988763,0.42578344264614926,0.9110880255696434,0.22783597647571743,0.6638646177679396,0.8253393595061084,0.4686006491537966,0.7380997084832026,0.5297363879021227,0.9844523379725175,0.8336296291454591,0.726158995778379,1.0628506978341825,0.5468078336719172,0.7293465954140861,0.64817495436604,0.5552956001989151
22.8,0.3831820123069073,0.427628068500625,0.38883561953762824,0.5033026718614052,0.38342366761415625,0.3956621894177243,0.5213997690018957,0.3888032027600227,0.415714159209888,0.2396449848438908,0.5032623135551546,0.6941825149366483,0.7416408460979159,0.6517135788002087,0.4303808697143498,0.4935898779868149,0.41341047457980024,0.8972110268589765,0.2237913134405349,0.6599992235242542,0.8265693124637121,0.4596424415302714,0.7375841499430921,0.5262445973861587,0.9679403830487474,0.8321268243495169,0.7201217659730904,1.0493550463068833,0.5376189601497465,0.7226947849344318,0.6510934021413901,0.542495989075334
22.9,0.36948322006107603,0.4148221866486247,0.38387628782350536,0.5005624154490553,0.38121396062765495,0.39110779244473926,0.5231306381196702,0.3822485655089971,0.41116074373213346,0.23507409723899197,0.5054741913827432,0.6808569795566584,0.7383983065552087,0.6479910590163807,0.4371683201411007,0.4887498660130001,0.4244425021748169,0.8790727583250332,0.22086141853328872,0.6686205538680996,0.8259698512354224,0.4518004277454056,0.7365846075359558,0.5202434903444899,0.952722348133321,0.8275761065323153,0.7119247692762243,1.0411576435326135,0.5421145149671548,0.7154823904441914,0.6517850681503745,0.5313510948401569
23.0,0.37015822389364317,0.4147479167666869,0.3833370282222999,0.4888040683469925,0.36755783626867555,0.3767096560851245,0.5194250151075471,0.3688793612626663,0.39605254117936695,0.22879714137651283,0.5001157101681156,0.6716842839117134,0.7338466403247582,0.6330274124886653,0.42995260146395214,0.4846244512203482,0.43110476262368697,0.86508610779301,0.2196847896257947,0.6591340138601854,0.8120537875597212,0.44788971489744,0.7358408448897983,0.5150367550132725,0.9464695580600931,0.8199371042317475,0.7094190893218589,1.0321189730117908,0.5387473970036739,0.7194348714645186,0.6416037498967428,0.5293785282736784
23.1,0.3632521057015791,0.4085106006870449,0.3758861496307848,0.47334923548866875,0.3676060546678183,0.3920500345143544,0.5145856282977196,0.3649558502285102,0.3966351806183596,0.22498428767570655,0.4999017870121367,0.6614754205946619,0.7376837932592005,0.6241464914831429,0.42508872180087565,0.4783261475753379,0.44072145401134993,0.8489317018385522,0.2157600740918446,0.653950493486456,0.810818141607103,0.44329434096426046,0.7348919612586705,0.5095911226570227,0.9385747667292597,0.813967473856695,0.7030896985737103,1.017934342623943,0.5440785873838633,0.7132447353915143,0.629568251399767,0.5218843542052661
23.2,0.3616706180899083,0.4137745475008595,0.37362682235131073,0.4755752882398112,0.37404357278801353,0.3813088347786089,0.5036675093215758,0.3519068288381015,0.4098686684116007,0.2265784493114935,0.4982487966168561,0.65937379776854,0.7336994494497455,0.6033463579416588,0.4208381784849615,0.4706464339768145,0.4393589550984858,0.8380907781485597,0.21380039309111443,0.6445468719692334,0.8085269144475832,0.43853867609404945,0.7248845097272283,0.4908873955895699,0.9308210956798332,0.8232305248733743,0.7015923690921507,1.0106139762967195,0.5347601062112033,0.7208445740711391,0.6123528007910731,0.5051297533909663
23.3,0.35026469587313824,0.41210163074004985,0.3701543730265164,0.48144683985999615,0.38271550279562305,0.37640641141538084,0.5159225715531235,0.3459707103024329,0.4205274524553681,0.22626082105039802,0.4874395591269918,0.6580290776476864,0.7339953126149498,0.5953875886166711,0.41867488422655225,0.45793601382070753,0.4293886404437398,0.8077700886761827,0.20985804350717263,0.6454627616637256,0.8049837943426621,0.4331285183008071,0.7178183788506256,0.48544739624365313,0.9282969102739871,0.81435716800301,0.6960751195127796,1.006127062874944,0.5195609355335876,0.7152504517012975,0.604701477483343,0.48898353074046175
23.4,0.3557782035422781,0.4217513745925615,0.3671155878855821,0.4820893763017483,0.37660236017700943,0.39721189103730764,0.5101567670940269,0.33062208650165614,0.4254713227011444,0.2278842658487584,0.4924700084701194,0.6571082023667881,0.7210388920419495,0.587065392609776,0.40751510145700914,0.44728975145694216,0.43388717949907174,0.8174846735001123,0.19818640580271574,0.649371053456721,0.7968255880155982,0.42523624679893285,0.7168104024555207,0.4789918983290595,0.9226811878098646,0.8019741921773537,0.6868719892376153,1.0042618936268075,0.5112727765260341,0.7016755132362417,0.6021776147313228,0.494961327829216
23.5,0.34635091422731457,0.42376811498059364,0.36415253736479497,0.4856768144691159,0.3590408763196272,0.3964071442196766,0.5021815168931525,0.3269044674398069,0.4276973930742843,0.2254586970975468,0.48342078538098016,0.6432704139750942,0.7190817788789038,0.5894155558107977,0.40370186157318505,0.4427117263871537,0.4430804375708635,0.8574130545029084,0.20660582297824642,0.6409615393566003,0.7937028752768355,0.42100052619925465,0.7157322478202189,0.4677224701083755,0.9230532624595582,0.7866345926952941,0.6717031821447189,0.9944696308833649,0.5001479605099949,0.6914775314623356,0.5960514431703371,0.48891035332521093
23.6,0.34925129323688137,0.4165163578176144,0.37327350993995045,0.4733984530606292,0.3577601080398363,0.4086916891704116,0.49887013537727876,0.3208712556169584,0.4350710401486871,0.21880479705241146,0.48529102593201523,0.6429073643038716,0.7033986153529169,0.5839867539873205,0.4010972014285664,0.43805414739331044,0.4420868145772998,0.8584448531413656,0.1997969742427439,0.6271313642989443,0.7885563408911687,0.41364156699116617,0.7146844587179583,0.45796157716907454,0.9108118901580463,0.7790279460494761,0.6588477108765375,0.9924779109009539,0.49475897193681256,0.6818374460192198,0.5957753548159788,0.48303187475171855
23.7,0.3312869048759208,0.42130826646337444,0.3778760826468317,0.47109303416810583,0.34626838537340904,0.4172192787861827,0.49183879357543286,0.3210981880041349,0.4407707014685512,0.2268888721601677,0.46788968774165707,0.6396793870351236,0.7118132537460125,0.575473443526161,0.4018062547404314,0.4345366155232865,0.4368789005706993,0.8603119251909906,0.19527069405505187,0.6188445941493205,0.7918155399765834,0.4114614103261531,0.7093555688920149,0.45794221492851633,0.8890008956989344,0.769273680059602,0.6463897532538907,0.9860146202322796,0.49262121558588245,0.6779097977715902,0.5896480397084345,0.4778266606462031
23.8,0.32939988557053307,0.413003098698292,0.37649867630553124,0.4680133461751553,0.33337661018103276,0.42529410169484555,0.4915159280066472,0.3149984743760356,0.44575868624487736,0.22380290417649634,0.4736590766929344,0.632578088043383,0.7035069419964294,0.5697774122266035,0.402268839796385,0.43311563223354027,0.4351045774738295,0.8638360060634189,0.18684202726519122,0.6146774421811952,0.7893771261123811,0.41707834742104355,0.7064691000959522,0.4491024113991781,0.8822018756661016,0.7573081185652145,0.6325213978871783,0.9827189642166118,0.4831658444688496,0.6704868396901794,0.5881278595464411,0.46601065412967113
23.9,0.3083117377126531,0.41070635488722335,0.3695380936612364,0.47438799253820113,0.33641569059882553,0.41728890723410045,0.4889460496548412,0.3157956381479536,0.4467783454407132,0.2291691961942062,0.465639393125653,0.6275107305104782,0.7123769061219747,0.5540673642587972,0.400212135108371,0.41478014211588404,0.44308307475961667,0.8651383119420976,0.17542629870796383,0.6170906950691105,0.7939412762474414,0.41290164962289355,0.6905006110541766,0.43874877663771883,0.8743140348831607,0.7395201706102567,0.6203899877214792,0.9801979702201946,0.4758214409334835,0.6651684216782675,0.5858446790131795,0.45980034767602457
24.0,0.3090052673232815,0.3996793943383465,0.37341505099132044,0.4747732683290121,0.3375146452812828,0.42691595129662524,0.4896100282874469,0.3196057249172017,0.442560653030317,0.2314081057657245,0.45803135886425395,0.6133720825891825,0.7026851086787731,0.5447308208375422,0.39450825698903674,0.4114164257689579,0.43275483613092874,0.8676943206976817,0.16605985857772443,0.6116743000497535,0.7928540648698161,0.4153534256063446,0.6797079779850995,0.4365712865161678,0.8704487475019499,0.7237287782532463,0.6148956334568132,0.9874998182842495,0.46998139884378654,0.6592154000933709,0.5867208773868401,0.45729703894683454
24.1,0.3084149195111517,0.4054933906802045,0.37424960232693755,0.47592638158028916,0.3241833451844505,0.42778489999867786,0.47737898941910994,0.32745444267195245,0.44754711658909774,0.22774242959835547,0.4522758659976045,0.6104755943276601,0.6876250443645172,0.5314157174021279,0.38707851898538703,0.4141195076047422,0.431392509567753,0.8683447095703273,0.1624646821599786,0.6060278474803361,0.7903310207670076,0.4208318249493114,0.6713283947652358,0.4300465983964672,0.8664162845245013,0.7179615049036343,0.608981657294697,0.9964711260663608,0.4690401913921781,0.6423480876485386,0.5888608524034794,0.45691795836968974
24.2,0.3162667426732286,0.4048191258597348,0.3805473750773086,0.47708152547493216,0.3237607462141598,0.43323785785621516,0.4857874705639786,0.33411728941078145,0.45212604093665787,0.22742213734151506,0.44852336230163214,0.6007958427705279,0.6780202332146666,0.528338999410631,0.3754079951715257,0.4255290312797294,0.4273961491504221,0.8653204405505355,0.16260152650772808,0.6090878857910214,0.783470013177937,0.4291483209567451,0.6625911043487495,0.419228262540645,0.8615918622126858,0.7107497855953053,0.6086745268674661,0.9944406522008931,0.4666848323893549,0.6358752327293469,0.5782034375600085,0.4573557725702409
24.3,0.31384276276467243,0.4111819108395813,0.37014809231868606,0.482504054756735,0.3167056827299179,0.42842152801258404,0.4798899687735867,0.329363953066175,0.44982768046019006,0.2237114679563226,0.44287482595429123,0.5950962891282952,0.66798710318314,0.5167860717667465,0.3635951519031955,0.42591895166206645,0.404747611013437,0.8647636597813246,0.15565149465450281,0.6012490975407276,0.7883109936825933,0.4266613957799536,0.6558242548801377,0.4164620187517201,0.855856141100943,0.6922341732651094,0.5988747291978025,0.9977610065550845,0.4556753020728934,0.6434224203858118,0.572252544781878,0.46031151607542203
24.4,0.30960487068101644,0.4116293840542898,0.3577133734834483,0.488616709101484,0.31032535004846173,0.4268201460551652,0.48589214914826234,0.3291268070637456,0.4472078472198181,0.2291216291085385,0.4436918778736837,0.5854901251426988,0.667110491302537,0.5130021501060439,0.34238441297851435,0.4298520031567296,0.39125684723403004,0.8569836008445143,0.14680199246999306,0.5952806079373517,0.767961579074481,0.4250157301431494,0.653816385852372,0.412577283049571,0.8503181983413645,0.6834919927981695,0.5739795682981996,0.9893999237092573,0.4463000158197738,0.63904349297063,0.5691463706346619,0.4452940808586095
24.5,0.31254008016902807,0.41430084013030705,0.35701842708089726,0.4966392560487955,0.3022375939833756,0.42951125588385414,0.47905208362287244,0.3281168408281826,0.4326166757972162,0.2387125328890122,0.4437263250431083,0.5864202284021718,0.6603184016097718,0.5012042393403904,0.3357416759962859,0.4229951912581024,0.3767188156168855,0.8483821948614593,0.14515443494820396,0.5914490517848114,0.7729725035629076,0.42065020174724255,0.6260971066320771,0.41073503958080093,0.8406733193782615,0.6743124206212125,0.5563758955885383,0.9843762968740417,0.4443785241671304,0.6347469869289928,0.554624718378073,0.43921110526482215
24.6,0.3110006470096902,0.42253869469999467,0.35914927501706256,0.5048176219791111,0.303629160322342,0.42062720000835996,0.4750640897251577,0.33769999131888206,0.43612687502622055,0.24202348565112433,0.44525747527992354,0.5798238076439738,0.6694564844273977,0.4929672834925757,0.3278263811953579,0.4143815430053954,0.3704082000210295,0.8431140983888408,0.140859357386268,0.5878184486264912,0.7738754125958572,0.4186029158757967,0.6304560595024333,0.404412951554391,0.8574411976483911,0.6773074142232851,0.5457771493063484,0.9829508772180481,0.43033716894544166,0.6316560140573498,0.5699136406636315,0.43761665125497273
24.7,0.31621777816871777,0.4247055622214255,0.36129239735824764,0.5061906300199263,0.2874728890786725,0.42134831577208376,0.47168571040317275,0.33224636946781405,0.4245635623000445,0.23982770412295265,0.4438354321687817,0.5767080931170204,0.6585181390114584,0.484693605458781,0.3158090947386294,0.41079117219298483,0.3557704138779189,0.8385289503679207,0.1412016408857701,0.5880696523119558,0.77358301189139,0.4131227178779741,0.621416710139217,0.3959664155698625,0.856106000739869,0.6787906298877908,0.5349120248082597,0.9804940856650153,0.41026211464872114,0.6346799075234395,0.5687446753601278,0.4324273064335769
24.8,0.312154049511881,0.43015921428560266,0.3594958955276797,0.5128170281306607,0.28929185126797996,0.4114752539597359,0.4659148411485149,0.3331381626158851,0.4220098226683063,0.2260399739447669,0.4383038794796912,0.5687605982570942,0.6525146417677007,0.47884025130272256,0.3116749780146025,0.40131669614399146,0.3466165547724825,0.8377581938473972,0.13851115357592855,0.580093984272176,0.7701703483737103,0.4022469302761205,0.6159747319482385,0.3940123460711782,0.8591719187892192,0.6886774450210875,0.5238127551228561,0.9774193228270899,0.39524739040300155,0.6333475810826811,0.5724701494293243,0.425608820958194
24.9,0.3163929225237504,0.4256671012899859,0.3526797398286939,0.5069463350408526,0.28093558376818756,0.41210963530793454,0.46587189192119166,0.3263818328201795,0.4179895147523034,0.2267486153521685,0.4442649137687539,0.5680394955014064,0.6395926898218255,0.4790792931430164,0.30156881009000536,0.4137339011151901,0.3344354819543503,0.8296699001984247,0.13747166894254534,0.5782981433238029,0.7648451291261704,0.3972872263887345,0.6199204724851397,0.38491541649080047,0.8528020878563564,0.694407889370106,0.5269875766610402,0.9687661888528795,0.38292233870274656,0.620442818346806,0.5742855915533024,0.4191540433025834
25.0,0.30875868721493693,0.4340294835117336,0.35505857675468383,0.5009707384778307,0.27607588956299656,0.4088412289520715,0.46353606796746066,0.33041102177820697,0.4116842027221458,0.20801351364298448,0.43511271089480347,0.5683467945647342,0.633176318404384,0.468756402716413,0.28960703514902214,0.40919538075590606,0.32683682608291115,0.8267910856485056,0.13457031363698477,0.5706169922787678,0.7699674128149058,0.3926058183982718,0.6171652723720852,0.38441766354152135,0.8552472636355194,0.715178584487546,0.522760892493911,0.9696287561208629,0.372745191521755,0.6246666185850419,0.5736647689886589,0.41574104904259285
25.1,0.30981074560390176,0.41758765346862076,0.3460769822946947,0.501053791285624,0.2703037514689284,0.4090648176958573,0.4669298404656029,0.33173142544367434,0.4085975199079824,0.19379924108615423,0.4395674564169102,0.5602304338284508,0.6299237288752871,0.47217556448269643,0.27949770962930304,0.40912062163839824,0.3212683818210772,0.8146489274794625,0.12701581784185734,0.5701574083028575,0.7584291020768945,0.3857340292120738,0.6124253519458266,0.3670425351266241,0.846966368206157,0.7259681054379706,0.5165411722828117,0.9668176685867094,0.36567208610338675,0.6246557117639868,0.5768678178067108,0.4141755966522716
25.2,0.30445904393860873,0.42441964905306234,0.34178048775801734,0.4998877074103326,0.26891264455822883,0.3920570021131942,0.45656729126109424,0.33678473841133516,0.39845901950369234,0.19508600362459272,0.4252158578848929,0.5646685451299387,0.6270868546083557,0.4726670849085887,0.2751163016353731,0.3950096240487349,0.31256125208049634,0.8070493266131241,0.12581830633008756,0.5639381805447422,0.7546868574478294,0.37429452221920506,0.6154704783361806,0.3816748910265195,0.8487462393547403,0.7310351055081081,0.5060619729328864,0.9678056589832205,0.3574256452907999,0.6232721226266382,0.5766192967826393,0.4052972970086963
25.3,0.3051891661218121,0.40891326690452784,0.3419412887799022,0.5087111064914666,0.2662803299405307,0.38634676917913746,0.4563123547959726,0.3425102273256823,0.39479756700114554,0.19309765303056833,0.4240691883365844,0.5553054510286091,0.6210675467639001,0.4793615274998199,0.26838857250839226,0.38022538085157764,0.3024032799713243,0.8047995250166068,0.12876581938193837,0.5614690039261023,0.7534020756570656,0.3622850867890176,0.6066166102291827,0.38368097297127773,0.8381231212254545,0.7382706113996045,0.5009466918063201,0.957911043302558,0.35005296541919595,0.6183657593500931,0.5735220722200717,0.4043730909044776
25.4,0.29530273279890423,0.40466406644597247,0.3324937046495691,0.5042386807692293,0.2647910937470853,0.3823801573240075,0.44387970501672,0.33116684204255,0.38378454261721284,0.18962349869135064,0.4186320980593898,0.5637860255441587,0.6174704638604956,0.4746566641282916,0.2656708645258563,0.37537935446777715,0.29056610010192985,0.7950281270237313,0.13081210164943546,0.5597251632615545,0.7506884772234563,0.3540963956148943,0.5990675176457878,0.38759566045385824,0.8290208467501451,0.7447145476800461,0.5001354631013799,0.9607361348983287,0.3369962646958972,0.6155112608544311,0.5701743328512405,0.39860151270930055
25.5,0.29742897104288113,0.3990882552484978,0.31290136516747424,0.5038320527320185,0.26482773100281987,0.37627700326494645,0.4504695096598822,0.3264878506262431,0.3769297114422235,0.19907756705969404,0.4205902072043928,0.5495792191274868,0.6145765687009216,0.4751941944778788,0.26098633101356905,0.36891154550137767,0.2812234819375543,0.7880737516832333,0.1255065941535936,0.5488746364136573,0.7502817647262193,0.3484725023101711,0.5944258681873394,0.3960926539468951,0.8165695713974438,0.7517448806903757,0.501569226532159,0.9590541727430631,0.32992386363702875,0.6172155658276959,0.5618642643795904,0.3958269256474305
25.6,0.28977817366913555,0.38952687623540977,0.3071871267978557,0.49487157835834045,0.26132977457597856,0.36423809839738897,0.4521479648977698,0.3110015792349274,0.36612773188055664,0.19608618564295147,0.43021537076074673,0.5498355827242521,0.6088121855087348,0.47640217373501137,0.2677989461641883,0.3601932206934182,0.2749520163775277,0.7751053659229379,0.1253876156606169,0.5446439342765229,0.7485764743746665,0.3467144626396942,0.5936235697609541,0.3997634794321774,0.7863546365133024,0.765222540827834,0.4963321570181629,0.9559533495128629,0.3123405870771276,0.6202100567038171,0.5479565124789719,0.40091903931422185
25.7,0.29563171691978934,0.3847363050825836,0.29763957346479053,0.4858396769144926,0.2571372924453716,0.35659502134860843,0.4533795642745558,0.3180918172546077,0.36196671426010074,0.19751484574744976,0.42024763568402174,0.5309241380195471,0.5964353713343299,0.4825224007579574,0.2560704681255416,0.34571351732723105,0.26277454119382715,0.7670006665225116,0.13314815781424738,0.542317121263518,0.7479457616584781,0.3350036751768956,0.5839868232092893,0.38826290307379113,0.7905815731356479,0.7686717112826821,0.4922580647305296,0.9477518088582644,0.2986835660634196,0.6164415253819994,0.5458847702741314,0.3989275006142573
25.8,0.2893576201458003,0.36442185060835736,0.2865638687030486,0.482537955143928,0.2416124953928262,0.3433641953664294,0.4551754960863147,0.31125220748299254,0.35135036148478677,0.2076599733152679,0.420672910240551,0.5298251269689337,0.5934581164551381,0.477868317256869,0.2630062386749242,0.3387259485116045,0.2966798552293347,0.7549830186048787,0.13697199483268646,0.5467254001399923,0.7390204783633796,0.3279410774216715,0.57778599522098,0.38772682546255477,0.7816690390060906,0.7672769276811977,0.4900235024904119,0.9470060147033287,0.2967832706534631,0.6161462764088235,0.535148396165133,0.393682326526203
25.9,0.2955148276253901,0.3606991772296424,0.28217364209454887,0.48238659508219267,0.23010304584743177,0.3275263250723128,0.45928075879065894,0.31306445885431466,0.3520570061419831,0.1905466034906965,0.42049840339602185,0.520511767147662,0.592167744575835,0.4770050710776817,0.25294075233231533,0.3335990665171976,0.2969667621694063,0.7485968680599818,0.13571351858911263,0.5274895267605278,0.7348051847914029,0.3187099979334257,0.5720405099491405,0.38986676552748945,0.7767504852008748,0.7713245200234492,0.49343812076481636,0.9341914320289756,0.28764221410938107,0.6217074691956748,0.5215450977572369,0.3919664857488041
26.0,0.29233623955129284,0.34669991021968516,0.27469681636803556,0.46935243376082436,0.2228517806828406,0.3378211216210509,0.4560648546470298,0.3020132302577345,0.3682662287642584,0.1831224565588383,0.41740954490445004,0.5242794119751965,0.5825573009463896,0.472153584570764,0.2554447680515119,0.33121705011590225,0.2897084745267243,0.7469671419944665,0.12916865747034384,0.5152702799506234,0.7356038017760184,0.3044394521882975,0.5616774394673335,0.3919857763701317,0.7686601144051723,0.7717753992537624,0.49185987667060416,0.9293423581383482,0.281640681241415,0.6185314026211015,0.5094531322430772,0.37955959200540906
26.1,0.28720257099766533,0.35403587467033093,0.2697910423793256,0.4707246104547222,0.21717448337330553,0.3323530063163164,0.4565077150954284,0.3028098869108125,0.38282860428641546,0.18035058331445877,0.4036090096100523,0.5210046151714862,0.584196367906813,0.479203028194318,0.25520304410984357,0.3113986428918963,0.28791994860993847,0.7464251271395644,0.12717168537560672,0.5105756248154879,0.7222647185930711,0.29004588216465277,0.5464928246986003,0.39773884031686285,0.7608390290750783,0.7750039373107299,0.49410258938841234,0.9294839519208856,0.2749098613417183,0.6236360537063262,0.5208946795594026,0.3726749988763195
26.2,0.2849686777028458,0.3429640536578651,0.2622302071540008,0.4796016564552596,0.20364122080392796,0.34704183306775716,0.4702486842859321,0.3007040758862231,0.3792123369758443,0.1620298936734728,0.4002690811808847,0.5200449343064297,0.575770323189419,0.4875917750923435,0.2606426855464093,0.3037617850574014,0.28662142079205755,0.7377636587188955,0.12393589508629056,0.5139154843461775,0.7118431650537926,0.27540680655752203,0.5379586138986195,0.39730536945598377,0.7520462587908974,0.7539744425342021,0.47711031078497185,0.9199134265096945,0.265964692014624,0.6067193451158068,0.5117732654835304,0.3664879777854101
26.3,0.28177563379276593,0.33795722184946014,0.26188001470340166,0.48214673140085423,0.21017623519914702,0.36286252780683287,0.45864012861543607,0.3004890569977748,0.380806190726984,0.14309915664493306,0.39016141351867883,0.5187036879982708,0.5769414857577461,0.49483553075665615,0.26286641289987234,0.2948714037631225,0.29117976788736993,0.7511554925845924,0.11837416631800439,0.5122003013633979,0.7040397919131852,0.2615309423898071,0.5244043149463737,0.3981691367128055,0.7370864632445676,0.7443147613471647,0.48571553925645544,0.9157250856611756,0.25982561381059505,0.598138410027204,0.5099642307685859,0.3685668916667137
26.4,0.2773057396511378,0.3244288836555627,0.25854363371574823,0.4830200921063018,0.1975910138263738,0.3684216879899805,0.46486006484716375,0.30029756303128013,0.3827210393467966,0.12816335207278542,0.3802524030537748,0.5088488996970295,0.5671740405258177,0.4982519446587162,0.2664884686864086,0.29676480230943375,0.2910669666163428,0.764249701292574,0.12589567146679773,0.508994906235068,0.6983651943066775,0.25435367318759405,0.5126530674436951,0.3990190483937134,0.7286768598168646,0.7475140904654994,0.4893084299980454,0.9051706064801319,0.2521677755523965,0.5894246016653524,0.5002459483849546,0.36155523812838586
26.5,0.26708905316781084,0.3187629994800887,0.2617106151584693,0.48096959508655196,0.19992495646232178,0.3777389442906149,0.45930221580177955,0.2995875214422172,0.3879149830812561,0.10821239981046013,0.37058592911586574,0.5126647346284486,0.5581544881553399,0.4862622897164395,0.2648393120206138,0.29420454263312046,0.2928165422238544,0.7470633058822457,0.11706522790175901,0.5165365987987367,0.6961171150852824,0.24489391009960687,0.49954870396670337,0.40176781166627384,0.7130865759065032,0.7523303919377256,0.49566785045948,0.9007800312913778,0.24942088167646914,0.5893611833327552,0.5002549517846004,0.3577210630776969
26.6,0.2637624198987027,0.3142863259948086,0.2509921355808493,0.4859075086524515,0.19700466513479328,0.3774549741670571,0.46295757114877834,0.30311646263839415,0.38139659158299394,0.11113571655256403,0.3704889266125474,0.5019538188235243,0.5505110100532438,0.49005301463556766,0.27337510345324684,0.286488304226107,0.29087806522957643,0.7486715851214273,0.11630770084695827,0.5204136689780938,0.689733738418642,0.24369765605215502,0.48614775443672253,0.40242172345817934,0.6988693026341047,0.7462307377389333,0.49738720320421065,0.8930432866675287,0.24937107219735738,0.5758000966650504,0.49126897054488433,0.3534738611088024
26.7,0.2584264466333258,0.3080482750723117,0.24640474894996206,0.48304165048004155,0.20108589683787495,0.3805221968092488,0.4641948440027082,0.30520954463266414,0.37738689411072723,0.09343719786096485,0.36317712638435345,0.4980548832769997,0.5510240506626162,0.4852409273017341,0.26362336478552284,0.2747025789605504,0.29545775816913594,0.7398821832487184,0.10694897225827087,0.5226679104447511,0.673713351645593,0.24247442284901904,0.470347560862687,0.4072393738595551,0.7013702295109115,0.7337136097146555,0.5006194811525897,0.8855404751001259,0.24733794617058166,0.5616513215894356,0.48004126825341253,0.35199187335907434
26.8,0.25239749811645534,0.3075984867885268,0.2461470205767415,0.4814533764536838,0.2077823115418688,0.3690151188511796,0.46091443795598064,0.3150210824927227,0.3791617646113741,0.08799041768650082,0.3525536328087559,0.4860600172821413,0.56291255989757,0.48865242928045083,0.2568176706104965,0.2636051570769985,0.2919174276766423,0.7256066631970933,0.10012241691256596,0.5254822772399145,0.6730882219328227,0.2356939088462591,0.46062281347646183,0.40263081156196767,0.6974516958648455,0.7225811324857473,0.5035220370019643,0.8800776170443296,0.240925483043874,0.557243951752476,0.46765914408035075,0.3516758361807447
26.9,0.255877894345078,0.30641645089183855,0.24789982480099107,0.4708527348843305,0.20295273295796623,0.37707970426872883,0.4470448062812508,0.31086565610415745,0.3707475183494155,0.07465101786921223,0.3471969327222391,0.4867451590999055,0.5614460521507039,0.4821770006012422,0.24866002662052794,0.273933416125748,0.29191536015343883,0.714182736398782,0.0903908083904579,0.5263579641496979,0.661476463553292,0.23218178001615913,0.45104855425498436,0.4025205638789955,0.6960729085721296,0.7208388152313832,0.5052701405346082,0.8780304312457538,0.24540348084673652,0.5479021583833803,0.460452064404141,0.3525386928630105
27.0,0.2564711316756078,0.3220470564767195,0.24501607646540788,0.4726634845168077,0.20288183513141597,0.3646950608298367,0.4424135601106738,0.30206219183821686,0.37263386829684725,0.07378870857436244,0.3446464256374815,0.4852414885615319,0.5636551989022183,0.4804809216425598,0.24825631302822748,0.27576333034759354,0.29295576443288013,0.701192465380807,0.07737211935903884,0.5270808821189018,0.6560928373508934,0.23268841447691915,0.4408111110031274,0.40543137228629184,0.6917486595560826,0.7165086112006188,0.5044518634524268,0.867176296815178,0.24363374571604587,0.5373638431848217,0.44922181515481097,0.35358015662189546
27.1,0.24691538368010027,0.32192627747380737,0.24258278548805684,0.46527762995650346,0.20377016530682215,0.3682300868016915,0.44707633753819204,0.2899085660991869,0.35685290735424346,0.06745231463152293,0.3393734715647799,0.4867774739520421,0.5674217517773961,0.4755980147805464,0.23868861344379377,0.2770019762441967,0.28980565584563,0.6973897752033003,0.07090775743302309,0.5243713648871821,0.6473740236924275,0.21767965731960556,0.436941437183014,0.3992613934575209,0.6862683933670124,0.7007228623040284,0.500064522595211,0.8604750673413406,0.23613818453138521,0.5325952350844542,0.43914266837883265,0.35171440746476224
27.2,0.24528865944301298,0.333143175833383,0.22687139837073778,0.45430000054974795,0.20478513080301644,0.3535321727419115,0.44365280751776287,0.29167524466685535,0.3547480437482772,0.06888150702596675,0.3306242893606166,0.4842352906817355,0.5787259435367113,0.4716455287630906,0.2305407701084063,0.2607334404409428,0.28297583781145513,0.6970927875009105,0.06108646224170437,0.5226526190150351,0.6424535709823654,0.20809195661725527,0.4354164346245499,0.3975644469397935,0.6770495312234245,0.6923881012797785,0.4809924623045167,0.8573097253312149,0.23166467900260315,0.5223408485215679,0.4245002501902482,0.349247143891058
27.3,0.23101612938515256,0.33375556759700703,0.2258618907017981,0.4444301209254926,0.20678518452692013,0.3599082383817485,0.4401826812669903,0.2818098088990062,0.3657272796363626,0.06975558062181893,0.33317589603578285,0.4794601924209798,0.5797156465041718,0.4672543520120628,0.22621826773256257,0.2622493187042543,0.2835752118730276,0.6873455941537344,0.05410689193674889,0.5296459466131284,0.6323856224786059,0.204001758088297,0.41370581343103574,0.39185045454106143,0.6738302067781695,0.6859185949346044,0.4722480497697779,0.846468019242596,0.2280712046443017,0.5165589160610817,0.4108857139533062,0.33151819994518356
27.4,0.22926585155219523,0.34922424653684564,0.22708551865405202,0.4416515947044161,0.20423115571653502,0.35263553052599433,0.42729943289781164,0.2870321345448259,0.3668213322626836,0.07135745167583293,0.32466809661808677,0.4790022942660233,0.5753435494845338,0.4742309194646762,0.2377542267270047,0.2472178923206315,0.2780271879673707,0.6713305484970543,0.05800125044769004,0.5328797424219267,0.641032788154089,0.209675890648208,0.4013995235046,0.385975582605607,0.6674921834313539,0.6818472876247557,0.46780216740544955,0.8361543836957838,0.22868682840859533,0.5112967911934325,0.4066718130178218,0.32808996736199375
27.5,0.22312970087537695,0.35092900858192744,0.2340063571454771,0.4326574843290974,0.21026453283594385,0.34640842088494933,0.42592490697484525,0.27379309899099386,0.3635638460974652,0.06691974698109147,0.32084711586883036,0.4678573698978236,0.5579058960262451,0.4751325043284727,0.23276742268010164,0.24859068338295867,0.2801634525535792,0.6687371526944076,0.04826780162919475,0.5372429948242448,0.6377032032436929,0.2128040348050831,0.41861216947517577,0.37217065492933826,0.6708059764296045,0.6777737692653629,0.46373478312921984,0.8258591065317084,0.21879865119202765,0.5073375239336474,0.409768281897382,0.32916762387646775
27.6,0.2173954172028646,0.36585921175479225,0.2390328568541824,0.4315987718961097,0.20814601198734428,0.342006999021433,0.41067237125692707,0.2689872903915493,0.355059298132874,0.06018510456104165,0.30792048333697086,0.4674575123765893,0.5425343506762624,0.4775512343660221,0.22547094561814826,0.24539329873017346,0.2767350132712053,0.6686279253709477,0.04612650138062599,0.5420854408208042,0.6384542675488679,0.20966903864995207,0.4100750532262063,0.36046118864687016,0.6643760241371661,0.6725315741311483,0.4522024811914036,0.8188498257831172,0.2143397923934236,0.49856542522101865,0.4161558527331265,0.3314850732511112
27.7,0.20188500652116587,0.37514725854946745,0.2363751212765426,0.42411819259518346,0.21540262979198607,0.33203559701270924,0.42555376399824085,0.2636581436878833,0.3571133171617601,0.05572389506788937,0.309927894750702,0.4610558286995057,0.5293898071081521,0.4718919258083434,0.22477955638534322,0.2509336176181195,0.2734582135819826,0.6634825161113466,0.04119535311827469,0.542644266678003,0.6332686805965758,0.20333421448223404,0.40861664140477827,0.3639251180965345,0.6624856121422861,0.6717175360648865,0.4410453805457842,0.8132404973554586,0.21945892367458203,0.4926816861798534,0.4132974860815636,0.33003812104264396
27.8,0.20532536989356534,0.3849325618414034,0.24153568258267902,0.414607430379571,0.21668179829458872,0.32605726564908966,0.42536073297108007,0.2625317185849384,0.350065861794275,0.05223535346838668,0.2985703168719876,0.4689205738277597,0.5193580134577611,0.47117988887549966,0.21676148250692892,0.24972422501563787,0.27132324109888406,0.6571489614462113,0.044021144979768105,0.5435098728549884,0.6321844807924134,0.19791226208283713,0.4154127536860607,0.36251789285727576,0.6585268672687855,0.6659201925595605,0.43851968261673846,0.7936628693394693,0.21444993500873852,0.4860688642083802,0.4096965772300556,0.32952477130265145
27.9,0.18863882184802236,0.3985223843241984,0.2527767930720803,0.40851325400557165,0.22673284306558253,0.3115399813942172,0.42456792237732754,0.2661599105956023,0.3414011323460887,0.05960418697687561,0.29242963515712683,0.4588102184773945,0.5162137480150414,0.46362498299094007,0.21377888748985477,0.24018346400646556,0.27426664384800914,0.6613827860340055,0.03836762026736756,0.5422662448659173,0.6335273410392461,0.1974288882470372,0.41768829125573026,0.35602201840313213,0.6523144720965603,0.6639110673958777,0.4303719933283774,0.8006545618826613,0.21784374072987622,0.4949243585142734,0.4147954595423727,0.330536691814574
28.0,0.18606194107864435,0.39391085564011064,0.24432126893753872,0.40836992740669387,0.23368694402233178,0.30091423112449467,0.4113154963845756,0.26562137431902494,0.3340031907353962,0.07340555417408966,0.29231058134777077,0.4560109430491263,0.5070053449776954,0.45992317655881976,0.20702026716801253,0.2428443462891663,0.27612856410496517,0.6589210022912474,0.03645420755046766,0.5424579103302932,0.6376812827981485,0.19337661179189916,0.41266356713182856,0.3460329605013322,0.6484685062182798,0.65027945007797,0.4219717957290495,0.8015721436056945,0.2149406278554245,0.49033930129693665,0.420474018617566,0.3320144935013957
28.1,0.17373630502070483,0.40908795658978886,0.24635123141604523,0.40738451075387005,0.23402439640801656,0.2827978790121887,0.4023742007200997,0.2595596041258046,0.32238823015812085,0.11011391071614689,0.2875045223603097,0.45101144132460586,0.5087227319888088,0.4565521342027487,0.20555024735148414,0.23615144051400555,0.2775492865884154,0.6518388850836433,0.04364062317210316,0.5294784659569972,0.6323919010327492,0.18925764562499994,0.4128373828729426,0.3492998401647489,0.6415606119804736,0.6453724373019315,0.40626644868235334,0.7972977233217173,0.20733805727501245,0.48315657785173166,0.41295745718544363,0.32879252190733255
28.2,0.16476140128017366,0.4040807002802498,0.2485391614771249,0.4064485969047708,0.24054899531882926,0.27663140245641277,0.3970847497616209,0.24782432369037552,0.3172857966506657,0.11243348376383823,0.2910659177169063,0.43673684130464513,0.5035057679218952,0.44492789367034397,0.19705247751868515,0.2412003170687475,0.27090863516658414,0.6545703687530996,0.048410839152008854,0.5239633336125445,0.6254803872271365,0.19481444511839985,0.4043795551558105,0.32663456816718467,0.6250562522628066,0.646355031084435,0.39362911575407133,0.7899240340366246,0.2016013327541532,0.4793852818619034,0.41429279372366346,0.32667216391854964
28.3,0.15671554591132308,0.42126731971201603,0.2435623001003141,0.40561985376285514,0.24667231622531563,0.2608263395520423,0.384409178550923,0.2451396848648541,0.31266006655443807,0.12358399530030693,0.29270165370287665,0.43231011764925026,0.5063825855870077,0.42671124277392153,0.1997552761795316,0.23186337184927241,0.2768797473285912,0.6492155720980293,0.04935551344936159,0.51379652061144,0.6231029485005459,0.1888054958648079,0.39889171811465446,0.32070588465848027,0.616927656346656,0.6388187937615352,0.3896383190872009,0.7945504553562807,0.19325899821511167,0.48478565158383186,0.4065299903901807,0.3332631407736673
28.4,0.1520727230751043,0.42346751382171777,0.244267367866683,0.4086785709116929,0.24799782501681497,0.2467410200367145,0.3856965699778718,0.23610007540920375,0.32045459544387483,0.12442715052339692,0.29231535750390714,0.41785011820561746,0.4939013972108025,0.4186744802112513,0.2000501245122438,0.22877545087020398,0.28069563863496283,0.6495662265484478,0.05206953762537221,0.5018157953909455,0.6312043665735612,0.18659711096347864,0.39508304591161103,0.31936785973198345,0.6122993564319283,0.6346131233029969,0.3636711791110877,0.7869789944495885,0.1845509168966666,0.4928619100975214,0.4043830605747658,0.329798670216121
28.5,0.14801719932036922,0.43148275164253624,0.2449834487032975,0.3977094219661605,0.25351053314201805,0.216534089034028,0.3675301242635288,0.234560628663695,0.3201459769543296,0.13177913150862747,0.28300679332858986,0.40896513541305435,0.4871970059179753,0.40770645776719683,0.19668332750661377,0.22014080430085667,0.2814007907945151,0.647208678057504,0.05605406798666405,0.4937630050574808,0.6321819719449019,0.18582369618871503,0.38784442249929824,0.3082775023769624,0.6052250930848478,0.6274396199639093,0.3588539513360391,0.7743185793743907,0.17982789032949884,0.49261328327369613,0.4090016349238714,0.321607935548091
28.6,0.14577220015074968,0.4318055098672298,0.23988925116157853,0.39614293895726327,0.24636550111095828,0.20687918557738488,0.36352122889789307,0.22594063121084476,0.32474624079040804,0.137205882939872,0.2750904787309921,0.3995635485875093,0.4725498705334523,0.39594102867896225,0.19089179477550425,0.21860271686731642,0.2737041591554718,0.6484163461744289,0.05589711812940302,0.4878931312157559,0.6256860725168211,0.184205190246137,0.37885519355547465,0.3049199699951659,0.6263225970294979,0.6149814847488189,0.3495801604930613,0.7642243918822316,0.17909651401240553,0.4971590532992837,0.4057351136335048,0.30585524472923675
28.7,0.14629601280924898,0.42607872462426793,0.24396588656963694,0.40339131391969874,0.236540847581725,0.20235802789985477,0.3593488448388904,0.23162536607621304,0.3246515643407299,0.14341755303166706,0.27252175013391816,0.40622142514478243,0.47343382700690284,0.3770531845262665,0.1928813252206312,0.21822865553505227,0.2806438541779122,0.650156486740553,0.05276827360814968,0.4721941996960992,0.6072982890787522,0.17849043327887104,0.38590075250240247,0.30642083387927305,0.6092276786723169,0.602304600867403,0.3506643505969447,0.7601244963807432,0.17567880509811531,0.4982583135094806,0.397158775963392,0.29305222345877896
28.8,0.14710476177429918,0.42969924239399204,0.2600098147385507,0.3955021424237132,0.22965624734954523,0.2196142648533447,0.36109727123641394,0.23180547140711466,0.32869708558284805,0.13234256193024982,0.26675459678039987,0.4006890426097023,0.46715508639185144,0.36801250460375506,0.18947189109159848,0.20750140003590387,0.27277435889576207,0.6503010505914043,0.05196181409875807,0.4486986371723819,0.6091982140183543,0.16962517764680257,0.37804549966134965,0.3035495886463987,0.6027144376490884,0.6029967850117893,0.34090707347640825,0.755722602566647,0.17282479878975668,0.5011138799214084,0.39253890253854734,0.2864543967603669
28.9,0.1443683542007694,0.4215281714703356,0.2692783634044725,0.39980918952948413,0.22957455302543103,0.23941561986517435,0.353232179032635,0.2210573891083956,0.3308973330421744,0.1356756880849326,0.2535197267387985,0.4066655536265382,0.462678808567667,0.35973212178903785,0.18619726402608136,0.19734823062783055,0.26262453649085593,0.6613357819546285,0.05230584895873671,0.44441838886881524,0.6121108111617797,0.16584201137919874,0.36517459628874627,0.29885834286700347,0.6011390624875992,0.5924603765113621,0.330101959076937,0.756460981351445,0.16430713710816192,0.5023011055421409,0.38688682732032414,0.27496701690210634
29.0,0.1356810965380352,0.42438259941479106,0.2776237421107942,0.4112236978838724,0.22953167247942607,0.2329256438795858,0.35688255535928437,0.22748330790728608,0.32387254667899135,0.13280843090158476,0.2440761384603287,0.3979499847155421,0.4538845397602113,0.36112723383511364,0.17670116178367332,0.18574079584256514,0.25795010847089067,0.6581405784362941,0.056978752439495725,0.4518656986056282,0.6068382890476713,0.16117808330289232,0.355663619767179,0.29826573249749727,0.5966702699895158,0.5844519137950859,0.3232760504676516,0.7530678956885541,0.16267102948724693,0.5049167489312002,0.4095160265139512,0.26999083843438604
29.1,0.13268204323124963,0.4052549293652104,0.2819060489660364,0.41324711069950654,0.2366299477420771,0.2409493794167319,0.3613326523707774,0.22408836755434108,0.318426755887964,0.1260961333633804,0.23208015905541324,0.40265735091102534,0.44457098865410205,0.3550707148081449,0.17527011889048547,0.17699464933321682,0.25045307220032004,0.6572277127727133,0.051420561047013646,0.45492683759980174,0.6041417711931873,0.1563599315866225,0.3439260188681882,0.2913261428202024,0.5926955089697931,0.5767783231815692,0.31775512780067616,0.7408522676198961,0.15953199315124716,0.49922619640299304,0.3960260284779748,0.2576414871638538
29.2,0.12445657552772402,0.4068619434686845,0.29093767651845914,0.4074401116804065,0.2518534956131935,0.2444391037719093,0.35536271724968643,0.22211938269617026,0.31923240629158395,0.11524936832611651,0.22668606531254448,0.3938747441413969,0.43993142351095404,0.35927001323856766,0.17058489142727176,0.1695435139825274,0.2485479529621715,0.658539043630173,0.052572376589511416,0.4538653667945484,0.5989164443301098,0.1552639645708847,0.3320499721190015,0.2927279142533656,0.5872790784673715,0.5682921349607166,0.32959175904048765,0.7385389316771005,0.1581966282147675,0.49174263974135385,0.39617805126460953,0.24788602645741745
29.3,0.12834634859724986,0.40239218745127475,0.2891754188708052,0.40415843982391797,0.25093718694787215,0.2495633892011169,0.35932021092740674,0.21920035859594517,0.3170866890862503,0.11101200287335442,0.2187166704233687,0.388921103248466,0.43157622317042404,0.349471631144677,0.1585267885330225,0.16170905984779124,0.23957380898503994,0.6615461919826516,0.04974945066782421,0.45464994612376286,0.58876867345446,0.14917979834610598,0.3236715448086809,0.28984270439762133,0.5934455850037182,0.5685412194039013,0.3202615055492888,0.7397667647429841,0.15762987840470838,0.48980186275370985,0.38441412082160387,0.24018445652630246
29.4,0.11674555335705024,0.40469340152395095,0.29131270135428317,0.4067159892536914,0.24968701315186476,0.24289296830261997,0.34768220227831853,0.21877639488255285,0.3122402865144957,0.10836461141269886,0.2191926853092437,0.38871095570273556,0.444378220289207,0.35156690518202116,0.15047092449219432,0.1507017466665304,0.231024305547974,0.6585721880008336,0.05447362319209611,0.45082471569835886,0.5817884979701892,0.14457336115347424,0.31157053191004447,0.28726867671001716,0.5885435335985036,0.5623952040127411,0.3161420422002986,0.732392836995165,0.16156432133452187,0.49576613170261913,0.3736784893772841,0.23509407353566333
29.5,0.1229397429887756,0.3978863623735906,0.2935885080865429,0.4104397762370281,0.25095207425040333,0.2413073186141743,0.34539771854119383,0.21996691015646141,0.3117495877350834,0.10920417192062586,0.2175827010375462,0.37798293633168756,0.45080095964058714,0.34263474521689036,0.14633000117434783,0.13144981870652864,0.21819391223987777,0.6515087520069125,0.03923114341605388,0.4427003201859411,0.5720017787323769,0.1428789358462432,0.30012565054945545,0.2806931883248492,0.5856068549078651,0.5513225918505894,0.31029017046418234,0.7197083266164248,0.1643954870287737,0.4914095786918585,0.3544256743694313,0.23070701717469397
29.6,0.1113317743370351,0.39887971376161396,0.29515476360490245,0.4142159721249556,0.2527509384737273,0.23909422694504023,0.3309084666372881,0.21873662526950982,0.31157916853801504,0.09387946001864446,0.21273209599183823,0.37435633569301935,0.47452331489658556,0.34119509001436044,0.13033859352898028,0.11159177775898418,0.20813159003064619,0.6341800220976895,0.026421155114609456,0.4382508328957361,0.5565383081663935,0.1343031515761487,0.29576225599643025,0.27970228545358455,0.5738834372865367,0.5390112771148051,0.3036468774255947,0.7147932179156941,0.16199326654598512,0.5008640971526163,0.3456879307438767,0.2157945877117541
29.7,0.11235173605865209,0.3962056457942627,0.2964886404159394,0.4043726036841528,0.24884602232143407,0.22615405676109385,0.326199361089502,0.20845562536063186,0.31488283131323597,0.0836797114491056,0.20869154865023987,0.3704926548147708,0.47659990764868887,0.33394731250434845,0.13422284325299835,0.0997107669202269,0.1993419441100225,0.6304483534292881,0.017652735925422193,0.4336638464269722,0.5511929337705413,0.12824769550202275,0.2796913069187998,0.275439287788078,0.5695218530015433,0.5384928184688298,0.29531137984731065,0.7033597083873322,0.1600128676745022,0.5021081659936751,0.33676143248738605,0.21413251557959126
29.8,0.11154667700090527,0.3890657005945995,0.28600542024748443,0.40493917208377805,0.2485316574708304,0.23047841769899619,0.3232202333310738,0.20276064937412966,0.30278833037214004,0.08623519800504671,0.20277490110433682,0.3843613342345562,0.48132361749639696,0.3234763666130565,0.1366200792287602,0.0847703701500316,0.19939176196396424,0.61945582672145,0.009272545103298965,0.43199436976442396,0.5373522094383202,0.12818563295312416,0.26334210199110564,0.26979226185130023,0.5739753273247721,0.5342087379352277,0.2934457277992373,0.7021665586298236,0.17092003479907864,0.500176778852267,0.3238631285549001,0.21382162663381618
29.9,0.11407803936968273,0.3823861257438147,0.2874803768082451,0.40311573925485183,0.23902648269031854,0.22449125062691325,0.3220623443517024,0.18893631343188644,0.30377859543684893,0.08901589744256687,0.1985389903669254,0.3886612840169026,0.4876638438178882,0.315942619216309,0.1432455875898314,0.07219777122228799,0.1905602892028901,0.6043523805556269,0.004875914166240251,0.42842178064948794,0.533901166469525,0.11665176879220139,0.2443872796947442,0.25399425969599476,0.565457196493298,0.5211313732329258,0.29496751754035433,0.6918512728548192,0.16646120207255674,0.49561693421221314,0.3041784287673558,0.2178275622772081
30.0,0.09463478498557841,0.36660855395049174,0.2816967687116509,0.3918128160569977,0.23825466830079012,0.22982493711013302,0.3246343034834026,0.18932343267264226,0.30225845330610146,0.08503222275481057,0.18613023310338256,0.39533937850871703,0.49197496277803027,0.3106900828960351,0.1399842060014587,0.060671974983901325,0.17895848918091212,0.5975868762553144,0.008755471256014273,0.4341711854715842,0.526659416208069,0.1032794932744639,0.24288806613329336,0.25944428956705856,0.5651636856589357,0.5060381906469086,0.2933891116823332,0.6980645549265433,0.16798609588457855,0.4855595716468842,0.2884942413171929,0.21529398809965553
30.1,0.1001948820308276,0.3733062757897766,0.27331238328024454,0.3883337696011175,0.2341280808948404,0.21589384965300515,0.32391155854655274,0.18725712101636804,0.3172507329392468,0.08021738528924163,0.18589745379302267,0.40046374776193105,0.4923539223335073,0.318150194413626,0.14738506852216648,0.05382715813938523,0.1725812167940218,0.5841802017306164,0.003858638323586385,0.4402853340595358,0.5129946719953529,0.10650328398075719,0.233320469066819,0.26677683693521903,0.5657034899956541,0.4944511588860815,0.29083200888526545,0.695289875673649,0.17455041962083165,0.4771282440227338,0.27011410982270684,0.2122703514400331
30.2,0.10091243249367099,0.3580511783782017,0.2747712341691316,0.3928333251945715,0.22686981974720768,0.21975346242086238,0.319670456174111,0.18100055341031698,0.3186658556362539,0.06941437284059601,0.17847680476540917,0.40453159543560774,0.48743445883222863,0.3216822370813644,0.15010559729731235,0.046441403190618416,0.16564977021736435,0.5700213032362537,-0.002014851676796484,0.4390920480966522,0.4989768799079874,0.10583958961770808,0.21524519040008572,0.2715857236277081,0.5709712115049708,0.4871831221680329,0.29339421356845524,0.6937961770955843,0.16906181944876691,0.4659220461511559,0.2646975375415302,0.21226923416629304
30.3,0.10798832066506732,0.3702891024722685,0.27761289291178387,0.3891174011242867,0.21512705126920034,0.20975403331441733,0.3185916075793213,0.18210900699427368,0.30879719841716746,0.05908866825158987,0.17983879364888486,0.4119786384631698,0.4731331404730625,0.335235369036626,0.15840911091272777,0.0381733407621049,0.16648800002317227,0.5555402926680401,-0.0045153004083242606,0.4373460681752512,0.48256069330372015,0.09799295191718221,0.2146696884352761,0.27422317591796197,0.565453852052083,0.4852049516979618,0.29612747012178936,0.6905637449936582,0.1629185649352462,0.45918466728663976,0.26227583358536277,0.21904673663101443
30.4,0.12126832510893434,0.3701305128887731,0.2679990150885637,0.38238245061946596,0.2173375120324759,0.20675683650174614,0.32005294009573565,0.1678978848392326,0.29478520187658164,0.046829749076214726,0.17779313698604404,0.41510933096533614,0.45921060433760025,0.333216841055378,0.1484412356716353,0.04200389567602286,0.17239122046245892,0.551449272419788,-0.013455604494239175,0.4437727133988202,0.4768830766256648,0.0872227777447294,0.21469797979130045,0.2758598653135391,0.5649493409664054,0.4811971961512032,0.29799591638150946,0.6843832146763205,0.1580193714842591,0.4503775734161385,0.2540607377092522,0.2318296177847548
30.5,0.12048870580329399,0.3844016143585348,0.26196239407071725,0.39369738554339734,0.20530272174012565,0.19770404436885863,0.3213534288861061,0.17375011960931988,0.29570944098556234,0.033952143568044234,0.17506489340601006,0.4248799960753076,0.4608470693016914,0.34248587575489164,0.1432301977490679,0.0338747059726815,0.17471000272507292,0.5461763203760996,-0.010481215433966141,0.4396824447893331,0.46164142817343207,0.07803343347269401,0.2072390437478746,0.2807770674324355,0.5545225984569443,0.477522881576605,0.29088755767630425,0.685649916340061,0.15452304185184576,0.44468115478751596,0.26284973552372726,0.2427403477685883
30.6,0.12557987071320117,0.3680038632684369,0.25712074631413734,0.39470252204528095,0.19869944522440236,0.1896816575287902,0.3225025675708917,0.1618033626460398,0.30068226118806646,0.03325097547189797,0.18232866198376296,0.4334979523505064,0.46189058929364163,0.33374252011689104,0.13404983731346562,0.036090196526559856,0.17495689466023903,0.5358907986932354,-0.017443133533845682,0.4407628661489374,0.45386015165385185,0.07340908269318745,0.20060835783629705,0.28943381952797187,0.5480235977145381,0.46909012949338014,0.2881977491616246,0.6796957176148226,0.14471358268976509,0.4475741269031595,0.243307828037461,0.24257379495622514
30.7,0.13087675632572063,0.3648209811916201,0.250696532501875,0.40635468063026375,0.1916814134784847,0.1787307934847343,0.3114863626498863,0.16606096942001308,0.293659331916589,0.024666049007184346,0.18515883777922554,0.42891745936721865,0.4709466518858199,0.3415932139090514,0.12664835411826628,0.021844877298263354,0.17746471191132873,0.5371277493126847,-0.014686661445907124,0.44465840033366577,0.44640272729525743,0.0694515592931957,0.19949929996077936,0.2852389480361414,0.5481832742809004,0.46093355940201886,0.2765298994071723,0.6721634906457626,0.14009488109283944,0.4409490084851809,0.24821522714791308,0.25066900564196265
30.8,0.135477553242233,0.36909902432951874,0.25341709475881613,0.40396320151649207,0.19356646200526723,0.17505271448578485,0.3060469701170865,0.16345459208678367,0.29020556379920937,0.023925259039265713,0.1864213845522593,0.4133999677444379,0.4640475556984285,0.3297208778876966,0.12071404396476752,0.031174108446636997,0.18537943085546893,0.5340862543571859,-0.015402145130315844,0.4468217469410222,0.43756984390819037,0.06823059587854036,0.19619237710378934,0.27600195819106504,0.5390990582058791,0.4617638028968749,0.27522588668680587,0.6821686586855306,0.13484043057742034,0.43321156039924064,0.2527742327522294,0.2553717650323404
30.9,0.13562376991541006,0.3732794472713942,0.23465078338024797,0.4153267637199394,0.1857141287391728,0.17074836161666315,0.29741807620713306,0.16792033630358855,0.2835180311156224,0.013296858683502333,0.1874204090894462,0.4079466868540064,0.47140148842717167,0.3342549590823617,0.10822093663174008,0.03223585293719286,0.1803585149795381,0.5289668991135352,-0.021807030212384684,0.44690218551382255,0.4324310726975438,0.06349530130445549,0.18764841338493518,0.27073675884869325,0.5381392812148259,0.4558795685097638,0.28009359661958005,0.6748780460593999,0.1273946273889554,0.4309985870948359,0.24930958487382351,0.25813354924355963
31.0,0.13643670033420566,0.38309809708057946,0.22873358875192754,0.40947028107562944,0.1837732059058559,0.1604836195431057,0.29585063877528583,0.1686171248941939,0.29072291304256226,0.016302943828813313,0.1896887943369119,0.39170959279128165,0.4787927053001684,0.32831559340180533,0.10568850924168777,0.027206888377991303,0.17840759089513775,0.5225160829561304,-0.014554837665774112,0.44703406703245907,0.419215209918226,0.061572702834063416,0.18444323506344473,0.2635614636797787,0.5250011899334862,0.4656710585371468,0.27535370886017635,0.669370002003256,0.09895841903526206,0.4324214232176658,0.2444109775221814,0.2552478333733342
31.1,0.13331251877654823,0.38164676459747243,0.2173023104597444,0.4144850889781176,0.183172111082289,0.15763935276928187,0.29063777296238574,0.16489337603996804,0.2941391724658562,0.002202041142176453,0.19096694669510123,0.41043207626081185,0.4761278413521463,0.32608941343874154,0.10042055834898304,0.022991129317522337,0.17672196381750552,0.5210316968818477,-0.012248054403871044,0.451602736033234,0.41865162822039476,0.06082708145980848,0.1819824496464554,0.26519423673687753,0.5248758191144351,0.4619843863505609,0.27382663391360934,0.6719091893654956,0.10256514307695813,0.43226815462121754,0.2532782921993035,0.2508813949224238
31.2,0.14244825294324048,0.3955339553085922,0.21883609292267822,0.4115043791312067,0.1744196379006037,0.14182488434610127,0.28358683980752825,0.17423792418966252,0.29808898155179775,0.00022265155568845018,0.19195079217729807,0.41288731187274635,0.4795827518141247,0.3151253436865538,0.09983752031096872,0.014861754369186029,0.1773603907969918,0.5178679188424139,-0.012983536548455025,0.45740814541187125,0.4233784833394035,0.057971580110006075,0.17626531033677417,0.2685642453834326,0.5258541744714195,0.4607106180071666,0.2699586897895836,0.6718331555930506,0.10411717719799907,0.432442700362921,0.2545438062312869,0.25677671157988025
31.3,0.1409121791981474,0.3825117311394537,0.21016549310904906,0.4054909925558633,0.166562170963065,0.12946594394696787,0.2819214236804085,0.17335491848690573,0.3023276303418156,-0.003262702430147746,0.1914798904168411,0.4168027371617463,0.4799465722392759,0.3136123068786172,0.10035655598476408,0.020113725797707014,0.17264253663337148,0.5240777968424815,-0.014410120016206122,0.45633686091192616,0.4172893579282823,0.06707651884392751,0.1750775018154859,0.26695540400040224,0.5244164001554402,0.4640879258094418,0.2646561518543111,0.6628972808097575,0.10221612086523117,0.4330707047530106,0.25842802588805186,0.24103411331364036
31.4,0.15415263086570505,0.38149284414288404,0.20615546500474893,0.39935169664155745,0.16297107758760784,0.12030118287879124,0.27685771784787055,0.17934220930210062,0.29892644557012543,-0.002894978207223952,0.19573768261647648,0.4296768463294163,0.4781461972381896,0.30266068014672654,0.10137480983686074,0.014733701857895801,0.17181369263841248,0.5243906881607746,-0.0116914708517186,0.4550907784512213,0.4004818198351833,0.07172389794354397,0.16667373468478575,0.25835677166534776,0.5178154448189715,0.46357442003252436,0.2855904010223408,0.6561695220476382,0.10276884020978577,0.4282589079178497,0.2579888206746093,0.23267745655800742
31.5,0.14924517309235377,0.37407012608708035,0.19778170699979228,0.4010435268087837,0.15734064611941945,0.1343262286641835,0.28624837292007205,0.17271855708770698,0.2904305704355979,-0.007749759838669931,0.18982760824797254,0.44588362899991024,0.4758941388659175,0.3010594946718005,0.09841254556763195,0.016897493365158726,0.16557907575702474,0.5254580933167312,-0.007250882795338723,0.46055442463252766,0.392187570906418,0.0753199613192386,0.16580704042050454,0.25545843435090226,0.5045591887917722,0.46592852430458326,0.28783186383886017,0.6474650581302307,0.09496789985245264,0.42531230255940067,0.246804134207362,0.22420154773378762
31.6,0.14556335290164096,0.37495182829568463,0.2026252406769987,0.3904010953672148,0.15436355601980212,0.14801925508415373,0.2835194744688095,0.18759240070426306,0.28552566170364263,-0.018640455064824337,0.1943811803002325,0.44646082074012794,0.47585266791294367,0.30067202018936356,0.09110420274922185,0.013339290452990699,0.16608893172287395,0.5128153214722518,-0.01018790341755674,0.4492794831937547,0.3874915566990535,0.07296819124244117,0.1696105212935347,0.24833622794572496,0.5095465676984803,0.46172651598172204,0.28871803251092193,0.6469314129686924,0.0938568538129934,0.4192947106526226,0.2537613338699276,0.215140751006973
31.7,0.13237115710081687,0.36423088351735206,0.20483697662805106,0.3829209348249863,0.1604643577373163,0.15265667220586732,0.28901765796553175,0.17873237617468882,0.28496827201326613,-0.021937144732246422,0.1890821122172191,0.44293551295524125,0.46823346575231645,0.309240218697773,0.07883770157739299,0.005368416369452765,0.16960090618097812,0.526477579473408,-0.008493480750891564,0.4504162769293569,0.40022858574498904,0.07435800818606601,0.16165170186160627,0.24155704364867733,0.5127462029984688,0.46812839007039675,0.28359702558669403,0.6357738077668805,0.08814147532572275,0.4188684527430995,0.2603045675470081,0.20379546726753658
31.8,0.12297888941571984,0.3511259552280523,0.2049794653315218,0.3889016345405991,0.16377930221540335,0.14535137003366444,0.28011926551106214,0.1757942192324857,0.27993732764210116,-0.03140643445059751,0.19049708277579486,0.4386795625767669,0.4622725018400639,0.32041811630817807,0.07082199033744216,0.013255327824801324,0.15682286422000988,0.5334722727857348,-0.004444210224397773,0.4455380670735879,0.39486337298016655,0.07905080053114884,0.15381266019079165,0.22767751675488515,0.5140462123376239,0.45777129249244003,0.27952831211249596,0.6200561746056868,0.08043900575190599,0.41547402427351127,0.2590063866425054,0.19525556128805943
31.9,0.11205746932801584,0.3447184883671621,0.20578315533517047,0.3826808955573975,0.1692781988960447,0.13793587185477355,0.28808949519928767,0.17706534692324644,0.2670901078915464,-0.03368322520742776,0.18226814311905637,0.43178508040645774,0.44462252026672566,0.31740743236073965,0.05398791464578285,0.017940182268684813,0.1509799998864544,0.5314274887360357,-0.0024902832941289454,0.461633098424624,0.38857723911082687,0.08049635374155938,0.14676316160523317,0.2194320988405325,0.5096824886186572,0.45384712530468074,0.28198299196266247,0.6033997803465128,0.08499174180598011,0.408308435281469,0.26121945988398787,0.19427130791951736
32.0,0.09734980717946179,0.33899129239824255,0.20098690999920865,0.3821963008544754,0.1667220439833218,0.13818024596142048,0.2869588986359932,0.1749728848008057,0.2549589221264405,-0.041569616234603125,0.18248309141945296,0.43336699906219406,0.4447065114875789,0.3201430415188075,0.049036494396372664,0.014669636825795623,0.1455157802197075,0.5357074577802072,-0.005659879481656846,0.45887782132335575,0.37989311776434215,0.08359943093750931,0.14326785433674163,0.2124554891858233,0.5105537468168686,0.4511743446168497,0.2779113123167936,0.5807267556476314,0.07844034644363809,0.4056295181370656,0.25183906506141374,0.18990077077905737
32.1,0.08809862067330472,0.34271204553512813,0.20645587909250168,0.3769806433447179,0.16104647571972278,0.1311537612434838,0.29071005850734244,0.17014324963750546,0.25857414781018934,-0.04719697283099611,0.18693791034801943,0.42277095928014585,0.4383701328764333,0.30253600416970183,0.03905633501952663,0.017360780978466675,0.14344812370869975,0.5419505411392982,-0.0026952384548117134,0.45339610832855537,0.37642976365987957,0.0742461342156383,0.13262471796414357,0.20216037305936466,0.5126602780117582,0.44506555290895805,0.27670973247386343,0.5848843082954548,0.07833062075344864,0.40404726829413673,0.23819478420373663,0.18510152928098222
32.2,0.07325668067150033,0.3346969710096335,0.19228547068932275,0.3742793560064148,0.15108032507737437,0.1341362840670698,0.284632416625686,0.16910415864278194,0.25396490684494827,-0.048932678700674886,0.1857248180099404,0.4181377496187996,0.44185312101738045,0.3043406617998147,0.03408568257842953,0.010229924733159894,0.1392209549237905,0.538470067477475,-0.001998040904661136,0.45305453193391493,0.3700750740060999,0.07836808680494252,0.12210025660867353,0.17903455440259372,0.5164798055234202,0.44483870353569727,0.26710452266205675,0.5812285031280195,0.07746958102313778,0.39944501241759217,0.22854156265845735,0.18059485160320016
32.3,0.060605603306330885,0.3316380992652908,0.2027040669737672,0.3721282563092556,0.1556163772229733,0.1313945578467118,0.28085333374869853,0.15752463445715723,0.2577137099770339,-0.04703032309871298,0.1894084714220571,0.40227805142332507,0.43436582995899975,0.3076373210762399,0.028863689323785673,0.011204630216132907,0.13068109266553027,0.5369607058126351,-0.0029135101145037422,0.44602096468060737,0.36213665757552826,0.084547241675296,0.1091083555453444,0.1823000770306631,0.5042035882028603,0.4351611656881929,0.2641489503493792,0.5743353886198926,0.07482414961684677,0.39906529887216535,0.21860948828564167,0.16784949762806028
32.4,0.05290899403678245,0.3176452504981293,0.19768724289796347,0.37293520971227806,0.16595499454591398,0.13690779970163874,0.28418114552585727,0.1541343657569004,0.259427686381166,-0.051220774837776456,0.17985260746046441,0.39729002206390135,0.4251671994588645,0.29794245701078376,0.024051328795068418,0.00753857129063964,0.11860835789027374,0.5258846937706695,-0.015221655834747343,0.4396001163625253,0.35400847512269057,0.09419715172883981,0.10499620109663296,0.17656472944164522,0.4998612600634711,0.4311978109092337,0.26213292251927695,0.5635003274879133,0.06832356672413918,0.40017398741680105,0.21615702172086526,0.16280187794738957
32.5,0.05238146284496204,0.3148157167659826,0.19723922915488667,0.35462136877445916,0.16484009978004593,0.1280387644888398,0.2832581916275117,0.13863217325217073,0.25841815690430947,-0.058529792152316636,0.18094428069463842,0.39604699048571984,0.4163128500352184,0.29489110441156713,0.018639061615972393,0.0023695469968523187,0.09372657134094986,0.521433384445752,-0.013391232839049971,0.4325067147432827,0.34013117099789036,0.10490526958938394,0.11668755935270637,0.1699741960303732,0.49132912705966103,0.4243538696706383,0.2502633900356946,0.563713522552761,0.06145957679085437,0.3959151421318576,0.21134130920257044,0.154936446113198
32.6,0.04222496290993435,0.2964123833198742,0.18977911032722436,0.34379715575533726,0.15722766591482873,0.12814045465084553,0.2919798903253255,0.1275368576309223,0.2444272112294939,-0.05367833923281502,0.17154293320583808,0.3974942235474253,0.4149220968652724,0.28604949296265497,0.022812624741148355,-0.0021480970989702325,0.09777788896220248,0.5121228583282467,-0.01307932135813688,0.4305254268468591,0.3573829021133863,0.10611784721665575,0.09927497394305765,0.1608384713983178,0.4906278855235111,0.42156783648645707,0.24327774158683466,0.5630080572920622,0.06154290573440703,0.3872402991344906,0.2050134584093963,0.1660551327993883
32.7,0.03327093402755189,0.28864531258779375,0.18821846744842494,0.33997121127295343,0.15630468912778764,0.12173993085141459,0.29379917517507503,0.14665474588646232,0.23800094830690188,-0.050881939992489605,0.1746118469260659,0.39585920430979843,0.4084095819974347,0.28207522604509977,0.02174456959898595,-0.012255878517562864,0.08997557859753927,0.49219958458277574,-0.011383208324907522,0.4219581254912153,0.3517713570155725,0.10925138396514064,0.09865015383921531,0.14643019695647083,0.49219392149511965,0.41667288269787783,0.24663297424684955,0.5695566313002791,0.0582022186840348,0.38900903273944204,0.1975516483026678,0.15908556757804537
32.8,0.015502789367344253,0.2761946240257768,0.1911978759858665,0.33648036427701655,0.14770184864413555,0.12888777311578312,0.29545389719566306,0.1480922244443197,0.22889382479287992,-0.05337546812495899,0.17282107725333778,0.39254042978227643,0.4034669188862825,0.2784216018230989,0.029326493378364,-0.010908119558285382,0.08583992118339145,0.48804692853885107,-0.007995727870394058,0.41890282228039594,0.3432323788916711,0.10042293094483323,0.08929634310884138,0.14387239533785917,0.48695515794522104,0.41511738587546737,0.24037242194324243,0.5684365585899512,0.050458855162639656,0.37200781219703843,0.18441686442967725,0.15371992793896466
32.9,0.023659048176585366,0.26826228124862256,0.18995872345961445,0.32838442835307774,0.1470364936982247,0.12573203528573065,0.2995669636376134,0.15558613953373793,0.22951206899976412,-0.06779768156874959,0.17110217262690455,0.3813231759531013,0.39292050120387895,0.28049819980065266,0.03033565064833663,-0.015867403478993753,0.08054416087983403,0.4844786793392652,-0.008987534843359452,0.41206729309639356,0.32326976033137056,0.09787983970215444,0.09458211671592154,0.15288568273243183,0.48208093919623846,0.4029757826828119,0.2359648366160362,0.5746867867386704,0.050258206224926556,0.3564147995150115,0.18309913597268695,0.14810632797613207
33.0,0.03533835471617876,0.2698207598403837,0.19400974990269804,0.3378185468369183,0.1424240954640911,0.11768909591552798,0.3088281340343275,0.1452933971873641,0.22052506926165058,-0.08428321814869807,0.16308542247736552,0.38359343241766575,0.3861187010678186,0.28911579729309395,0.030551352806668534,-0.009865137095628562,0.08048473001715682,0.4775097914252751,-0.01593236237303916,0.40599795610636846,0.30592346007045657,0.08949668078265127,0.0839402249782404,0.13595351222817326,0.47442056404650856,0.3935641664650475,0.21451451566691354,0.5735959603983617,0.04337250756988443,0.34089007895050477,0.17348836754395142,0.14850963037667608
33.1,0.043897696250209534,0.2598312046726815,0.1972227386174757,0.3330154166198842,0.1353376773804868,0.12012139921994339,0.3084964500733316,0.15032944219845645,0.21221389336824112,-0.09618818000041436,0.15911169538774592,0.37472109143487303,0.3866779989203397,0.2942454113141625,0.026525919719194803,-0.011231464581042655,0.07774009838409777,0.46902611051689297,-0.02227225677846507,0.39439763021089974,0.2964122905942265,0.08727036024771498,0.07703865228458423,0.12619628555735207,0.4665866078103086,0.3866205940941721,0.21544438901288077,0.5700041181488636,0.035020294872396614,0.3281008248434988,0.1712348161868896,0.14757835945256512
33.2,0.03994147694865333,0.2620222149143918,0.19119391670659677,0.3300040265139777,0.12902844655581966,0.11232115964426476,0.3138123109527056,0.14743998540300682,0.20229606551730386,-0.10005203701914471,0.15894405650828317,0.3625048513199194,0.37618675932547624,0.2997651511444752,0.027760408483744538,-0.0026476111681204956,0.08304965705465447,0.45889070764427825,-0.028351088889613997,0.389611690994992,0.28921201272633357,0.0722332533567651,0.07018194560606035,0.11991865472330905,0.44998519695112255,0.3775798720204772,0.20924097129220356,0.5659663431617862,0.03956625602535746,0.31821598085053826,0.1599110504317964,0.1482300784884837
33.3,0.04033905827204722,0.2543967276487734,0.18011191451669517,0.3386539218258108,0.1265504009513179,0.10826629953795822,0.3170775873193899,0.1548945316091644,0.19308993207649808,-0.10373183627082015,0.14817327112865505,0.3552930128176165,0.3816290015631915,0.3074421321048482,0.02058211544909704,-0.00890443288949043,0.08289353398114188,0.45341345846035447,-0.038253759193508444,0.3859538900675232,0.28353270283303184,0.07104954974017169,0.06928464829065292,0.1149130678796966,0.44360991691765517,0.3662117274398159,0.20488921262208626,0.5700139529798899,0.024386673164651863,0.30998464805977954,0.14794821687660953,0.15085506786883626
33.4,0.040438398252729636,0.26111440962444965,0.17207891297748418,0.35093501311518893,0.12237254873548471,0.10417019000541988,0.3217406266253561,0.15605771723844153,0.1986824380875802,-0.09994653110542562,0.1421154783370109,0.3374601035420138,0.3801549749491492,0.3019706468293475,0.01260539351902771,-0.013720252189943943,0.07118098833425517,0.4519177336871154,-0.04244732952194409,0.37667448445758517,0.27227462075034947,0.06618873078506946,0.06469393091932439,0.1109393086572974,0.4321921326452325,0.35092638159331474,0.20159243729579693,0.5761860346673292,0.012994226957938872,0.308949054469169,0.13767464308260716,0.15085257355993476
33.5,0.0475009827471384,0.24794510503742478,0.1683842395775373,0.34605175067239624,0.1183690301045624,0.10447628859268154,0.31855081436170063,0.15749044068649773,0.1973442690693773,-0.11337919223982823,0.14086049870542067,0.32223620723897883,0.38661988501913275,0.2953518951145731,0.009450275170841129,-0.017930416102213995,0.06098325570666646,0.44701198909116235,-0.04697553842675074,0.3819786821737285,0.27128048690102113,0.05383248617880599,0.06764075643513516,0.10320001264758687,0.4249273049895843,0.3394289301947905,0.1997046202170004,0.5668976823361849,-4.220454312754611e-05,0.3043915908844574,0.12787522860642744,0.1458018903505651
33.6,0.04951631661904027,0.2655274873108426,0.1647320229444404,0.3463278876234974,0.11384110382832388,0.09442251933690758,0.3206494475353399,0.15745635030415306,0.19468423158746057,-0.12049613346047326,0.13594307056153118,0.3003716570461496,0.38786937047323444,0.28378017972523534,0.017213926314280384,-0.022391992699931366,0.0529754817072311,0.4479829564135484,-0.04852312233029424,0.3783136220370316,0.2640956181886864,0.04429417582204931,0.07359512320899494,0.1007385553372165,0.4085381875357363,0.33331702604352587,0.19728202045809534,0.5666805408578618,-0.007566993422851931,0.29500061668280086,0.13280867252553544,0.14250725297339248
33.7,0.04772294824924025,0.26861558377609923,0.15886372900709764,0.33785432302181767,0.10858772706345718,0.08956750216328332,0.30483886561591483,0.15563080381946698,0.18316296041120247,-0.13346652012523869,0.11945708695264251,0.2869932777428262,0.38762181843112226,0.27482031314926036,0.021546975924755685,-0.02000378272519045,0.05004653299251188,0.4462679108759848,-0.05437853117594399,0.3733247405907944,0.26073284929294277,0.02999869622472095,0.07922500403293048,0.09683721092756764,0.40553143280321247,0.3313205467312158,0.20669110619017306,0.5661446823442183,-0.01670202831637859,0.2868237297029348,0.12537753613495856,0.1356153297811213
33.8,0.0455152907827662,0.2851204036993347,0.1416890565382884,0.3360628207520663,0.09842555212236874,0.08411892492586429,0.3057970772677754,0.15445710095403486,0.1834341932660179,-0.1253913255636453,0.12711105006542983,0.28355202808123453,0.3881569631958477,0.2749737829309908,0.030597272260251104,-0.030261887217673047,0.03019500440284683,0.4494056804193399,-0.05610249011251466,0.3703554304398536,0.25540176228596195,0.023680384216323333,0.07747021087690406,0.09175447859816124,0.4036313535329428,0.32075808654692006,0.2067623291143792,0.564875775298778,-0.034234149284641455,0.28574830835586146,0.12138313304554633,0.1302583638148644
33.9,0.048134511803258395,0.28519287980646,0.13123935288110034,0.33661611359485366,0.09069169344947298,0.08199200014887689,0.30551355672751346,0.1548512102352723,0.18101465544610926,-0.11385817802048667,0.1151115724105006,0.28188569622173315,0.3890420623196417,0.2681155853485476,0.03576253415306151,-0.03641093809666739,0.02809118356769048,0.4445765624759258,-0.056804661774330065,0.37066167895646895,0.24411470388831294,0.01651270179844051,0.07545497712059625,0.08344300034479082,0.3977083683328569,0.3239642976971796,0.20629923521392213,0.5683935514623246,-0.05363079084393049,0.284346562038332,0.12456500949493278,0.1239198068228282
34.0,0.05393907229256693,0.28760807179162867,0.12421877809304843,0.33988563967022734,0.07062696716191694,0.07287503780835902,0.3045804670397719,0.16243455324863723,0.1726063122642483,-0.10902296476118864,0.10879642213587297,0.2960578264108075,0.37972293360116677,0.2628349339650987,0.03513955265849723,-0.04145461568129189,0.027302508653842202,0.43866511978101874,-0.07051704958224575,0.369704109679197,0.23602874858511724,0.006572976352292638,0.07049053214963606,0.0817774094674993,0.39935837459349155,0.3128612243866406,0.20299708373099928,0.5638497769901305,-0.04069681466082951,0.27328262348996385,0.1320726160789873,0.12347678673417022
34.1,0.056928377421078785,0.29842537191792884,0.12255149767188464,0.33654883747792047,0.06293901731175851,0.06601915536058826,0.30432438022510644,0.16509918209030586,0.15638167283455023,-0.10966870274743544,0.09307771928242198,0.28090674653625053,0.3791760401895537,0.25267384914209484,0.0410837545572949,-0.041362126071473465,0.022414741270740453,0.44435098134179063,-0.07312991514031768,0.37041112819482036,0.21930784149134971,0.0038720692728066116,0.07067772688600453,0.07180506473274385,0.3973182887141126,0.3074525191260126,0.2007612517934672,0.560237208557042,-0.04881911137860032,0.27218033443709216,0.13142050073502085,0.10580130688138294
34.2,0.04673516688500575,0.28934194923453244,0.11884375436968102,0.3347529317100285,0.05451919641207738,0.06507019614241041,0.30496775744738114,0.16578845880138499,0.1539562119833297,-0.10550929275012613,0.0927472557531537,0.28281936612903,0.3755725007419143,0.2635784793963797,0.04754634771817656,-0.043574305495936126,0.021412398285079067,0.4436861845146054,-0.07271085340297087,0.36300395349426906,0.19966467938974997,-0.005408181843657734,0.0719349001530639,0.06364942437384129,0.39615876113831844,0.3054509036784528,0.20299315318748706,0.5620373128989675,-0.056901031190772944,0.2727573257636936,0.12230310577157875,0.1086956538299944
34.3,0.040426380544623546,0.2984088935658234,0.1146649910071604,0.33462350656020357,0.053116620825449046,0.06313169870743948,0.30614708269728236,0.1650217145051352,0.14563466839614858,-0.10245851602333453,0.08884640684682904,0.2841264080844364,0.36733846758855065,0.2592989086091847,0.0461695194478819,-0.045913313143134245,0.013591877020882253,0.44052664053172774,-0.07026098985811424,0.35981097285119856,0.18922290976102932,-0.017699905986764165,0.0675041302220356,0.057308718427624784,0.3922195809536773,0.2983232966209288,0.20023462981678436,0.5539183789446029,-0.06344601789272776,0.2623743714579884,0.11564748823656254,0.11176637076607115
34.4,0.03289763600517345,0.2881654360440681,0.11759936416139644,0.32921247390848757,0.04704338193703804,0.06217614917460895,0.30596106047219374,0.16660979232972925,0.14548102414552494,-0.09148080578608836,0.10589559392102146,0.27447727747187894,0.37368862560112936,0.26550817349288464,0.03945278081608925,-0.04382827505428417,0.005069547359682861,0.443915809124044,-0.073311657457441,0.3546668357568856,0.1859488952916551,-0.02719866652631773,0.06859651432143352,0.05010102132542387,0.38603331064545204,0.29649397026300117,0.1915665413012373,0.5361723348065014,-0.07050675657830745,0.25448623308371976,0.11493737712151444,0.11544763234023782
34.5,0.02470360258757187,0.2906947924013632,0.11158245944652997,0.3316362103888825,0.04757428481018146,0.054988357826880996,0.2994157169625919,0.17163575338900489,0.15020494641890836,-0.08716568220199725,0.11364201499629864,0.26374768401729326,0.3665815450376889,0.2645593313403601,0.032497661649761984,-0.043335587209970015,-0.003334492541026252,0.45047813786778407,-0.08037275559561809,0.34226437840026797,0.166403304185041,-0.03638234172341107,0.069668639258727,0.0447169774413018,0.40135532458481793,0.2870814013751317,0.18361992497055668,0.5234605253163815,-0.0749642825707114,0.2530429456854432,0.1164728242116067,0.11803661608703944
34.6,0.031846746202018536,0.27734657257419854,0.12564157021679917,0.3318525941482894,0.04213989867155871,0.0542224648687872,0.306588393188159,0.16261864902250503,0.15261736430698117,-0.0841317566937691,0.11581961145133189,0.2706785809058592,0.3642354250010923,0.2701666887039866,0.03371924160348411,-0.04281429339921384,0.0010225539824869315,0.4640947637974651,-0.08187970663077827,0.3434747230502294,0.1643632261922308,-0.04382902362488304,0.054937041381308165,0.038992805801462686,0.3856500449028092,0.2844670686631794,0.18594588061589104,0.510345743604196,-0.07584101905567651,0.24746072127134822,0.11186460974547006,0.11937904415637195
34.7,0.02575199131785336,0.2795477788925488,0.13514468352078615,0.33071354972724637,0.03552786915224272,0.05011821590514923,0.3001930675444534,0.1597369198732098,0.14579949382086801,-0.08501709508204075,0.11756561618615069,0.26607004048450644,0.3643992856186684,0.2659462426591357,0.03839503316912044,-0.0423266319378418,-0.007138486909206113,0.46695460250027987,-0.08864758328393113,0.3376531133322495,0.15651467691273344,-0.05050609954745381,0.04443575450842598,0.034178707381806867,0.37961608500068345,0.26702590546769833,0.17852987078571522,0.5076118131973514,-0.08304382993717371,0.24959737609451735,0.10369197608102163,0.12734694513818623
34.8,0.02904925299420274,0.2796611632550286,0.13400925055658205,0.32479172363217484,0.031153506679263046,0.05618320123459435,0.3033646943069282,0.14345776532942764,0.14523132024627539,-0.07817455097155872,0.11834615955153917,0.270265455299069,0.3654436197802574,0.26083854633934533,0.03562789200420354,-0.05072605200613178,-0.018272539685377422,0.47104873947230774,-0.09585988872998148,0.3493618301604344,0.1546901261495275,-0.060027893574301605,0.036356995194382374,0.03413173784675784,0.37479791585579353,0.2738425214519839,0.17313547855504813,0.4978803484418768,-0.08671698760710891,0.24813217800411122,0.10197677461575716,0.13038252960097382
34.9,0.02575438556084125,0.28373485736825627,0.13746810892313646,0.31952374453287824,0.022197860605323097,0.05216684821404204,0.29520958490498217,0.13414056641980335,0.14246563998330888,-0.06350506778116155,0.12285939295032934,0.2707557858787951,0.3669210383786656,0.25497008846372593,0.03609328060044229,-0.06163767656019605,-0.022249932837368952,0.46859498865851806,-0.10078524615604366,0.3272605322290071,0.14909584499332507,-0.06795440322736336,0.031453399425673614,0.029855650776808615,0.374891666570448,0.2700993974096965,0.16873279609588904,0.49374236662307724,-0.0881628109103576,0.24855158295892965,0.10545008601209972,0.12542282845216005
35.0,0.030030342621128397,0.2778757061587118,0.1405073399561975,0.313633221220269,0.021120217079353656,0.057522538031441736,0.2910437404415214,0.12355747536212938,0.14926646585638467,-0.04758773664271444,0.1274160481978601,0.2639602657890453,0.3666461844146039,0.24318054711291656,0.03834230826653649,-0.06557856556555158,-0.024717128515616082,0.46988276803025464,-0.10625605517551906,0.3316793934660858,0.14577474410674185,-0.07744447014918646,0.04337261091578068,0.010166455426653552,0.3713978487375483,0.2635931377001264,0.1671636999254399,0.49841055856525673,-0.09012917016660561,0.24870486811020567,0.0979174033513377,0.12392337852812552
35.1,0.019073865720155833,0.2691990222976329,0.13719196200576733,0.3092317645352407,0.027305411141190918,0.06197211532853577,0.27974061903232866,0.10980009958051902,0.14902040543575612,-0.03702330364204234,0.13270415092343682,0.26178334644675866,0.36681658056965966,0.2538217399003894,0.03871520403986077,-0.06969417204333446,-0.02858694478641905,0.46267898411674574,-0.09951923634121802,0.32859706853761655,0.13783768764256057,-0.05810037260977199,0.0413550896436294,0.01928560635900159,0.3678457397804471,0.259958468891064,0.15918062551912898,0.4883301677270501,-0.09356322199131083,0.2482658871426477,0.10112619593759972,0.12176156326345434
35.2,0.022303646904981527,0.26455658279544964,0.1455957143590933,0.3096046517004694,0.03968477010133503,0.059746697680298534,0.2876534682391011,0.09300992789407457,0.15724277163158695,-0.030295674432343236,0.12666583868024112,0.2522865844912418,0.3641339043399106,0.2382330997350619,0.0306541006706497,-0.06654594458076299,-0.03357198713390225,0.470661145557379,-0.11128208372418745,0.3188660064647429,0.12754965266646973,-0.06224876641850965,0.03807664971578942,0.032245617366201906,0.35803837807782296,0.25642870554455605,0.15566456152858574,0.48681423605690294,-0.10609535930446076,0.2581697151243344,0.10343797383023871,0.11903152786064451
35.3,0.016276456413060542,0.2505127772707943,0.15048264517110602,0.3045705588564847,0.03581017900521341,0.06045007667561224,0.2920497501995457,0.09085871424874352,0.1592823889634914,-0.01780036539388352,0.12538080621615166,0.2708869898497503,0.3679618827732592,0.22924012548383232,0.025916097551275673,-0.07504060835861358,-0.038659544564403805,0.46122787684729755,-0.11582757934347127,0.311301276187694,0.12811836912716507,-0.06807934493276746,0.04239437907705712,0.01692088981193012,0.35319480125783403,0.2583557290955576,0.15093824667318614,0.48658431282293607,-0.09047111629153377,0.262758772552432,0.10330530459848666,0.12479484884737498
35.4,0.027557840229463487,0.24891537109172687,0.15914749961162034,0.297086508138788,0.039465164570865775,0.05544761021066587,0.2877898378456916,0.07367520162794813,0.1552674522656829,-0.01901505850976889,0.12283874076585352,0.2692391933853626,0.36837696608946957,0.2241181405424711,0.03401196824658455,-0.08001798298583,-0.028053508892897337,0.4578775878933263,-0.11631802476515245,0.31191782875220414,0.12545231522606076,-0.07288949767352419,0.040345180857348166,0.0073990281163390905,0.3472512261976127,0.2547535928429206,0.14161586057448822,0.4870820136103388,-0.08320364385546876,0.25811280789279517,0.09239430608106249,0.122798805971891
35.5,0.015431108777223602,0.23341217143702916,0.17091130604130897,0.29939598117474114,0.03492986653835988,0.05852924338196215,0.2917201197571583,0.08862940642281453,0.1519410668307913,-0.018606955416864007,0.11963420428541689,0.2727486677498985,0.3685997402689284,0.2343966095600546,0.03739808691361787,-0.08738685034245162,-0.010576098745431134,0.45676810997743544,-0.11683680528562457,0.31727728977126707,0.12182416659634815,-0.08698225289532324,0.022136922415035662,0.0013124100448470154,0.34298668269261084,0.24972794096381123,0.13477158428956296,0.4881530258176138,-0.08203160019595042,0.2635271970975996,0.09025157349273086,0.10998414939144986
35.6,0.018369009493359324,0.2313863365417661,0.17278435395487948,0.29550903411771673,0.03848640638424131,0.05406515997671754,0.2938405359377542,0.10073407987321353,0.14843179256209146,-0.012733798643947615,0.11359534137425552,0.27328444245934264,0.358605203245792,0.2285597326887757,0.03903317355066006,-0.08683604947803042,-0.018279128816469637,0.46195113884282185,-0.12223940382814903,0.30504465979433876,0.09142785175038429,-0.09079367980602675,0.014385528008638333,-0.0011048362435602686,0.3349879767564265,0.24838633855915265,0.13257422672182076,0.48343837237403603,-0.07414284048694475,0.2686061265623061,0.08717591056339928,0.10850150595663259
35.7,0.011858603493879351,0.2207351057475267,0.17838765753785582,0.2885434483826466,0.03445252234516339,0.06450422522745064,0.29776518359074966,0.0889071111185373,0.14986981477246944,-0.0025675696652447634,0.10445722558348211,0.29259371603759343,0.36235591060981653,0.2387907018622316,0.04860368280694464,-0.08200546217930431,-0.017112054822901006,0.4701033908636481,-0.12352162555416543,0.3016145470397085,0.08393437747029663,-0.10814711673797302,0.005468843086695178,-0.012199191992089657,0.31565717935956833,0.24317303190013115,0.11339147342093132,0.4805056924653895,-0.06503373562734822,0.25019199889106064,0.0822159621802801,0.1104230325714304
35.8,0.01602154695962613,0.2233822939982001,0.17211564156844322,0.29315195761806695,0.04003441681738851,0.059569206319237296,0.30017925427209596,0.08232606681227568,0.14949924978070606,-9.770001835218664e-05,0.0950151092560108,0.2914946201567966,0.3618356409789935,0.23121613216322912,0.037861348153410725,-0.08234744684268643,-0.022118385285869437,0.4556971422273115,-0.13330610315969257,0.2954860201471263,0.07096122080412157,-0.12127564829037668,0.011290019799108871,-0.024756212560419693,0.31332993692472755,0.23289019284914003,0.11986609303514716,0.4794679693654361,-0.05710127602845154,0.24805753503201325,0.08251730038448962,0.12151419016187112
35.9,0.009990497971807805,0.21177106186314507,0.17508902434232984,0.29124909638707436,0.04193025696260959,0.06583360425376597,0.312336462652163,0.07873672246176369,0.1424641534093879,0.003552468352049725,0.08114354799201026,0.29686613156001374,0.36743410433703116,0.24874133350068967,0.03550958731819124,-0.08736116491913158,-0.022006797103484462,0.45253551212361737,-0.13401838268025307,0.29049623006284675,0.06740269417003819,-0.1324164899132142,0.009989535806361399,-0.03354101383828485,0.3098404279816363,0.23212320076297258,0.11109044995991606,0.479860006574827,-0.055161793788321256,0.2457621846931348,0.07250357806060291,0.11993985175236187
36.0,0.013497061799403324,0.2152048897453164,0.1674282931862049,0.28630734084770687,0.048912522085090365,0.06475548893197264,0.3052370662469003,0.08633500147274224,0.1317259236306243,0.006883134264638842,0.07517698042630447,0.28638867432396575,0.3762383757682835,0.2517565417208801,0.03172772116065672,-0.08488117985654028,-0.022872744670652246,0.4526926494958869,-0.14057717754690202,0.2781079388681835,0.0605599417935945,-0.14116875480643862,0.005552001078037292,-0.03262739399131343,0.30910731468881825,0.2318611639030008,0.12631150675129213,0.47795062716966424,-0.056006546763266676,0.24909225903956866,0.06966798809577095,0.1194199136034845
36.1,0.020028682509205836,0.2130794009254247,0.16864232138398838,0.28754655014792113,0.04847403576946897,0.06889916487253774,0.31198493275866096,0.0814861935405761,0.1343150919047816,0.012904163274606254,0.06188774000447617,0.2780429048929313,0.3855971915043318,0.2492354299012832,0.041138000520104495,-0.07869583259016846,-0.02166590334574142,0.45946568417633704,-0.14555175515571253,0.2683343704335049,0.05747365058739198,-0.1510379416591365,0.002359807356060336,-0.03010844645851679,0.3085165945039436,0.23421170332556293,0.12622796572469377,0.4824673430596067,-0.06372428228393695,0.24742595690099659,0.07269208555612551,0.12049768628059743
36.2,0.018138301288028045,0.22031552153967524,0.16653872092035749,0.2850184463866682,0.05385887408347123,0.05889264651209757,0.30445130057753494,0.07972805455621063,0.13030491821609896,0.002341552421830405,0.05357184512246905,0.2732660566899972,0.3894758730940616,0.24109461465210305,0.03602615087894825,-0.08424161406942338,-0.02780063166905172,0.46369272553571567,-0.1513151818104786,0.2598139196944589,0.051709368947221064,-0.15140401498900816,0.007270747847592989,-0.031247391140900596,0.3071364853578406,0.2305450527505236,0.1267458863092535,0.4844682432075471,-0.08085000143121697,0.23648144737012308,0.06873427846460291,0.12003444081605945
36.3,0.026580769946135875,0.23040143787560718,0.1608797284470585,0.2795318502760997,0.04678803475611513,0.0608149473055518,0.30960664573905505,0.06023776080522692,0.13068286578528698,-0.011680596006986127,0.04833041401019446,0.2661914761764368,0.3925287627539442,0.22910478594136557,0.03578515715227598,-0.07966783272963077,-0.041135139551089515,0.46498403520671694,-0.15201656493645546,0.25128214015747147,0.04666259735725919,-0.1576699110982582,0.014866687239503334,-0.03553916524721816,0.3010909246957273,0.22578754216464006,0.13156254373979198,0.473304997143077,-0.08103932163445658,0.25045933543310056,0.061124212310223976,0.11524731483014297
36.4,0.01713444612772304,0.22031925920981849,0.16320468060960022,0.2712061052989684,0.04277869756753309,0.05916218915263296,0.29682402346175063,0.05627259476550508,0.12710871687210795,-0.027089279249761473,0.03775602251020678,0.2689567590772569,0.3924655749404328,0.2296543087050994,0.04033214131804999,-0.09520065361130442,-0.04152331575019601,0.46655453271616076,-0.15334630050537285,0.24561827835663524,0.05217386338608951,-0.16571783621941416,0.015598889872748031,-0.03928335385229667,0.295375604362484,0.2262247194176106,0.12705641712994667,0.4801606004134144,-0.08928001400545955,0.25668030286507054,0.04924579877803468,0.10747927056725594
36.5,0.01471019383978708,0.23776885813102638,0.15322224998155848,0.2761716579784586,0.034999718687251984,0.05134243931070263,0.29569142221557254,0.05527357221843647,0.12399997627012475,-0.03232443684503687,0.025828994658653053,0.2632124416422666,0.3950886620798649,0.22396541156450048,0.043779376908143125,-0.09246394373157354,-0.047986432580192064,0.46517967843483043,-0.1507105635467646,0.2330937810665882,0.05173906200297442,-0.16483804766512689,0.021451788639901305,-0.036335342726850135,0.28658607462085356,0.2264621610702027,0.12096964816037485,0.4880345187871151,-0.1004642565878322,0.2612594655424038,0.0476590406738679,0.09915664330875128
36.6,0.0049653274731416034,0.23420519849784263,0.14365210628721928,0.26660162675915916,0.03414515158643283,0.05101660166140097,0.2901847402520592,0.052070969936784776,0.11243371815103076,-0.0504561452507149,0.016313029644447002,0.2644819112420366,0.38772732010722344,0.23259430792596836,0.04146280341349511,-0.09871483138981647,-0.05077050863719108,0.46466703907051793,-0.14956145066376164,0.22804844321856657,0.04600570066086812,-0.17394344478592838,0.016725748833161084,-0.04074670350528423,0.2994520391582169,0.22446778675971457,0.12258092908971645,0.4854108843579965,-0.11197938769762085,0.26482028519633855,0.04184247135475897,0.09561740231788698
36.7,0.015354498518352695,0.2638578471964792,0.14179269756946652,0.27548298381739655,0.03438166450331451,0.04918956890019989,0.2983302132675711,0.04379699518079416,0.11497722168140286,-0.06441735119756994,0.01183318440224074,0.26077439825678334,0.3824817056186268,0.22333932037384946,0.033142004311236886,-0.09803911645406004,-0.05355722390270315,0.4660445803231641,-0.1504289161002052,0.22059870484604216,0.035909624839115376,-0.17252370293807956,0.011743603713931062,-0.047700454617551596,0.2921338304670113,0.22274420237906933,0.11860747812127646,0.4846738123064305,-0.1269580246309036,0.2687974942110023,0.0429818692465064,0.09697674476369891
36.8,0.01504362459434963,0.2594476750216999,0.1484565611709303,0.27795185930012123,0.032585220013725866,0.044099407846559247,0.29690972010283334,0.04165402712936952,0.11254903546319049,-0.06927533277363353,-0.00645383394307893,0.26068894911860135,0.38013853896210453,0.2207827372076742,0.02958479734211349,-0.10236766517628525,-0.04589263355203513,0.46591019845878207,-0.15599605475056758,0.21550537507838574,0.02934253056331995,-0.1798121821523206,0.009296988774723305,-0.05682706778661201,0.2868377006846769,0.20435252250492042,0.11175262239822889,0.4931297424175979,-0.13200671485825094,0.26644145121749374,0.045483025633208087,0.10903547058578215
36.9,0.02365571893709288,0.2764037925667043,0.14965118750954426,0.2720173515706765,0.03276820629050951,0.037113233778681434,0.2918787187242284,0.04280781280716479,0.11235634138307561,-0.09217250953986261,-0.007220979013305065,0.2553604936475158,0.37162535702478805,0.20139254808919868,0.0322647278762011,-0.10328362044161887,-0.040506039319385255,0.4639543445929319,-0.1596325519588586,0.21376112495344027,0.02399392275341209,-0.18530002143109411,0.0039685041701033996,-0.05572946691094306,0.2837169052240204,0.21031678318231983,0.09847818086934083,0.4928800381720603,-0.13351854249041104,0.25686857848644007,0.04400896923376212,0.10510847586388161
37.0,0.01713034704542011,0.27683948597638786,0.15909559788477223,0.26542122816284,0.03186652983679775,0.03785503715821411,0.2781147254767476,0.040547026226173344,0.11799589298543785,-0.09715952147074633,-0.009975420102456323,0.25157136679340686,0.37261596355044263,0.20589880221693835,0.029240979113226134,-0.10471907377056643,-0.0477616851085604,0.4704302257865564,-0.15511160605069868,0.20399258828893066,0.023499252253393835,-0.18927362971762796,0.008822136902457145,-0.0638843614908049,0.2763951336316395,0.211647661388579,0.09326823702331921,0.5001362357382432,-0.14267619647715307,0.2556924362282938,0.03537683899450902,0.09339102719966506
37.1,0.024836678063025516,0.2839534422985984,0.15702862604565473,0.2675946981575458,0.034690709830993226,0.027347046565589814,0.2889136472716304,0.03760639380468567,0.12574333584194397,-0.0948328062330241,-0.0013834175232536924,0.25220797271032896,0.36933269551343184,0.201857169368632,0.029194367328829053,-0.11490648800083746,-0.05587228802602847,0.4744979328937318,-0.15299639145318675,0.19785323113841902,0.022069737734825956,-0.1951335934995059,0.003355580469845198,-0.06533707039140654,0.26489491104118035,0.21825461610835603,0.08280582453717025,0.4996750742124311,-0.1527171432128928,0.248814385432444,0.030592096374230767,0.11154738234251947
37.2,0.023353722015952597,0.2859990086890048,0.16444185993128166,0.27203183016516325,0.027320302474667813,0.02249658499479458,0.28824047432569144,0.03916516501054913,0.13909760826657425,-0.10382428353169874,0.0020217517488427305,0.24621788719642196,0.3699213379942762,0.192153646501223,0.025191198045057362,-0.11323485268222393,-0.06771826384076253,0.48506259347084396,-0.1639249330558399,0.1915242517812777,0.0228811694826009,-0.1961962577885653,-0.005966731597364285,-0.06860842203920324,0.25521578888959384,0.21309449006166392,0.06868531522519791,0.4898563297728837,-0.1668336790371029,0.23961771785140776,0.02354088074309426,0.10834824237221133
37.3,0.032694869876150695,0.2829388917420761,0.16480596377318693,0.2684373826954145,0.024722101317460228,0.02022773850849902,0.28091129814087606,0.02857910677260865,0.13899557719007186,-0.11683805708582992,0.014997986725148998,0.24034731348591887,0.3625046658957247,0.184431015547844,0.025331265069146375,-0.11830359646318221,-0.07406833440422445,0.4871647683372519,-0.17098039888035657,0.17890549267874734,0.013234203324152939,-0.19520299111345837,-0.019234316673425372,-0.07585611289897966,0.2466842057020716,0.21450824503501772,0.05431760812260204,0.4842496680067672,-0.1784353425614576,0.24110206102896758,0.02796084820663573,0.10041222968908098
37.4,0.027743855853807797,0.29668993379421194,0.16072351559081924,0.26752506303328116,0.02446802908068022,0.018043464148313156,0.27464927645432957,0.015008983148128154,0.14426642231269843,-0.13429297340865226,0.005423710658496828,0.23919563028475488,0.36622589388151466,0.17187892331636426,0.0289627778590763,-0.11557711063292775,-0.07797765338825537,0.48016701291318725,-0.19498982110832624,0.17629655230039984,0.011604829141415841,-0.19343408904955744,-0.028655178944814647,-0.07304373995036204,0.24179868030106696,0.20738753615096597,0.0505474920406176,0.48186367927852697,-0.1924414070235952,0.24081545871779683,0.027887597035613516,0.08883659357075731
37.5,0.035289167694758324,0.2987519711821802,0.17134988915948793,0.260243860413023,0.022679875198917485,0.016011314156197304,0.2683585644436717,0.0058519350920654,0.1428603419240087,-0.1482242691222132,0.003969822534083373,0.24309606342311812,0.3677686508997989,0.16842345953033494,0.02609976551696618,-0.12568269034136298,-0.08630485058264195,0.4874389593808456,-0.19162258759167677,0.17429564438278997,0.022572530776558387,-0.19739105429090348,-0.055058964257960676,-0.07258995469896247,0.2236902787306322,0.20459464040036132,0.04732873750002454,0.4800234451194799,-0.18106344098447683,0.23741578960441037,0.030596785757031182,0.08106095657244558
37.6,0.021921176003066742,0.31279350613747203,0.16066877859521828,0.26253526687126316,0.02078208081475342,0.00793323815536149,0.26286010787269587,-0.0021341956777545597,0.15089558659063018,-0.15639803156973178,0.000874445426597004,0.230863470789351,0.37693298390630825,0.15434458194187875,0.02627810749740608,-0.13395034318351176,-0.10098940487522091,0.5023274231036132,-0.19277401416533516,0.17033868544101632,0.022069104964328175,-0.19679883522107838,-0.048252681656521725,-0.07092877651745101,0.22404826015643817,0.2005045062781838,0.04266275831866439,0.48034612539468763,-0.19782871126115362,0.23269087133528193,0.03292150323233307,0.06926598927629722
37.7,0.022750646594936894,0.3093219801330801,0.163437233085917,0.2636474507819377,0.017755010316366202,0.010356982482270544,0.254879084644289,-0.012231721614675034,0.14720543460275695,-0.16436391060913236,0.00733120721973857,0.23499292829614976,0.37214589156926764,0.1435819567867514,0.01972918210167794,-0.15054774139079063,-0.11287059296049458,0.503762632602122,-0.19415677822401173,0.15777590950482007,0.020723868653398113,-0.19332688470359,-0.04870179723681943,-0.0823820181456611,0.21266776341318483,0.2034687875342058,0.041313870027535,0.4652656074288723,-0.1963757375824983,0.2178892241186075,0.04532436207274388,0.05012265867467901
37.8,0.019730962754272826,0.3119834263197013,0.16436080684386173,0.27328039289367423,0.016712217095617963,0.005867192048414271,0.2562960485009373,-0.01333071419554482,0.14047906825377482,-0.16829145877065074,-0.0009351341121943577,0.22696623492617843,0.36905828293315657,0.12207031679291783,0.015338848679413746,-0.1522354965,-0.10932508615127967,0.5031453576945156,-0.18724679836132585,0.155484143250684,0.0123676018508611,-0.18932723740908436,-0.05125936894760654,-0.08838231094740566,0.22003556902754567,0.19082697799516618,0.040929614329524876,0.4662733097601058,-0.19919209834287768,0.21038442898293983,0.040731977944373235,0.042586325698056426
37.9,0.011234863511853016,0.30607827656015496,0.16645667997742247,0.26822759741236923,0.01570138662003943,0.01318109458758165,0.24895919997079755,-0.017449093312856566,0.14127911550703018,-0.17349304391465656,0.002171336925212761,0.22643141150997317,0.36805111450933964,0.1183751779103861,0.013343555446413505,-0.1569283190013353,-0.10990351972690086,0.5143459614631478,-0.18565431262246654,0.17814044283871994,0.011026778267828849,-0.1890606721307188,-0.050462761131018094,-0.09447435652619747,0.20913868858573367,0.1797378815642095,0.035938073767063226,0.4576815303148118,-0.2065324202099381,0.19296273710154124,0.036858958306526385,0.03184373489529845
38.0,0.0025170006153609407,0.3101857654731242,0.15869032289732826,0.262944909159486,0.0165487530113426,0.009331562127345407,0.2439828690327887,-0.0295263714280423,0.1523321474982547,-0.1867551250887868,-0.0030363782374205695,0.22476009109645514,0.36256385020820314,0.09697712485973677,0.00117936395069845,-0.15628824796041954,-0.11243375715261351,0.5236003109223923,-0.18640765773299406,0.1916272845173407,0.002331277477674342,-0.19461431256863324,-0.07323485986035023,-0.0794981407385115,0.19652089387275654,0.17881389819149854,0.034730112125193426,0.4563234709768873,-0.20264165698009268,0.1906788902069502,0.03439942455021902,0.019432297839478536
38.1,-0.003870103624382141,0.30443217058455024,0.1603347556420336,0.26196883060882414,0.0120464704260041,0.013514633139571883,0.24046879024042764,-0.02550673169704854,0.1507499922574737,-0.19166279971832823,-0.007897000431175695,0.22617138195403258,0.3588817152619316,0.09425358077459119,-0.0029039571264757166,-0.16544265490709809,-0.11876447286272517,0.5316061182537746,-0.19000879276689994,0.1980324097875812,-0.005356229303074173,-0.21216712083630213,-0.0835414260553567,-0.10518750371530983,0.18117092352332811,0.17009375958004322,0.031053804764999155,0.4610959360450678,-0.20382142358238534,0.1913778371312341,0.03197944508699935,0.0102218298465911
38.2,-0.007867449686835282,0.2992487818984939,0.1506526693647963,0.2677358311457143,0.0157087371482205,0.014226869200153678,0.23315977478814906,-0.02798349177010574,0.15271941130665387,-0.18812515913123448,-0.0162369955088585,0.23445141617562054,0.3400263661838201,0.09058438704805764,-0.003909861333182108,-0.1733357718960586,-0.12239156379393687,0.5312342787015252,-0.186654807487164,0.21616035814121196,-0.013877749955710322,-0.20707640181926848,-0.09729462773011965,-0.10406253703810672,0.16596472205649962,0.16055389589101968,0.03242076984591335,0.4542359519151118,-0.18931649229793487,0.1804620488800611,0.02267402036853541,-0.0022489772712907603
38.3,-0.005907619476382097,0.2996201999339114,0.15072261558402475,0.2668492982472841,0.014825202129577707,0.01917294942842003,0.234118484675584,-0.025985591120758194,0.15852549333704072,-0.1947906952870686,-0.021661903483765253,0.22335778960893551,0.3333250713594634,0.09724310532660141,-0.0018088512255812603,-0.17885641304429234,-0.12489523467946294,0.540261057200125,-0.19203641447292077,0.22618969854948853,-0.022166357708019502,-0.21434330691094294,-0.10637913497114108,-0.09204807347697858,0.15912965674301646,0.1471799780505516,0.028385385659917862,0.448566083711106,-0.20174951752962236,0.17185969525416042,0.019159366890628002,-0.01367334785948124
38.4,-0.012019175036775924,0.2990928732601034,0.13996554398751448,0.26777661760360333,0.005807289594368557,0.018447876130671337,0.23567032783481964,-0.019634342464964927,0.15206589390616054,-0.18966666051270886,-0.029742414367417355,0.21925024549519798,0.32270127423523054,0.096913117199913,-0.01400439407932306,-0.1855585472761013,-0.1464810045590568,0.5487352321895503,-0.19385164143137257,0.23000709654000007,-0.03314931305928063,-0.23103730328824204,-0.11501311527554668,-0.08059664096109156,0.14379681284092127,0.13749888531065332,0.02131095845163078,0.44575283661032444,-0.20095790136549493,0.17051750224835352,0.024789634392590285,-0.02370532346213834
38.5,-0.012429722011667674,0.30196306936236983,0.12303520447915535,0.2641091502185572,0.008725516102418191,0.029486469631628855,0.23909519465330895,-0.02173668694245919,0.13924037099266223,-0.18102589019360668,-0.03732244651069347,0.21171439552175728,0.33845447094250225,0.09524314581117503,-0.02632825416233517,-0.19031401412020638,-0.16146087715553187,0.5518678808949304,-0.18698261404383873,0.2240938582426071,-0.03566492052543409,-0.24231112763629936,-0.13180624389087356,-0.07000842709399267,0.13227498298281654,0.1343519354636149,0.02375258434499531,0.4435019896508373,-0.20008306146775875,0.17143002141065572,0.021381918422099282,-0.014071885642205129
38.6,-0.014717346526858351,0.30476149482110526,0.11205584983993075,0.2518233613048907,0.012582468194915025,0.030376430909964478,0.2365554246016019,-0.018091006173265638,0.13346793666280968,-0.18675102414422226,-0.03857532418541791,0.2120008966255535,0.34042845805759975,0.10092099421282663,-0.03753776938247233,-0.19151255799285652,-0.17054279624822954,0.5442051414867498,-0.18737972588056462,0.22409822183301367,-0.0386201560176285,-0.2614259561195732,-0.1337125011641926,-0.06098409309132592,0.12371079101227146,0.12319577226462589,0.021395364129964806,0.43195860772752526,-0.20048847024870947,0.16425476967749936,0.01578539603974824,-0.017399276242090093
38.7,-0.020456100969625895,0.3064667793278388,0.09887662525515324,0.260147195601655,0.009003079819937245,0.03336838795676017,0.23847865158067313,-0.015587165745692938,0.12132011652699216,-0.1923262349096551,-0.04677074326043029,0.1916249665400127,0.341811753703821,0.0948461509664808,-0.049675473813523746,-0.1920238258793104,-0.17969819064270598,0.5414821918190919,-0.19118947744183362,0.2242720903323085,-0.05583847871207888,-0.26940815687497005,-0.13898937567471556,-0.052085183683446,0.1329766814239415,0.1213011538566224,0.031223895473014004,0.4325452882628916,-0.19863408172981198,0.1635080859190307,0.01529500917279911,-0.019651671813297744
38.8,-0.013212617177713224,0.305770921612303,0.0905651978341346,0.2525749659315928,0.019123906138985597,0.03769570320281031,0.24152034287806387,-0.01002594804702303,0.10489364189503954,-0.2076332973404896,-0.05038600221473277,0.18612753398497972,0.3433083858107075,0.1108936811995419,-0.0486763978612406,-0.20139022689578565,-0.2006060091134184,0.5430886459534795,-0.19250189160139367,0.21721558296471258,-0.06881814826763463,-0.2752007560170475,-0.15310695728107981,-0.05029361506404063,0.12985001320905692,0.12586795504303727,0.021963922418847336,0.43600959291201785,-0.19787250114164667,0.16369885386260427,0.017047744563760042,-0.022093437265511714
38.9,-0.018348181923868664,0.32336110705075105,0.0809491356698205,0.26661925575543505,0.016632335945522776,0.03126648760724735,0.24117598189109737,-0.008467500792954911,0.09250256958456335,-0.20794755171173102,-0.051710003175734966,0.17459115670435388,0.34653187311122924,0.09421205696162843,-0.055714786705448896,-0.1956596402822168,-0.19546631036601228,0.5498995508056495,-0.1988636744319976,0.2105350603624683,-0.08078355348391865,-0.27983583810927853,-0.1653564380993442,-0.04034033435269121,0.1359520614165763,0.11428520935451851,0.024997446564357016,0.4303002952297635,-0.20467532771619273,0.15949583860947844,0.021357331525786102,-0.01748300534369174
39.0,-0.011078632997393882,0.31880641306094365,0.08053037924557374,0.27052035139196073,0.016918335950864897,0.03972625979806839,0.24041645361938033,-0.013070631278861596,0.08381250067956365,-0.21676427834302686,-0.04644477229421347,0.16961542538677446,0.34761327886909926,0.09816449736590566,-0.05380796526127633,-0.20443281719299866,-0.19661373123818596,0.5504520192902499,-0.19668171003767446,0.2083333811463648,-0.08200339374857864,-0.28324880887133275,-0.16982795458094554,-0.033469748677364575,0.12913389103198958,0.10190688458227759,0.020937212410547093,0.4236245422421931,-0.20474380757513969,0.16065038250912125,0.02487617120770581,-0.01958230622591077
39.1,-0.022072512765408427,0.3281376853647328,0.07070712971869539,0.27104743142451154,0.018409571593405036,0.030125491822093023,0.240214258986746,-0.02114141119598398,0.08014255794753686,-0.2335601577972435,-0.051282309415241964,0.16970738138360775,0.3394026426975399,0.09325088069080588,-0.060603108985184104,-0.20791358383378528,-0.19428010439631171,0.542333597862483,-0.2008319330296924,0.2101203674299445,-0.08836774867634938,-0.28677070000767246,-0.17152253546458915,-0.03713938894621765,0.11501123927352551,0.08281456418041032,0.015055920703074535,0.4166320201864222,-0.20433470377320923,0.1540959389808895,0.018624705842450913,-0.01697739830806106
39.2,-0.02041843901196913,0.32951711759646274,0.07135854884626538,0.2723445015751603,0.018320774292373547,0.0396728574711566,0.2488709982766048,-0.023499482822062778,0.06908907487764808,-0.24166537068557495,-0.045102176303923956,0.17457046206420554,0.3404711200241277,0.10593083153712515,-0.061167582741350514,-0.21699977334311915,-0.19629978867063072,0.5388935506290448,-0.20178817500418153,0.2028576675006299,-0.09765052943304703,-0.2929896063754194,-0.17889832048812104,-0.037209219972817585,0.10622679431411708,0.07168166620264842,0.016250094626702093,0.41512727008016204,-0.20732540525874912,0.16189616525778003,0.011015084241575159,-0.011404623986431136
39.3,-0.03345117029990117,0.33367411464978675,0.06646274503908794,0.2694658297924018,0.02774279847968269,0.03215600078459154,0.2423230636718496,-0.024896751669997153,0.0661980552278201,-0.24828957064946464,-0.05152170125119806,0.16904946178299798,0.3340256566066524,0.104369697056016,-0.0606064849713332,-0.22500350629542792,-0.20272745096518213,0.5411039753519903,-0.2032125182244318,0.20047831583478531,-0.1028932414952946,-0.3055746168501794,-0.1833108656924381,-0.036039893723298896,0.10216605448087812,0.06528167096439352,0.011940944401572909,0.4224638076517963,-0.20745826142219423,0.15653891922032762,0.010328862700322964,-0.008978510732533161
39.4,-0.024695537555211568,0.3421959904579431,0.06227185021963467,0.2776302389450395,0.028186767069327934,0.029540844041289493,0.25421077147836935,-0.02466129906370242,0.05947778657916674,-0.2619737633483104,-0.046467523296393635,0.1701882627925566,0.3310225173756926,0.10550561219442768,-0.06328923338178469,-0.2253272502290661,-0.20977485274072474,0.5321988155007015,-0.20144758676861504,0.18996006855878173,-0.11411097555181496,-0.30932473651152675,-0.18747236908491416,-0.04284020512271691,0.1033054166944335,0.05928564178250203,0.012823500574396449,0.41202031359335956,-0.21090564545528284,0.14674985986553757,0.011902880573773226,0.000318923166090986
39.5,-0.025964355530203053,0.3495777603837585,0.05703743114726553,0.27665824059835137,0.042097725088251915,0.018028564418104572,0.24828687448728698,-0.04475815113400954,0.06486228064161076,-0.27777728398324153,-0.04539206066197037,0.1722496488726089,0.32466711687444516,0.09739429626997113,-0.06248769261143017,-0.233935788591687,-0.21064676578155345,0.5330433072467854,-0.20606345627498418,0.1834490277305855,-0.12004902173357615,-0.32679390451219215,-0.2010976504617583,-0.051876755275366296,0.0982694299151485,0.05157002065072476,0.011582333539555451,0.4017921850297661,-0.21610144259156755,0.13983731957796003,0.009017523917918548,0.002207874219579225
39.6,-0.013151519270845525,0.36162792192761056,0.06539372788789997,0.286475026200324,0.04108925357052975,0.02592678642831006,0.2545739365764549,-0.0394023601980304,0.06436070497330441,-0.28161431359149613,-0.045416821953275385,0.17873413941388167,0.33331657235900924,0.09280685293850041,-0.06366575373872375,-0.24487062795835,-0.21337074812447643,0.5387916889049674,-0.21882774129174135,0.1757526093565696,-0.12371442395122387,-0.3259290267417153,-0.20377030368095966,-0.056201574071205254,0.08710020423987952,0.050865828139810464,0.0006113486289757975,0.39856948561959465,-0.21470542488200542,0.13034293289469537,0.013479427435064367,0.01575482822996259
39.7,-0.008350979659773635,0.3517500205922021,0.05873542456698364,0.28485527566751484,0.05030536833030408,0.029113245656661565,0.2569963199320369,-0.02508297829913902,0.06286612175438815,-0.27367684053944036,-0.05126299650313258,0.17709067643215878,0.3309836864703359,0.08954590359020957,-0.05294116412315315,-0.25885311892118273,-0.21692721629711703,0.5373531990236882,-0.22416951502440743,0.1678534659333774,-0.13766181210425593,-0.3317549181438526,-0.20780126622070483,-0.06078415177826305,0.07996957889604021,0.04424116664009099,-0.009662708077139714,0.4011410325332269,-0.22263511724907817,0.12348538689408957,0.020493184082390325,0.018174038071765576
39.8,0.0005242513361692478,0.35289531234490085,0.05287692678499804,0.28644802957253257,0.042369530401161065,0.024251191210877376,0.26249203453131825,-0.024323983723791874,0.06636254310234335,-0.27272185745432376,-0.05105590278397423,0.1736053113589175,0.33414171977958484,0.08612811454862525,-0.04788022802668368,-0.26568472495941753,-0.2248375594655766,0.5324825445219944,-0.24069858751588852,0.15905995971744427,-0.13006682078500273,-0.33543744821103455,-0.21632804593999364,-0.06436316030300639,0.07407592813009889,0.06593372415301196,-0.014891048811813586,0.39816350220782676,-0.23805185337745693,0.12368299710021628,0.011536630877719294,0.0001487106150766711
39.9,0.002871844232659287,0.3425283209127699,0.04832807189131637,0.29447290434680207,0.03755137703156013,0.01685584691140064,0.2619285013123016,-0.024958084073397193,0.06584684738605066,-0.264382587166063,-0.05039528227731724,0.17535532354165223,0.3247741653394444,0.0957429339954996,-0.04144914343650607,-0.27343047115110314,-0.23991327561627926,0.5386448014152139,-0.2489625593594992,0.1449489083558713,-0.13131189463044013,-0.3420215060810657,-0.22178862017349127,-0.07595810200708247,0.06996181569222043,0.06542572321964914,-0.022891119830502935,0.39939088274950635,-0.2503231683672341,0.13362787457755476,0.006989486451927518,-0.0008402649663663134
40.0,0.006752997730578666,0.3493316788445279,0.05552209840373931,0.2982284227385058,0.023027355189387217,0.012232260476413752,0.283620379110542,-0.031171089239965602,0.05882790590868091,-0.2595192458633488,-0.058695332167380695,0.17187414587194305,0.32656493543465576,0.09034487047576498,-0.03129853053555207,-0.27893523643054063,-0.25149322181644757,0.5390847107697081,-0.26340713239211294,0.13268861880744776,-0.14100761060848405,-0.34855814621357467,-0.23179881010602926,-0.08371771844740503,0.0627764454583516,0.0659150953589154,-0.017264532716151026,0.39028730927521016,-0.25821923111354733,0.1253511187288747,0.016533040817174254,0.000846832223642804
40.1,-0.008443962726658812,0.3407670625491135,0.06159404870818115,0.30124273935233015,0.01570307495137851,0.012421257833347904,0.2800350662172225,-0.029418652678959635,0.061633649833012165,-0.26820956053406486,-0.05477712626865019,0.1702022400690092,0.3187728349898913,0.09441625144916381,-0.03236026519948173,-0.2823419273704603,-0.2599841939632802,0.5299830992550216,-0.27687586328421726,0.11865072901477838,-0.14425253662814144,-0.3539192454638934,-0.24439298363651474,-0.09899092204877116,0.0584534607906916,0.061397637681924584,-0.024556936271747952,0.38160445510513,-0.2674257793583941,0.11803262619676708,0.01709313341553456,-0.0018536416581015744
40.2,-0.02068758937694499,0.3472335359181947,0.06068271816209711,0.2919115753321023,0.01356321742988902,0.00612119851411824,0.2816751810416549,-0.03822791485447085,0.05402212069868558,-0.2768866506905868,-0.055755233585406946,0.1674383541895648,0.3181474363298449,0.08609082692777925,-0.025637329486521032,-0.288824381756629,-0.2696392544759555,0.523869983218351,-0.28231181328034693,0.10372933718206914,-0.15057933757012182,-0.35975813440121734,-0.24929524291581032,-0.11020344323658567,0.04114878026957149,0.06420989587972768,-0.031224969086112237,0.37485634577216215,-0.27478435931687395,0.11492669479268038,0.024729237440478908,-0.010449823921776664
40.3,-0.025433265372526923,0.3375655797868486,0.061908209621131,0.2967446516101197,0.009453258474326973,0.002949412741188857,0.28316766822680894,-0.03782975745296914,0.055565955716262126,-0.28553459630906286,-0.04530525510360623,0.16985861547863557,0.32408682444092496,0.08403606368385948,-0.0217034167737094,-0.3006233057815801,-0.2767849842106603,0.5221303528172229,-0.29401551184082,0.09464639741399487,-0.14750862771176518,-0.360524479396725,-0.25278408052640094,-0.10749902368733688,0.04310584404298637,0.06064200407342257,-0.032622256147704476,0.3749445091380518,-0.2840632656606074,0.09219214256693511,0.022397859081896163,-0.016534407049835994
40.4,-0.03167935681001576,0.3337596403019036,0.06710352737942543,0.3005085446754719,0.005944989503339685,-0.008954568436359946,0.28955064021653676,-0.04761498216858504,0.054856841322217596,-0.28775862676088304,-0.047450868694929926,0.16212262712897155,0.31827962321357267,0.07929112765151809,-0.024496633267263798,-0.3087670421798122,-0.291161111550799,0.5436340479945861,-0.2838622952711762,0.07651123050669871,-0.15258001652631897,-0.3656082411707253,-0.25776355055907524,-0.1197833421892193,0.04571893989228886,0.05740157465134781,-0.03299544454999005,0.37286586651031345,-0.27841967800919004,0.0790586733533025,0.01765236627942712,-0.025071602351059017
40.5,-0.035770045888943475,0.33340034142004016,0.0726239783935328,0.298271450625534,-0.00281784966383969,-0.0018035984453214154,0.2885433755388124,-0.05451629923075107,0.05929821660677309,-0.28332338856765765,-0.04412212028831338,0.16132963216020585,0.3247420048604532,0.07739225635623391,-0.014210015440564897,-0.3141706488272755,-0.2964473498118595,0.5431429339798622,-0.2936877341488215,0.061900668451016154,-0.15070560895230867,-0.3623643157853026,-0.25871355982814565,-0.13335864157017993,0.05811665069645344,0.0542873819652877,-0.03519620675145014,0.36287249676670275,-0.29739173025598103,0.058907932822158865,0.01663156388761381,-0.036839603632360336
40.6,-0.03887575683261844,0.32274519695804205,0.08123893879296,0.30346592736148964,-0.010090002888068543,-0.008046475060112475,0.2942474365044374,-0.06093006859627028,0.06069917077917969,-0.28305976774868674,-0.04587840378251798,0.1610151279095956,0.31254690324874346,0.07318969423459033,-0.006150153471590877,-0.32265971621727246,-0.3031570895593026,0.5275120343587436,-0.3045434211435533,0.05084848558075166,-0.15506574636367587,-0.36473586884560794,-0.2757608222330466,-0.1448497915545519,0.053685118182998315,0.05588328029764318,-0.03942597116387562,0.37110258010605796,-0.2972971024365702,0.045026576053137125,0.018471602311212428,-0.04244588944743518
40.7,-0.035195813349062646,0.3199579540464728,0.08705944942583872,0.30047296741902085,-0.015201106521138825,-0.007905338133399697,0.2999898919113389,-0.06403048037126119,0.06051802889681341,-0.28042105474490425,-0.048370761269293905,0.1613442065888963,0.3185313358537684,0.06513672459934826,-0.008924023441160276,-0.32447998600326694,-0.30446096235477116,0.5415604833417531,-0.3107458462358255,0.053335834130726636,-0.16041710465072961,-0.37352387458665437,-0.27133296845083354,-0.1648613582139325,0.05923057177691838,0.06212450708625453,-0.037161217913079324,0.3681320727057371,-0.30332438795059613,0.03589781783893749,0.001540668729470229,-0.04362619240813356
40.8,-0.048859483570784464,0.3104845747027722,0.08492972935699512,0.29595019027436076,-0.018147397408830465,-0.01292234370465976,0.282766572229366,-0.06666852473308575,0.0752663203317157,-0.27335680962738496,-0.043347857997370585,0.1592412277723023,0.30199478501691573,0.07005352590043555,-0.008110554488005984,-0.33056063105131006,-0.3171484645876004,0.5553276489781374,-0.3207122876099953,0.06500376351543459,-0.1592045635524169,-0.3788955223912498,-0.26519703777767417,-0.1595924987719979,0.04012718411534095,0.04949767578427235,-0.03517562979982941,0.3639110830804715,-0.3023264533454781,0.023964941389593892,0.006929885575067936,-0.05858762827160377
40.9,-0.04843239730336214,0.3087935472258709,0.08242902012379019,0.2878361789617103,-0.024972214430215346,-0.01190249240959465,0.2804959513007566,-0.07286550410268067,0.07390336797525447,-0.2721829807841271,-0.04399011468602083,0.15608474868432032,0.29672038532892975,0.061424438192147574,-0.009168498765892517,-0.33442269823821924,-0.33143197807040625,0.5651095622975542,-0.32061925868936486,0.06014324590837798,-0.16967485622799564,-0.37959672950705575,-0.26322578344400777,-0.15609173277937524,0.041408921836413023,0.05172061225238435,-0.03227073860096018,0.366174693504998,-0.30268997089690935,0.02795049218289929,-0.0011380815589208605,-0.06711993022823357
41.0,-0.05854883917159232,0.2924727352222291,0.08567535764334137,0.2874295933951814,-0.019418995381229678,-0.017072879813808287,0.2749366596975323,-0.0677765239063197,0.0773036383098078,-0.26485865527926494,-0.04445238763527436,0.1600576201481351,0.2905505139147903,0.07501379364030984,-0.010922896418408136,-0.3440768177939227,-0.34356908164440036,0.5754330486162043,-0.31584593399818417,0.032119192994649624,-0.16544149228831473,-0.3780098846485668,-0.2644869548743194,-0.16027024924872624,0.04547429401504937,0.04858790381442341,-0.03356151527618143,0.36044779844252145,-0.30586250734933806,0.022424452320719043,-0.008211952294450623,-0.08385059049002332
41.1,-0.05110028086626572,0.29870829841342805,0.09082383028753832,0.2842294072672757,-0.023426105138208746,-0.024835213571179602,0.2743831133425763,-0.0789268186922191,0.07678383854703431,-0.2557347352221233,-0.04257955349004201,0.14958922010737907,0.2898277779557089,0.06988363110455043,-0.016196368253191387,-0.3381444612990085,-0.3513374260687757,0.5842358477369871,-0.32046748002739656,0.03605408843981107,-0.16948792208492283,-0.3699966529729609,-0.2692628369114534,-0.14549034459585597,0.039786235061285695,0.051059523065102176,-0.03501937265435363,0.34865116975311883,-0.30849809555656243,0.01297224895281778,-0.016051695768272083,-0.0872946172840825
41.2,-0.06224625208729397,0.2950375397729104,0.09878562137095395,0.2808790001924601,-0.02615328014088207,-0.027567089848729798,0.2751103852983191,-0.07771870126639616,0.08032737776369854,-0.2551864729982283,-0.03746119293383959,0.14319164846782426,0.3033229596942168,0.07067900218677069,-0.02297718905934091,-0.34165176825235377,-0.366009955044431,0.5878395872632715,-0.3256793719925663,0.02605919531140406,-0.16882080498411767,-0.3828217398743284,-0.26576783388515035,-0.13933210520032116,0.03896864711453905,0.049373910970061115,-0.040904421371897225,0.3502540392950198,-0.31346736879552567,0.00726402425010285,-0.016030789305325324,-0.08593990875956474
41.3,-0.058990710194861885,0.30667954469634534,0.09898330867185755,0.2729030202630011,-0.024106058755842322,-0.032456364944867144,0.268190094617539,-0.08409912082930328,0.06472514604631974,-0.25080971180274336,-0.04339103859512827,0.13551821296996497,0.31325851864339443,0.058285757271728945,-0.02808755040217754,-0.3393465483494274,-0.37487495382870406,0.5957101676311216,-0.3278664250126183,0.018007627776897062,-0.1667729388435307,-0.3921174344249991,-0.2716164613326255,-0.13900527469655993,0.04022102670869799,0.047242064206964945,-0.047251551197547564,0.3443453190544932,-0.3107364272199198,0.00526381588146929,-0.021025932813165685,-0.08624622541954624
41.4,-0.07282708942545843,0.3002498378183923,0.09789801757206136,0.2678779719731655,-0.03152684477641976,-0.031035769803241846,0.2709201216549006,-0.08178644757189481,0.07305554599361096,-0.2430948343031287,-0.039121465078422867,0.13908142935988038,0.3283293933582477,0.05832957802356774,-0.03260303802968081,-0.33511600544478565,-0.3835493204496903,0.5979614113396858,-0.3109527358419828,0.005076473088731594,-0.1718263242506429,-0.3857198081964422,-0.2808674224425762,-0.13838354971079053,0.04327318617252399,0.04948193978393144,-0.04946315426052846,0.34114374005007575,-0.31526515964753193,0.000515917106989235,-0.028106171699643936,-0.0819577953411634
41.5,-0.07096310704610924,0.3085879129405338,0.10071818945348575,0.26479316888135535,-0.02932731022751038,-0.050131802080634565,0.26359881196868556,-0.09069292087960967,0.07122281609342597,-0.23757306208948636,-0.04265375062870763,0.128179807213924,0.31274834855735434,0.0504281235144668,-0.034356076793266896,-0.3291597904218249,-0.3936555117150623,0.5982448797582367,-0.3168984737455542,-0.009656501515069261,-0.18289215788987007,-0.3846374033866531,-0.28342820687919834,-0.14145118736333342,0.04553562865219495,0.043362150847855455,-0.05222290886642042,0.33001701802076977,-0.3064557207065933,-0.0009135572044249798,-0.030275201967489535,-0.07905567315269943
41.6,-0.08182922299340105,0.30679262213588293,0.10175354961117625,0.27004567643385713,-0.02512962820288185,-0.04597983336423756,0.2719730390856693,-0.09279281558147616,0.07707342390620062,-0.22935155600834464,-0.037424515623916195,0.12185325971228463,0.31251791303381193,0.05032971555678538,-0.04174341281878044,-0.33367204352612656,-0.4056180112216961,0.6060028850551695,-0.31357242940739,-0.019634538539310954,-0.19083436963273953,-0.3801326902308186,-0.2874916235997143,-0.14581545789345024,0.04834754967055144,0.0440070987922194,-0.053915275624534235,0.3376637884439132,-0.31490873076816994,-0.000626436866486055,-0.025477212977320914,-0.07503589154747412
41.7,-0.08020285791875022,0.31425841844316166,0.10034974919488104,0.2688874531646371,-0.020392422970865628,-0.05319420307747677,0.2671400472542652,-0.09696267051694324,0.07183235353594944,-0.22579897478577216,-0.03782322724029696,0.11819875105501458,0.31745378222564097,0.04404123105833573,-0.047482217099114085,-0.3412566063986432,-0.412825393230149,0.6095522386666828,-0.3080582945739535,-0.025486783854239997,-0.19728479405947086,-0.3796795229627481,-0.29378122797551687,-0.1495444408274245,0.0455871588273305,0.04136585248884391,-0.0548818207279816,0.3303508468978091,-0.30750553861359897,0.002813209429279532,-0.017917684429302937,-0.07050934260656241
41.8,-0.08835873100192233,0.3155768440977783,0.10142886409307474,0.2742608474755083,-0.02136806771520021,-0.05382684841488135,0.2688896909704822,-0.10534016619765782,0.06825731912573414,-0.2166491460396051,-0.033749790065799,0.1037249846203935,0.3122570664453528,0.040509556242846474,-0.05724325168960947,-0.34433091990471376,-0.39274138319680774,0.6224317963233607,-0.31128229516759326,-0.03325148692798511,-0.20131207319141242,-0.38247126053667224,-0.29963659445108115,-0.14503822531508515,0.04421998619262739,0.02765757929652897,-0.05366023893974253,0.3227182604726167,-0.307980796982453,-0.00023108742192736064,-0.01955567188985361,-0.07054921479951222
41.9,-0.08018528421051872,0.31882071376775833,0.09535549454241629,0.2693917212101105,-0.011167192474634206,-0.05769157762131466,0.2656135678640847,-0.11159417397064604,0.07274900922676482,-0.2149466998251812,-0.03898824438086598,0.10388354838238134,0.30838854163020557,0.041489740223065716,-0.057269863097755815,-0.3459357876044194,-0.4120143261650334,0.6180655746202495,-0.3131864469313461,-0.038245091450583794,-0.19698428003121124,-0.37917880130307635,-0.3020591771267501,-0.14515913020076998,0.03331081358176123,0.02133274910108771,-0.05532797345170671,0.31724985498502734,-0.2973528014313779,-0.002519547257520642,-0.019111649041224334,-0.07061432202857651
42.0,-0.0882915052939082,0.32712839964401785,0.09225751128047328,0.25999475641215236,-0.007086956800761534,-0.06397617732539833,0.2771709111247075,-0.11023367036112158,0.07975168689845899,-0.21042934270108649,-0.04523365186193604,0.10918042002238007,0.3085799721686272,0.030322850611995807,-0.0599991497955332,-0.3474520836758413,-0.4136601114169611,0.6195666908119727,-0.3217892479715352,-0.04561302555083432,-0.2030601955696374,-0.38302651169649526,-0.31161361467578086,-0.15483387621594122,0.03542236248230113,0.01074994400788349,-0.05693762359474177,0.31009034483828546,-0.2938546140745476,-0.013066912961412328,-0.016663193264232132,-0.05797349764642465
42.1,-0.0994751371968051,0.32813813784982143,0.08940060188915776,0.2646176032494023,0.0033998358163229545,-0.06907128816077006,0.2795280628374885,-0.11008582539369476,0.07619683815952023,-0.20274418700724942,-0.048062942412184645,0.12427031807823109,0.3080451087443727,0.03079211855201116,-0.06942846955985382,-0.3552897386518605,-0.42565815520698713,0.6189992748649366,-0.33065318255316123,-0.05301505552403859,-0.22579675376462,-0.3856568379895659,-0.3267135275991932,-0.16023825861493513,0.041943804433525606,0.007110809556050146,-0.054790075385079205,0.3030147938574257,-0.2839200975399468,-0.0137317657848294,-0.013714568563681239,-0.05824550400480497
42.2,-0.11412935544248505,0.334344142919696,0.08625493435415187,0.2563170061134873,0.002440586231588639,-0.07230577704944423,0.28625661700193317,-0.10752182043614736,0.07572671469098236,-0.19928964103155203,-0.058609928070468456,0.13092912644170468,0.3092233407355547,0.013405492428150213,-0.0771043766345869,-0.3553458880894743,-0.44151298591116883,0.6199375372516889,-0.3354346145047222,-0.060607064806381054,-0.21150120399525063,-0.39392549223390166,-0.3349284257561097,-0.17090457826708721,0.03308708964835776,0.00424136682094777,-0.0563481658211501,0.29787249692311757,-0.2795373162565542,-0.009073447065644004,-0.008538237806912284,-0.0589892781431062
42.3,-0.11435772959256635,0.32771359249377247,0.07481350488806839,0.26147283674714134,0.008881346496360305,-0.07865808917166292,0.29638959252087527,-0.1015422310286753,0.0789007322304149,-0.19720973296466943,-0.06298953356530729,0.14709230975546544,0.30727864335375665,0.015777211823787704,-0.08370012195273865,-0.36195562638044226,-0.44698699137618797,0.6130447090287217,-0.3412745269129689,-0.07235518234201199,-0.21290711141355737,-0.3885817960984533,-0.3444301890881006,-0.1798955876017299,0.03765634600130756,0.0044900596149342956,-0.05834412704233826,0.29489095051108954,-0.2885720284378131,-0.011132240217503893,-0.006511040113773965,-0.05823643335855207
42.4,-0.11474088266090524,0.33814269086612486,0.07435649783916884,0.25817681568165246,0.012436690690266749,-0.0830147585021556,0.30345022933706084,-0.09565220599861389,0.07321757853073714,-0.1917724524921995,-0.06889545274740436,0.14979390975636744,0.316796649655682,0.00963200015488755,-0.09024901618532614,-0.3668722638858965,-0.45320564815806463,0.6160894719685821,-0.34747727175429616,-0.07831312508851246,-0.2134483558313452,-0.3917801044735153,-0.35162698834038086,-0.17921195962867728,0.030570253421087976,0.0023355656809504006,-0.0647074599574164,0.2943424640765334,-0.2965717876188127,-0.006825783760970692,-0.006705577552025743,-0.05291810571627949
42.5,-0.11602835333125303,0.32878511197750104,0.06234155511088832,0.2613891130971418,0.01458659448474048,-0.07122997678616515,0.30469006013232913,-0.08413836260381732,0.07196482846540195,-0.1835530338672988,-0.06998462600938499,0.15801939070974513,0.3200602405366742,0.013642569472979428,-0.08980549784549983,-0.38050169486553437,-0.46544911342903794,0.6163131061392781,-0.3577676825724937,-0.08803061537323871,-0.22266868201445145,-0.3861017611424404,-0.36403028769359436,-0.18274606990154013,0.024442617324057288,-0.00029196674172479677,-0.0708853018953332,0.2889637957379805,-0.303107174620543,-0.0054050304518292736,0.0007313062888526632,-0.053858911027864755
42.6,-0.11172783652083426,0.33257852281147104,0.06540180565924122,0.25219946820362865,0.007023304615224647,-0.08113783756582461,0.3106007300298461,-0.08125131281396218,0.06951881482833355,-0.18055381739304605,-0.08669932865085862,0.1522312808237329,0.3047988995457614,0.01165683416182876,-0.08554921130435317,-0.38688306492118596,-0.4807580172851867,0.6085601817102126,-0.3590217115865867,-0.09693316058375623,-0.2327442208417026,-0.38621418371293126,-0.37545424870560945,-0.19314225704061214,0.018376445001863938,-0.0039446239242726675,-0.07301428459267217,0.28904614649963584,-0.3173569845349378,0.0020893520367845078,0.00186511035779942,-0.06715825423213063
42.7,-0.11969665626025361,0.32815263567285374,0.06370490551269568,0.26389231143360353,-0.003986233479416764,-0.0829405037545674,0.316487734223994,-0.08453191012217928,0.07255590998079382,-0.17632774705143348,-0.0838098155428428,0.15314895357063593,0.3198729514456163,0.017203575764777847,-0.08020321407366204,-0.39403856731499887,-0.4894688477854391,0.6041246253310137,-0.36994963086587734,-0.11050954994011304,-0.22980940107399397,-0.39275904776303805,-0.3864588072454399,-0.20360624764344695,0.01735083482185716,-0.005443580126641472,-0.06702034221646162,0.27630115824212725,-0.32680162152303643,0.015304147880196625,-0.005014007442442538,-0.07050884900170737
42.8,-0.12358729159579757,0.3337069430302782,0.06218327983878839,0.26850949841879324,-0.01006188568079104,-0.0839956318804887,0.3192909497974891,-0.0837895984989451,0.07593008651585441,-0.16985048715761603,-0.08813754029326262,0.17073770263839946,0.3222832879867777,0.01202148614625059,-0.07726145966626381,-0.3973740646178467,-0.4919231572951392,0.5958408666367724,-0.3716931207735401,-0.12303491936610658,-0.2428240081903199,-0.40125734739890667,-0.39939328740820706,-0.2054987381606904,0.007832037326250273,-0.026100579866773672,-0.07258920579956117,0.26614592345361837,-0.3305640281549624,0.014086966175013612,-0.0006900763097857184,-0.07052116827840599
42.9,-0.13545782907828557,0.32759033274165367,0.06315215373027196,0.2715490350128439,-0.017944963645689975,-0.07859504886205321,0.330010267876446,-0.08724092994267992,0.0833374777248104,-0.162105057416981,-0.1031645539447069,0.17086946199134348,0.3308243867814899,0.016120329658879478,-0.08488974762996718,-0.4035555052068893,-0.5008367597542421,0.5841267552609812,-0.3743413692320034,-0.13517149679886933,-0.24557496501295584,-0.40883292422303247,-0.4081937904116028,-0.208681940742686,0.00024794051348011367,-0.025571713263294934,-0.06632463456654805,0.24266364909559468,-0.3359846212754902,0.013090340593586373,0.009279828888990534,-0.0710043375817912
43.0,-0.13042342741018426,0.33226614463818316,0.056398303616447154,0.27640742534031204,-0.010509390250981175,-0.08396117410951462,0.33576279929136793,-0.08734049252282274,0.07731560003999892,-0.1683394162141376,-0.11836453606864887,0.1892441616371484,0.3279882413537043,0.0139963782837799,-0.08135144282753903,-0.4080693306714419,-0.5036080832302338,0.5777260530580849,-0.37646995347636986,-0.1494106416168981,-0.24269655358253414,-0.4221863272137375,-0.4172439945520779,-0.21687785781564628,-0.01023115471460917,-0.032033169633459695,-0.08339295024867592,0.25542947203457744,-0.35045670026626796,0.013750595794530293,0.003226485210270628,-0.07666587680644583
43.1,-0.13797112598114797,0.33080346019769746,0.05663518810454223,0.27726263543279867,-0.01361757564441585,-0.08390176200631334,0.3426163826010151,-0.08811673039283631,0.08100230306664104,-0.1759585910912431,-0.12380333047916692,0.1998993731016501,0.33640251440999336,0.012587298403195706,-0.07555753661293294,-0.40735586905291,-0.5116485373832456,0.5858523862646555,-0.3820567462317343,-0.1580778184597447,-0.24841576931275305,-0.43109136951630406,-0.4209813773311647,-0.21446945563803463,-0.0160342621037369,-0.03391871233636431,-0.08992679592452199,0.26287438214205083,-0.3605367889375437,0.018959810263425064,-0.0036430901736418334,-0.08775311520007326
43.2,-0.12593092443475934,0.32331732365810273,0.049592988120358464,0.2863696860795828,-0.01428042144663399,-0.08559118929243759,0.3406845894299806,-0.09550566166412763,0.08177496524935772,-0.17447996725938522,-0.11840819876173206,0.20292213567204834,0.33588714013672416,0.015374830032015629,-0.07773253894594283,-0.4136391777677885,-0.5173173796484548,0.5872298035922552,-0.3949021248410291,-0.16385540132231424,-0.24948059175029863,-0.4294265707733415,-0.43345439747347964,-0.22932872914376629,-0.004939087834703228,-0.040418005577304274,-0.09992874408575386,0.2623652536351174,-0.35907676152081164,0.00775881466670309,-0.013327157786532338,-0.09251261610840242
43.3,-0.14043801015591834,0.3240212103337145,0.05346025034717932,0.2835506204198858,-0.010072910993043865,-0.08255032829131492,0.3387187437889116,-0.09237747936547548,0.09084758000868691,-0.17576742649489113,-0.11266705536257592,0.2077655884159231,0.3379589803973104,0.008607471312937412,-0.07827472607236145,-0.4039382464430316,-0.5268137172331298,0.5933257295895642,-0.3963716815624783,-0.17763136680599434,-0.2556572954818287,-0.4396897086053777,-0.4481769436812957,-0.22722989991118214,-0.006794396016190028,-0.05067665005010414,-0.10020404989093373,0.25451314839578226,-0.3589286120147533,0.015835349250149455,-0.026680734894879786,-0.10293990879429565
43.4,-0.14163011964246644,0.3206524491757951,0.0547825169957699,0.2888231597085672,-0.013284641567798698,-0.07736049782736797,0.3363157590394895,-0.09792643082500348,0.08881226961805062,-0.1751068669689619,-0.10853869669572208,0.22220811864532247,0.33011905109960993,0.014058646376612595,-0.07057415666356762,-0.4087634695584649,-0.5342445573371637,0.580356706964344,-0.39911260284156336,-0.18724991962815035,-0.25967430083184534,-0.44680125756873046,-0.4547724979816572,-0.22814429838412112,-0.0061973794815587836,-0.049603102638662334,-0.09702277387050087,0.2527187267581923,-0.36717193769764517,0.011384410284591629,-0.016137840234269684,-0.10787602641547031
43.5,-0.17626182367328042,0.3169576178860637,0.053288068296067144,0.29091918771725006,-0.0186302860733635,-0.08538817458269835,0.3494726975648717,-0.09512123217864143,0.09449311855779852,-0.18994942823234282,-0.10491599075476023,0.22065079075888078,0.32937343197614655,0.0030613080886840315,-0.07394950094169513,-0.4079264179504689,-0.5399829813019935,0.5675189436347664,-0.40735895137456596,-0.20596654607258838,-0.27007214666545143,-0.4623883543205468,-0.4452176621620876,-0.23052871645243259,-0.007275926094911713,-0.05306238152081094,-0.09235237994319524,0.2642047512637466,-0.376100347221966,0.00658719576485731,-0.012491282021705557,-0.11175608379656117
43.6,-0.17435013947836442,0.306757724360308,0.04990221435646422,0.2925052512335696,-0.00991692797259098,-0.07389430794350471,0.34132554123167347,-0.08835867885404014,0.09304785502448126,-0.18749706044207154,-0.09779369035558087,0.22808459028829872,0.32538853454690236,0.008396042133225782,-0.0785887381661526,-0.41312246259392454,-0.5511728556058548,0.5732934203417274,-0.40549471649412194,-0.2070346312871639,-0.28001569620237476,-0.47041105359812274,-0.43273343175652207,-0.23852894157153354,0.0014089150264276653,-0.059369991435400594,-0.0873678862128967,0.24915643846433935,-0.38265840477886826,0.00024357368694721582,-0.01634570437925864,-0.11967160592201254
43.7,-0.18744815062888623,0.3122667460192224,0.05042929200698786,0.29010188697191736,-0.020719021779835728,-0.0765178361548359,0.3293645624825562,-0.09490091970412447,0.09570980752110925,-0.1764147004355649,-0.09871092133790703,0.22405682233034915,0.31927137141674694,0.0076671865908524185,-0.07009852101697642,-0.4102295693310732,-0.5602698917535069,0.569484205531185,-0.40076664679157714,-0.21109455249775924,-0.28315563794692666,-0.4743854029434459,-0.43513869753054063,-0.22429136000095617,0.005644801466629796,-0.07055277216923102,-0.08652132118720535,0.24587578607589874,-0.3823271629301632,-0.005169731766757381,-0.017095664510202772,-0.13246568880181378
43.8,-0.18220042131047132,0.3093963642466983,0.05022122441286242,0.2915299472836576,-0.031622380947766496,-0.061281361122555555,0.3274158032859224,-0.09778080407459823,0.0835615997647189,-0.1611332537850269,-0.0954504371050075,0.23204740757702533,0.3259976701878703,0.011663410535368998,-0.06840128432919142,-0.4111768741060693,-0.5626217717510531,0.570432510865109,-0.3951808836650118,-0.21796109621835913,-0.29031608582073926,-0.48882187985653525,-0.4393085280862961,-0.23188788228338547,0.011590922858884873,-0.05948843252761974,-0.08417203092497935,0.2370090647807109,-0.3817678347307738,-0.010257809125706733,-0.023000277385836015,-0.141200138780072
43.9,-0.1771926101192522,0.31034053886574603,0.059901205003151756,0.2967250268586977,-0.03613397202364038,-0.06649710838812292,0.3150505445835109,-0.09924262543078248,0.0833252073861915,-0.15040156853818812,-0.09402200682415478,0.22208761680252134,0.332339841544285,0.01851358675687534,-0.06787224169419759,-0.4087077925515946,-0.5667494868609244,0.5674138432101877,-0.3988228278543697,-0.22632105698163482,-0.28862662688502366,-0.4768102883844106,-0.4420920172351014,-0.2392814236347384,0.0072514082502248495,-0.059919816528500876,-0.08264561482394428,0.2291466098929979,-0.3834988690790202,-0.015783857852453967,-0.023903916978189065,-0.1327260650561254
44.0,-0.1692179248329222,0.31627627488732996,0.06357809880047109,0.3012618209848947,-0.02782684148767745,-0.058749470053355554,0.3077595793933104,-0.09675400545405097,0.08394936479887306,-0.1396042339015867,-0.08327539243060135,0.21802679105013217,0.33492113008388746,0.01818215500029558,-0.07123717116889489,-0.40063730076302595,-0.5704735770315549,0.5632002467441959,-0.3971542683198216,-0.21490542058000783,-0.29695729256729425,-0.4756190537087192,-0.44318212204706636,-0.24666619120497374,-0.0006985250503395581,-0.0574828199145844,-0.08285116898864926,0.2306401872441457,-0.39147630935323746,-0.020568832697110833,-0.02713530848226736,-0.12079820314611482
44.1,-0.17487177671961598,0.320515985527775,0.06610455952392157,0.30272337308696307,-0.020247323959816918,-0.05425617876557135,0.30049373010793007,-0.09711062061465003,0.09658586279730143,-0.1399222219571758,-0.08325967072370875,0.21408138287740083,0.33626025530391734,0.020086646447836604,-0.06636115446232331,-0.39321153777058676,-0.5737907222643058,0.5594172037935263,-0.3976996945968648,-0.2250642461808717,-0.3004358079122781,-0.47999779508873125,-0.4433483764415412,-0.2559367980657606,7.884099984674691e-05,-0.06041196932323014,-0.09051127835192156,0.23154324029937162,-0.39382495661332656,-0.032589865230640475,-0.030000124552864146,-0.1237864062873665
44.2,-0.16649385144022918,0.32809456134053583,0.06769425917543677,0.30501443208054885,-0.013919707000828865,-0.045805007874902486,0.30037592355242704,-0.09074521978296715,0.10114156893738793,-0.14228515267340322,-0.08118548882763403,0.2116663949460689,0.3368347399273062,0.029979330306879978,-0.06056255735981268,-0.386492077724244,-0.5774453904976672,0.5617581819293809,-0.3916631026011415,-0.2355630571387772,-0.3000893166172301,-0.4825483277624118,-0.4494930884647516,-0.2548335064834689,0.005028221948569607,-0.060414494478191534,-0.08056216951910884,0.23311890469211868,-0.39359800169418413,-0.04501286353744262,-0.03604160951561977,-0.1269160682190532
44.3,-0.17418845417019144,0.3252005920518336,0.07609641207755363,0.3100006871494191,-0.01736680854978163,-0.045025050459859474,0.3005933649096338,-0.09358357383851697,0.11166118730000282,-0.14328037749656228,-0.08177319043278598,0.20132713435085958,0.3324421208407979,0.04435812272799595,-0.05702095399962417,-0.3805080986493977,-0.580432028221746,0.5601426593627419,-0.3862492757232098,-0.24586630083243838,-0.30906218155090887,-0.47810635455729283,-0.4523591673102589,-0.25781897131218473,-0.0067978080643924035,-0.058417025673683606,-0.07231754380993329,0.2310106857786108,-0.39990783548771835,-0.05112275447472546,-0.03582740655638361,-0.12668085175609475
44.4,-0.16320585088959888,0.3269865115949485,0.07940103417319457,0.30260543015832375,0.0021168697015463474,-0.04518182704550004,0.30099012668506636,-0.09563025638762279,0.09926975993629544,-0.15146491493391342,-0.08225594485438732,0.17255334764510724,0.32640621502033645,0.04125262823553873,-0.06456392455141138,-0.3808301772320046,-0.583400277098426,0.5596063611188714,-0.40107158755947175,-0.2538132690063406,-0.3120230125187299,-0.48561659371612154,-0.455177277834436,-0.2597246444197199,-0.015051338419298562,-0.06008329000478453,-0.06083847176694021,0.2232585623162645,-0.39926143367761613,-0.05025363612671994,-0.03974977337712589,-0.1312647490934457
44.5,-0.16792634438366344,0.32223323350855465,0.07936011850214769,0.3098976440866277,0.0030600804084483925,-0.03425578937448267,0.30000158896524237,-0.09500016252089272,0.0880675920184576,-0.14911259946994812,-0.08275649097833553,0.1580725484630659,0.31894736703332105,0.050201556643095946,-0.0754791815267101,-0.38811541146510703,-0.579311249097325,0.5532876912746879,-0.4066255808856164,-0.2556069665916252,-0.31824847586755084,-0.49386448623476165,-0.44712287777424736,-0.25868000448373746,-0.022898112282100324,-0.05533993305728187,-0.05876404369010918,0.2217426459670081,-0.40687674002148017,-0.0510103391454958,-0.040849888188967606,-0.1297911917479554
44.6,-0.16726800516271237,0.3251798828415731,0.07776739325816945,0.31309940137960124,0.002118670800327899,-0.029203739443536436,0.296146392278299,-0.0947238048353723,0.07592946456996626,-0.15793683864173416,-0.09414482780354513,0.1462901095388337,0.3188061108801756,0.04848505294572559,-0.06724801270340809,-0.39730535487636975,-0.5703598195657319,0.5548291733197135,-0.4155949643756644,-0.2591416912912451,-0.3149041664299143,-0.49381749715155504,-0.4492895655756167,-0.26396676832514887,-0.03597928980266254,-0.060015284137590864,-0.05765365214138847,0.2226547858100343,-0.3944279261012332,-0.05183855957134738,-0.04586824057582865,-0.12927170462150994
44.7,-0.16037224167861988,0.3241095239081349,0.07876870695954052,0.3220085531864655,0.011561617176692249,-0.01777780306669505,0.29851158512534337,-0.08870240912775781,0.06174903058714236,-0.16490471982820573,-0.10715969496661187,0.13967054837400283,0.30374620977785877,0.06085683640951489,-0.07084211097954543,-0.4010834615002544,-0.5718806313380862,0.5491372210111692,-0.44855994037730645,-0.2620839384348833,-0.3176882494270702,-0.4945145587708667,-0.4491926943291036,-0.271643314477225,-0.02802860931200046,-0.06546357876929765,-0.05664162286590195,0.22439426678081814,-0.39620020635363673,-0.05962442018408016,-0.04379448086945948,-0.12541218025089876
44.8,-0.15516484302095934,0.32531122053402656,0.08138234055605006,0.31527525923835437,0.012946449222615586,-0.025975473891555773,0.29563808209125453,-0.08878828644206664,0.05516847353189139,-0.16789103390670496,-0.11744451857655852,0.15986992272704417,0.2998448738595602,0.057507980269213985,-0.06999333274159689,-0.4035056542547548,-0.5824622437870338,0.5376490565816089,-0.4344376618817909,-0.26756897320542683,-0.3201786969327208,-0.4918144247728981,-0.449677737433509,-0.2771788719600981,-0.030628532825439793,-0.07203095970043402,-0.06161223033894865,0.22251857934269828,-0.3977840497463182,-0.06938920726575588,-0.050019305952925926,-0.1211936625937831
44.9,-0.15378788898130102,0.3126331967526408,0.09212706379074082,0.3182558404224476,0.01648718746224478,-0.02592843891747351,0.2976094242946188,-0.08324049430790534,0.04979800329298881,-0.16109190318640462,-0.12557363906547442,0.17936808494006345,0.29923899973346857,0.05823271073378067,-0.0692194219847669,-0.40748495995179923,-0.5782083838431711,0.5290283424977135,-0.43787873661858656,-0.2674167375942036,-0.3259634039799443,-0.49532501251622607,-0.45275924553710384,-0.28820859550569816,-0.03583420174886476,-0.07731411825169159,-0.06505898914272402,0.2231690407578427,-0.40350032129728164,-0.07268141221979828,-0.06052078206390022,-0.11542448267592835
45.0,-0.1629143942521849,0.31442769481755833,0.09817312832865147,0.3215913940934514,0.021187776901229954,-0.029839120667709412,0.29180345771889005,-0.08857399224964933,0.04133597316977784,-0.1610748801894989,-0.1300798993898199,0.1900851007912104,0.29404215209394363,0.06647441617771273,-0.07770337576793715,-0.39954145166578253,-0.5988944880426719,0.5150255436288159,-0.45062366095934664,-0.2725618841551412,-0.3325162294024896,-0.4970219254401699,-0.45365048188158374,-0.29117170267965237,-0.04848857698061346,-0.06984452944123136,-0.06567412264176266,0.23001879666707373,-0.408220925357094,-0.07734975577975556,-0.06866853601881825,-0.11881852799631325
45.1,-0.15684997135352777,0.3072227137460362,0.10338452903088993,0.3240942351592008,0.027287223581082685,-0.031076698088042195,0.29474894984257116,-0.08338068417732936,0.029344491676884875,-0.16008134716148548,-0.13256791207388233,0.18938517547948958,0.29321821197476194,0.06860086029331601,-0.0813800708413791,-0.40367699960731046,-0.6010401108296543,0.5064828560958767,-0.4613507679368348,-0.28982301666805715,-0.3166713022991741,-0.49385791342505275,-0.4460560215135541,-0.2915338903836751,-0.0616764108870742,-0.07724548743692365,-0.06668148119169219,0.23272662210641237,-0.41734021576268343,-0.08730593518000881,-0.08089888032549476,-0.11199488262206397
45.2,-0.14875639435131197,0.3064148720998367,0.10373030049031952,0.3233827478436736,0.0281341899141295,-0.044707012817359115,0.28651600144267236,-0.0948596894150484,0.02722865721286155,-0.15880693627856793,-0.14765475493120264,0.19307067021245816,0.28716177163529305,0.0816687939152487,-0.07669032498348924,-0.4100022492877462,-0.5953036705511694,0.4938791604930793,-0.4686487244946527,-0.292752806507646,-0.33454918565372277,-0.49426046991666794,-0.4415785066169007,-0.28626834792419986,-0.05618438526790588,-0.08195953243331978,-0.05660326782607218,0.2203320639176457,-0.4251570763055074,-0.09483547103609384,-0.08830156201986925,-0.1088101398920331
45.3,-0.13921684957683017,0.30198783066479284,0.09907807276901541,0.3227518084551585,0.026444790648648988,-0.038489266260881845,0.2889376377700936,-0.09258891379921066,0.02336919561450386,-0.15664791797839744,-0.15270581605996014,0.19073297911080875,0.2884731862364469,0.0856872621975529,-0.0745606936616934,-0.4146536371791149,-0.5934242581882889,0.48652008657019064,-0.47502799017370295,-0.2977088703019547,-0.33494222716373495,-0.4938424273993609,-0.4447509365610951,-0.2848307389911839,-0.06321277179006847,-0.09713331171612787,-0.059153349817598164,0.2266469458354405,-0.4348930668048621,-0.09155978687302584,-0.09896503373393699,-0.10505238563306739
45.4,-0.14608420867456687,0.3030492527995392,0.09747054140432462,0.3235226504384049,0.02096593798399548,-0.043277969631175486,0.2772591346768478,-0.10234959983882509,0.03159227225089242,-0.16327943875655615,-0.1688862699596915,0.18390542448098068,0.28267856208442954,0.09823275764399386,-0.06665991624032351,-0.4244910904934892,-0.598650018523349,0.47561446432334736,-0.48437649987884757,-0.3098644648803308,-0.3419627429369703,-0.4960052954281433,-0.4538943531481687,-0.29552958553191744,-0.07377142347842536,-0.10914257324387369,-0.06289402895716645,0.2218036278410883,-0.4442854355263883,-0.09777772129704622,-0.10665770692005971,-0.10323924786846617
45.5,-0.13428903580586818,0.30696230520596957,0.08990612061949305,0.32615069626340204,0.013374975869309998,-0.0466007491991539,0.28271704016311955,-0.0991362444958877,0.03171961013348201,-0.166182137321304,-0.18965997112474134,0.19138109233107797,0.2874667815066418,0.09821277149264204,-0.06824207787894576,-0.4210015814352054,-0.595658207002378,0.46292946031082244,-0.4876969507339868,-0.31261641104579346,-0.34377297811307306,-0.496477942308374,-0.4466766977179352,-0.299705603726057,-0.08153888459943048,-0.11764711062245736,-0.06522745451678011,0.2243365942014165,-0.44828175324596137,-0.09869650172184463,-0.12265902762691734,-0.1019494885003872
45.6,-0.14781933051400306,0.30448830705304125,0.09420854502781897,0.33459156719558875,0.019544505779699767,-0.04851881231040415,0.28221609285244004,-0.09390101012040178,0.03822517294263581,-0.16794651184059323,-0.20146830581334776,0.19977551331773633,0.3010260224303044,0.10671412287830598,-0.05595515265107267,-0.42394526335170046,-0.5876789338005614,0.4554133979736883,-0.4923033435462194,-0.3258995284142748,-0.34304761582712245,-0.5006198860091394,-0.4460122123269674,-0.2919234989396424,-0.08725590670872592,-0.13194596083640303,-0.0636098952473151,0.21640752130016833,-0.4568524291827613,-0.09237108703648966,-0.13271004662616132,-0.09802805806945869
45.7,-0.1403154136791085,0.3123290934079865,0.09427209229672563,0.3245612269875399,0.025400980477989735,-0.06113431970137137,0.2832908469121804,-0.09273420676452357,0.03684133710158549,-0.16950606515184266,-0.21322471113527525,0.21349681455234965,0.3007043420826053,0.10132631784821287,-0.051604686275932496,-0.4237794165626763,-0.583263600583802,0.4519159692400596,-0.501450730074225,-0.33312082008227123,-0.3368447693129401,-0.5014941697733034,-0.4527490298387717,-0.2940248397710042,-0.10173707768577954,-0.14544035987941212,-0.07168238642187846,0.22054604892053287,-0.4559422847927605,-0.09500319146800178,-0.14141386371268522,-0.09725565332220025
45.8,-0.15124560026585343,0.3181114144872738,0.10104113517567702,0.3301091995426048,0.02373418628564946,-0.06432121459152967,0.27788660495557355,-0.08351767852153263,0.021028639243323457,-0.1732838392230628,-0.23755639202183415,0.22850355384050364,0.2965379307967547,0.10716609555460539,-0.0513234820399545,-0.43086986618530143,-0.5951972545963923,0.4490926535096882,-0.5077318675147643,-0.34093142956589895,-0.336658719973445,-0.5067875535088567,-0.45239098121359056,-0.301060613144012,-0.10993176838490767,-0.14410480799854591,-0.0770795504676479,0.22558596115407845,-0.45782355426013743,-0.0792980411574832,-0.1447088083554868,-0.10043582195455755
45.9,-0.14527656715755716,0.3319776134580381,0.10607763529570115,0.3238864961402825,0.023619768137302374,-0.06941047945966988,0.2785155766451638,-0.07844453031686192,0.013123597904486575,-0.17164322779739907,-0.2431137820397547,0.2547667089844141,0.29726844014135817,0.09832674590019135,-0.04168435529963169,-0.43139119736080733,-0.5932588333654332,0.44275984652763456,-0.5187901352199408,-0.34946332113431666,-0.3400326385231138,-0.5160862445777794,-0.4550525326036619,-0.31210882901649084,-0.12400191903763676,-0.1574273528762906,-0.08644190636429183,0.24708170199067234,-0.46541785988421924,-0.08021561376473435,-0.15447188561690484,-0.1033449426845638
46.0,-0.1754004965396279,0.3265933779720022,0.10706675328233176,0.3228179055492787,0.02922640275721499,-0.0641571276353219,0.27579189511677626,-0.06741576461670015,0.008391140919698874,-0.17380595418554892,-0.24016400577500183,0.26201066638446474,0.28996037185754825,0.09904972150593115,-0.032967152023413084,-0.447114678477252,-0.6039704299041725,0.43769309271350876,-0.5224537690968422,-0.35645631013777357,-0.34154527147855773,-0.5106605651577003,-0.44111002341749683,-0.3158212281962388,-0.12811841002755986,-0.1636512881897311,-0.0947332357782511,0.23781461650819982,-0.45876797304718814,-0.07734739690516626,-0.1661174399949831,-0.1053583183149822
46.1,-0.18849902664852602,0.333122049348675,0.10720829098719006,0.31396764362300067,0.023455196631669645,-0.07427309707300274,0.26897245512217405,-0.07665983355970678,0.004930135795379596,-0.18016395995181458,-0.2349012703484387,0.26161678164750035,0.28893723768162966,0.09119529380706357,-0.03152637401335387,-0.45042679305710376,-0.6130922027663752,0.4235814730708751,-0.5384631445184432,-0.36170720579327076,-0.343170035641889,-0.5115228349229166,-0.4425608406232227,-0.3197138806955952,-0.13219100649146887,-0.1669983731321774,-0.09060708489353413,0.23500125016424697,-0.46552049255315503,-0.0806477432801568,-0.1743767423499255,-0.10249213492727388
46.2,-0.21379549079670948,0.32909793497003076,0.11757704248719915,0.3111092091478626,0.021746674672146915,-0.07376866005881151,0.2745777104872421,-0.07247115998025366,0.004208908340433715,-0.182323770388568,-0.23247983538986206,0.2634337979291229,0.27831828841338324,0.08671652508156708,-0.02542384635904678,-0.44246304401689274,-0.627197228522005,0.41071522315756864,-0.5422134933378067,-0.373690524548312,-0.34829994299402706,-0.5215536511373914,-0.4387857203737645,-0.3056930574807053,-0.13891426254122868,-0.1750651716777743,-0.09002462700936882,0.23214166279488785,-0.47149296428923115,-0.07387985317591135,-0.17266883710609104,-0.10446297439247464
46.3,-0.2165432681497392,0.33586875238246344,0.11302240474325018,0.30786797143716976,0.013543593306076967,-0.08686866397877391,0.27482379465031603,-0.08494230837069187,0.007459483805851773,-0.17527624854668358,-0.24173246937412102,0.2671938086683004,0.2749439398314812,0.08260734577709697,-0.02823427717047763,-0.4549176136320759,-0.6343413331087275,0.3940206130472329,-0.5505590176272512,-0.38051620885562454,-0.35810455160048915,-0.5235753907962813,-0.4331476507226797,-0.3184557093613622,-0.13405108552274733,-0.1786101968885169,-0.08769836524319195,0.23454236215234248,-0.4807655907149961,-0.07081608016933866,-0.1516549805722894,-0.10224132083818549
46.4,-0.2325091842971441,0.33606463155802246,0.10645410620653818,0.30872021687595075,0.011831648056181868,-0.08618831969085027,0.27425076061750736,-0.06873905299315343,0.00821660485156042,-0.16158214870246956,-0.24827843956531434,0.2854769463996143,0.2867775530920658,0.06789633771513864,-0.02419056022633955,-0.4511100435564623,-0.6476067416411969,0.3803582120747128,-0.5583561460436589,-0.4026233974835485,-0.380401400019933,-0.528461417612548,-0.43790674387096423,-0.3262090718380136,-0.1317307890519305,-0.18788898261935014,-0.09022175401231494,0.2332815650654123,-0.4936368751497377,-0.08074080509612715,-0.15885752222429084,-0.10179217349729762
46.5,-0.21913727032125957,0.3397332133259489,0.10151236005074539,0.31028542801578796,0.006726755654688061,-0.0854889196090858,0.26871706568833165,-0.06737043962280324,0.012638519572235671,-0.14744372136188735,-0.2547621446630278,0.309344638347383,0.28663755966344207,0.0712683781544655,-0.031378605454797065,-0.4622739699413753,-0.6592171567417099,0.37562167967302773,-0.5629862627090151,-0.3811879856025327,-0.3748914574722235,-0.5288289859720554,-0.4391652756918807,-0.33026249178657396,-0.13440222662900803,-0.1878514472642943,-0.09511201454565735,0.2289306343669289,-0.5016930719164604,-0.08668349189302425,-0.16431581826791006,-0.10800470162179147
46.6,-0.22241036688571864,0.35063905688533664,0.09847942988519098,0.3111717503952763,-0.0013701544738658825,-0.08469534474318638,0.26503858322624463,-0.06962949366959276,0.014438998881093935,-0.14849055505928913,-0.25909906611881406,0.3080916306395497,0.2933866118020955,0.0688090993747706,-0.0353836037340286,-0.4555852514696847,-0.6641307376042538,0.37836474829745226,-0.5683999561741658,-0.3883474163640352,-0.3675482155496686,-0.5315387432015427,-0.4487608160142965,-0.33235614679127357,-0.14105846322837648,-0.18889199912612653,-0.09504235498993473,0.22888067354457553,-0.5033224620441418,-0.08863337295539235,-0.16564698193276853,-0.11298255926208406
46.7,-0.21514784766756434,0.36009450123261166,0.09712949938884065,0.3136808169013799,-0.018593034548149763,-0.08004793646198062,0.25881564715796523,-0.06485867447455099,0.016194220407020843,-0.1539749484868771,-0.2647563608546297,0.3221703076062896,0.28916229196411936,0.08619588883286838,-0.03307937416234678,-0.43452764136609767,-0.6709670145008579,0.3684782545781398,-0.5720026644775702,-0.39496168747332044,-0.37186632717631024,-0.525466676701852,-0.4542739775431334,-0.3353316903838627,-0.14833484119724874,-0.18567782693523358,-0.09715559622543375,0.22391666004709251,-0.5124883263633678,-0.09786011697400332,-0.16508454201619846,-0.11689021836782817
46.8,-0.21208880765260196,0.36773797021796467,0.09815545739535696,0.30650187499949066,-0.00812860404577899,-0.08893682944237494,0.2588432246723905,-0.06060237830189871,0.03157064461547584,-0.16547775613186172,-0.26594625993120147,0.3162510264056073,0.29137660138832755,0.08550308482049504,-0.0389618704271726,-0.41942205128835924,-0.6872127425873948,0.3506122069216147,-0.574430054975676,-0.4018638242148664,-0.37913572937243234,-0.5081900255879012,-0.45495122308109,-0.33850097175217886,-0.15342575100217562,-0.18475376239132188,-0.10001652154426627,0.22190322212647856,-0.5197594061822611,-0.10597327894368205,-0.16878034011641993,-0.10119061109298118
46.9,-0.22106501629093064,0.3680908226729541,0.09851273968142156,0.30219633423540837,0.006243776581525238,-0.08513821243383692,0.2548056722031661,-0.05207944447345922,0.03640913459070764,-0.17173579673122177,-0.2629283315972646,0.3106358666746658,0.2772445109625211,0.0849789816652013,-0.04468179855399237,-0.40547001915328307,-0.6934360768165373,0.3595359714588848,-0.5757673007802688,-0.4102246429155491,-0.38103118769675565,-0.5197420997993617,-0.45795283761050504,-0.3529858301547108,-0.17155578646200115,-0.18319163206013606,-0.10760442645976877,0.21991194728826635,-0.5270414924817987,-0.11053617011480699,-0.17270202077970706,-0.11429779203158799
47.0,-0.2262822885649129,0.37677426784988133,0.09711201213012645,0.304805137461734,0.0002509852760530392,-0.0876645508767457,0.25090335773590167,-0.06251317159699629,0.0573279334571082,-0.18885651018971514,-0.266285801085049,0.3040729578025438,0.277000962477032,0.07944943271396612,-0.04002653135498056,-0.39296597201666106,-0.7033766810288281,0.3648673605088126,-0.5852982360652588,-0.41904038429232776,-0.38273010916290184,-0.520321365200751,-0.4641476756323921,-0.35528062231132757,-0.16849414822523884,-0.1846133044092895,-0.11247640548523065,0.21386298709467577,-0.525222537180168,-0.1221637319133873,-0.17041908400506348,-0.12311392722315373
47.1,-0.236000190394703,0.37771286222716116,0.09536696354710374,0.31468159471613905,-0.0036014990630524385,-0.07621676968006705,0.25146144306157847,-0.054338069038259634,0.057294051560782905,-0.19984525588047908,-0.2658368789029853,0.2978907218493688,0.2688808256857807,0.07808922920177815,-0.0439745067914762,-0.3952363966239884,-0.7145525169097683,0.36595092994245465,-0.5920135953264813,-0.4237933105902269,-0.3823880293338299,-0.5163471988913635,-0.4632783760875482,-0.35031048882944393,-0.17270597310387223,-0.19636649420002655,-0.10650103083770684,0.21039081417335206,-0.5314289824741587,-0.13160534457537437,-0.16608255309588188,-0.12771390939686275
47.2,-0.23235661534747903,0.3850151813481819,0.10099542861995038,0.31148607655531124,-0.006525410794947297,-0.08034863053103172,0.24521954292780895,-0.06618527242390283,0.05647395215317861,-0.2152461629999299,-0.2668257752221201,0.2715521788995638,0.2685160910236163,0.06826367050835877,-0.050259880687723864,-0.38782192185511066,-0.7180546598017605,0.37275532036961245,-0.6087111164650896,-0.43075765522544496,-0.3804085508316456,-0.5152849978788803,-0.46172131927964855,-0.3550194071824575,-0.17638171083866397,-0.18663878266720413,-0.11241316270052089,0.20588578579092945,-0.5298018525173356,-0.13134076859215774,-0.17159497601609106,-0.13233661787725473
47.3,-0.22388196030548785,0.38034837793351717,0.09087827151208654,0.31387655666303493,-0.00393816588955107,-0.07782519372678841,0.2504088497199121,-0.06905341198680555,0.05654994145010261,-0.21541593898853023,-0.2726276135086137,0.2630847204962406,0.25723064017526576,0.05421025469839417,-0.0585169338177663,-0.3958991149502332,-0.7308606272942592,0.36630635765622177,-0.6146466105672689,-0.44007114940390274,-0.38284950459842093,-0.5189761866286197,-0.4639073594618893,-0.3584017360155181,-0.16842728119616032,-0.18484540029669969,-0.11136234080462545,0.19487491243751429,-0.5268589119808855,-0.12834433590088842,-0.17727641176415698,-0.13345336355137172
47.4,-0.21155930680676002,0.3816613206453634,0.09505853583096883,0.3182434499679578,-0.01307629573067106,-0.06815185762461864,0.23856240989097377,-0.07774879071318136,0.0571507268747534,-0.21803431464789208,-0.2712730584786841,0.25164371645130407,0.24926704695353757,0.05598292737461735,-0.06705983803893348,-0.39343894870895507,-0.7351131784384881,0.36535572936235583,-0.6195612686153646,-0.44524849103067826,-0.39194365681717935,-0.5329785035949888,-0.4628056565290266,-0.36240626765130607,-0.1574928232086885,-0.19210836911797802,-0.11916171838682749,0.19104625081745874,-0.5358070608935481,-0.12538832354507168,-0.18239482726747164,-0.130669084458623
47.5,-0.21417421244187865,0.3722287338355277,0.09615528769405562,0.3143123856286835,-0.01200573605933336,-0.06138970507065821,0.23822430846544065,-0.08179528068430991,0.06004485492542347,-0.2272379556600536,-0.2811508861408015,0.24635812649193578,0.24815512970760142,0.05151327889642019,-0.06939483951066844,-0.3963596320286458,-0.7489209182804805,0.3666894482624863,-0.6221405080035676,-0.4490514374419639,-0.39008132778469007,-0.5328112028692874,-0.4639634673975426,-0.37041132998592813,-0.15817774855576897,-0.206379543388625,-0.11728431488142305,0.19272215444900628,-0.5384128467211651,-0.12892995585276223,-0.17828233838939878,-0.12932472081618057
47.6,-0.202212834718508,0.3713396613682201,0.09280219541900667,0.3128299382013777,-0.014001099863708476,-0.06196356462734229,0.234431593311243,-0.08816394744665255,0.06340498861463553,-0.22758142242848484,-0.28168301000596324,0.24219305985343878,0.2409472765840251,0.05214968623622207,-0.09177814022363265,-0.39778790851837953,-0.7626433938528631,0.3585775137116485,-0.6293553644635274,-0.4464963806184847,-0.3930645645662343,-0.5108948285786015,-0.4659448501772162,-0.3688791213424648,-0.14270972130833365,-0.21325229035189172,-0.12161920242640777,0.19378149174790615,-0.5425934350218715,-0.13092646183936277,-0.17777201603379195,-0.13015486024115597
47.7,-0.2082338577892508,0.36466920187087787,0.09379414284233724,0.3148705450946066,-0.005700918276174749,-0.06700355906717442,0.23273210956028273,-0.09009048539059344,0.06527964621940778,-0.22058254489330179,-0.28017241528445974,0.23031991256701723,0.2396903836093116,0.04403652468908946,-0.09097123615942372,-0.401836507467378,-0.7769609821773792,0.35422924911382675,-0.6165631210824823,-0.45200405602861143,-0.39567406914892755,-0.504105475171718,-0.4673998347242514,-0.3723091860148855,-0.14465692638408065,-0.21663290692634096,-0.11913119106754284,0.20064626092560303,-0.5520415929809083,-0.13889994467142483,-0.19109230107425496,-0.12906945499876016
47.8,-0.19704147152258755,0.3617165892149899,0.09118381061254559,0.31946075224571324,-0.0051306664065561775,-0.06307696427517769,0.22705248962144528,-0.0935875713930432,0.07984422402985723,-0.21749038402272017,-0.27565929709017317,0.22086029262906343,0.2371645332901749,0.04787905454191407,-0.09975067066931556,-0.3976366732281689,-0.7903298578507272,0.35359189590442597,-0.6316641675658303,-0.45780997642832555,-0.3920806869580345,-0.5024532931970043,-0.4667621393423879,-0.36368330397906196,-0.14588632565355047,-0.2220062612301918,-0.11161664399778987,0.19536936304112773,-0.5521971309584611,-0.14192711625314736,-0.2044361587190637,-0.12770215864565065
47.9,-0.1994026914875144,0.3639697924056109,0.08539160694653385,0.3177297645824823,0.003861146591170987,-0.058210447955467655,0.23457863436036394,-0.10547346855599585,0.0772817113266845,-0.22070287608067654,-0.2792803547600996,0.18862953968299476,0.23889453168670774,0.047488721157213115,-0.09683629634437448,-0.395171844356443,-0.7870513484209506,0.3468407609051378,-0.6366831781192629,-0.4638722003627446,-0.39390752310148763,-0.4986340366200912,-0.4673129470306285,-0.3581553509833861,-0.14080419177200912,-0.22780578545914432,-0.09908066865421548,0.18899954914722084,-0.5593901705291084,-0.15333144130316503,-0.21425341128761752,-0.1270534663181093
48.0,-0.18701880214781796,0.3456626133333135,0.08102157567667177,0.3196657839365615,0.005477125993721488,-0.05530480833214614,0.233470768839697,-0.10399959528112669,0.08090173531747626,-0.22776028152838723,-0.2886414882057444,0.16406509718034032,0.23412466790967534,0.0482985886704946,-0.09460993829907408,-0.4029009764010215,-0.781723753992552,0.34476646167611197,-0.6417434776760824,-0.4683438187238412,-0.38808696953899696,-0.496040807753161,-0.4666733009067631,-0.3585905360128218,-0.13300219197656032,-0.2464482028622082,-0.0934222966579593,0.17974556989265078,-0.5542728732441744,-0.15371378767428612,-0.21567660985726048,-0.12028567558002436
48.1,-0.18918126662138618,0.35377879093423864,0.08027757212445931,0.31617208629068055,0.0030804668882234553,-0.06569278482272681,0.23204471117069128,-0.1194602162401834,0.08088750716103676,-0.23615196725305188,-0.3000991586578506,0.12896999659502853,0.23551351871550288,0.050076767446571684,-0.08715887261697969,-0.4066630173221686,-0.7849140217634403,0.34293628401392584,-0.6432350340452909,-0.4635990422541922,-0.38541325584139435,-0.4992764676331812,-0.4706314260959908,-0.3615229115700559,-0.12610870294291354,-0.25304345096615594,-0.09417630835771057,0.17586131936975247,-0.5484577619926834,-0.16110577858102046,-0.22718284861020796,-0.1190104470642345
48.2,-0.17989165098530063,0.3406065503111873,0.07644385689651757,0.31497961783792844,0.00302386024593838,-0.05846460197554898,0.23432343301493985,-0.10776201563945778,0.08260117890751507,-0.2431836266010694,-0.3064864279968097,0.09736938346296382,0.23249110996924321,0.049753221256761036,-0.09468061330297059,-0.4145982846004456,-0.794105983079767,0.3402599655877846,-0.6439760160826268,-0.466267763142149,-0.3794719890106246,-0.4961082997600424,-0.47519267895910805,-0.3633264179231407,-0.12734336322676687,-0.26102074094804406,-0.08617438146226229,0.186921120763984,-0.5463788202090565,-0.1670233676984591,-0.2352614449914498,-0.11298225814901783
48.3,-0.19040229981511247,0.3522832887698449,0.08483863634365092,0.31988985033098244,0.0050694731789863575,-0.06479894112677123,0.2261686162159784,-0.11198037522590626,0.07998250614405468,-0.25229279068681276,-0.31043201697568257,0.07231518990804428,0.2327370033199938,0.04855044905474044,-0.08852207981142853,-0.42249750313655576,-0.7988835132521239,0.3370137013016089,-0.650235872008948,-0.4708171680859542,-0.3851257869877305,-0.49866596630094384,-0.48040173987754914,-0.3710786147014103,-0.13070055154357185,-0.26274098619222197,-0.08260901652986935,0.18165294882048091,-0.5348617637087643,-0.17710901142359717,-0.23981540883011798,-0.10875560343696511
48.4,-0.1924445564942013,0.3412196406674944,0.08393054560208665,0.314128569055076,0.013979671347264477,-0.05368203099279071,0.2337248309980286,-0.10091701590751427,0.07063206093298073,-0.2547784174791575,-0.31300411099626924,0.05908611292301539,0.23649258944798746,0.04584111599044842,-0.08785119687408419,-0.4302406717414328,-0.8069233579347901,0.33071695913537474,-0.6491695178838051,-0.46965225898088264,-0.3777304837339475,-0.5012573997011803,-0.4766089096821263,-0.3620649732968464,-0.13366876225735969,-0.26791452907056934,-0.07761067111055828,0.1762051969739835,-0.5246363460277035,-0.1756396396568851,-0.244777825406662,-0.11778015057624705
48.5,-0.2049172069403471,0.3502866585442198,0.10700213189647562,0.2999976091776921,0.01483803024888964,-0.054337684245811875,0.22989977037833798,-0.10048197815009725,0.061823464868975345,-0.24748071858461096,-0.3150203422809019,0.044773645990448876,0.23436959541931085,0.052936891420436616,-0.07780130361446323,-0.44202566057982234,-0.8048424876672564,0.33125392333910236,-0.656370233840612,-0.4760615009715014,-0.3859653764207436,-0.5026664299007712,-0.499116992676905,-0.3617769840347391,-0.13075835051500817,-0.2734137030247204,-0.07491335119534313,0.16928959770969426,-0.5242204242877166,-0.17724967680148632,-0.2476868143711042,-0.11806176897510626
48.6,-0.19874959407703519,0.33851135574516067,0.10978227251655111,0.30320478794212735,0.01668409396801638,-0.047384092751016835,0.23499036313200472,-0.09966577822037455,0.03678065886008691,-0.24281637652939683,-0.30696594604128646,0.03462664417866212,0.24628846208048935,0.04602833222149529,-0.07857220348624935,-0.45526487310409297,-0.8123872813090899,0.3287340337758065,-0.6641844208142096,-0.479755698136061,-0.38224732297624797,-0.5034027969256851,-0.4832995932407768,-0.3758120815847471,-0.12799081621941577,-0.27264285895371965,-0.08414213684426193,0.16817024651590215,-0.5094789668432653,-0.17953949391360563,-0.2481488712273332,-0.11287459327892084
48.7,-0.20819661020091357,0.337607006645916,0.11232238097578946,0.2994194708360229,0.0108488893270186,-0.04291516780452031,0.23590378767670478,-0.09098977308136942,0.02653539084763683,-0.23256024933065544,-0.31346331049404924,0.04101176634949181,0.23869285428471576,0.053063206390542815,-0.07852972363222567,-0.4723380873104911,-0.8305917277071571,0.3150675766579905,-0.6667472247242974,-0.48569568551009745,-0.3800532037842868,-0.5031810915931358,-0.47862716287307827,-0.3732817758815885,-0.12826542446385186,-0.2789108214171804,-0.08360769580053286,0.15641774291863456,-0.5094865757466577,-0.17370959515686246,-0.24716336070738537,-0.1081088103507977
48.8,-0.21114883647921898,0.32942717542149214,0.11540178811829382,0.30043623125774055,0.015479178750987557,-0.03618620267508146,0.24809286799084093,-0.09359038124834076,0.02049022493153726,-0.22862074274821256,-0.30819268019580204,0.026132706288134078,0.2448114919257843,0.044603715657765663,-0.0718661266801573,-0.4892085760285288,-0.8305949375370781,0.3013250888289557,-0.6719890200983931,-0.49411796262064894,-0.3723458743259346,-0.5091461042399243,-0.47416850135086774,-0.37105140241431533,-0.12785736121726074,-0.27451184448812843,-0.07810941044239651,0.14739701989138249,-0.5067577203627165,-0.17517438998017096,-0.24434064870276373,-0.10200212694506607
48.9,-0.22151382196101652,0.327266012396368,0.12128472476948404,0.29357047925282276,0.020859822504258448,-0.04116117594185747,0.2500855355184177,-0.08944552494246656,0.019950102239359505,-0.22920991411134142,-0.3108240009773127,0.02100498009720524,0.24072581523782166,0.056472402259051216,-0.06576034698126887,-0.5008752449387119,-0.8425311042938232,0.29045901649023703,-0.6722736242111769,-0.5005165248582114,-0.3672651435200504,-0.5088228542283187,-0.4614227383168022,-0.36964347918597706,-0.12876985709741784,-0.27718178570716917,-0.0740311900390666,0.14398313654741116,-0.5023036820890139,-0.17288241866225962,-0.24379192861724452,-0.09669503695176737
49.0,-0.21685212997627806,0.3293103117040048,0.12212721728928476,0.2946312412019464,0.01869113511411728,-0.04230201725352666,0.2542773000279199,-0.09467411257894238,0.02334970361898378,-0.2256206594328931,-0.3065508978912452,0.010176715375050112,0.2437987764084555,0.05734780920249863,-0.07031129022952433,-0.49759487940034264,-0.8427517384629044,0.27336446982849133,-0.6860651989489231,-0.4980349860519807,-0.36956031886424673,-0.516622706132308,-0.46841081388994893,-0.36604140671429664,-0.1263841714217094,-0.27460302064075337,-0.06345891335372877,0.142391084328357,-0.510859374667033,-0.16791760058480687,-0.2386413130651124,-0.09358859764982211
49.1,-0.21306564401475273,0.3196329343080101,0.12242181767673968,0.2969290072278454,0.01881519235056737,-0.0393201499985444,0.2619466291445227,-0.08438226738235922,0.029133026989126235,-0.2170172754934252,-0.30893006367595066,0.023577352731578627,0.24061227164919832,0.07039839891288428,-0.07835213348713274,-0.5004823303566388,-0.8466941631339707,0.25705193044903635,-0.6783053953513746,-0.5006264637027281,-0.36723723969104866,-0.5200313562260657,-0.46910868385598486,-0.36954625130809493,-0.12096190985116625,-0.2709675190630536,-0.06780294945066238,0.13942095354445902,-0.5107251599450073,-0.16404913180735897,-0.23305863074826588,-0.09524757724691381
49.2,-0.2021452534686274,0.3175052295080344,0.10842770409126286,0.3044767653300305,0.009351668928923926,-0.04080794085465469,0.2614979488618979,-0.07529154590579769,0.027726122488544468,-0.21164260877983107,-0.3135676968755958,0.033317810596992715,0.2415839358616897,0.07254363233490514,-0.0816252203579923,-0.5129985853960863,-0.8520345353623303,0.2412164057586296,-0.6791781519858323,-0.5058469477769046,-0.3704950700511875,-0.5222683121560945,-0.47066587616077915,-0.36614905102665135,-0.12049535955363529,-0.2613700343336324,-0.06684076162742195,0.1308958566168972,-0.5198225153221623,-0.16790508837056722,-0.23714714475857612,-0.09583032971254554
49.3,-0.20307205506064133,0.30582441755510353,0.1026301735675171,0.30739468869469505,0.014416695166617205,-0.03832124185965407,0.26799902139986054,-0.06492956535203062,0.028844956354604986,-0.21622117856390705,-0.3225245019213508,0.04972337140339016,0.2411110500032881,0.08132201031654665,-0.08464806587343747,-0.5114300773139312,-0.859103953765548,0.22711623935853614,-0.6863881503359999,-0.5261889204586692,-0.3735437595375492,-0.5288235170694211,-0.47357019290890334,-0.36425407272738297,-0.12095527897114876,-0.2638391320482091,-0.06804487728145057,0.12308151896130641,-0.5295296528352926,-0.1735585145134935,-0.24597630643856455,-0.0899307989481629
49.4,-0.20976871788458373,0.3080828787439749,0.10159769412501062,0.31042902161294356,0.007938168433513772,-0.04932367538695131,0.2668615418344322,-0.061719177032318225,0.03545294659067142,-0.22136569584736632,-0.3237299149542502,0.046717178880633245,0.24472474113903442,0.09922843372387165,-0.08999091597903038,-0.5050627087246761,-0.8566089956007483,0.22628250153456037,-0.6877217534586096,-0.49810161319901,-0.35395416682104636,-0.5336264850272978,-0.48150547419520595,-0.3617228118449176,-0.1331061916187584,-0.26686154797232325,-0.06281453745245699,0.11726578896723147,-0.538533794850728,-0.16868528998109325,-0.25113231060477886,-0.09705809297538837
49.5,-0.20449456338139949,0.3041312621247211,0.09588859295748987,0.31506337430820336,0.002592030146793123,-0.04289928100063524,0.26853419140239965,-0.05350548550101768,0.035433746632230666,-0.22905870871737788,-0.3241745299865837,0.03953213847402948,0.23711670415373048,0.10893547425384255,-0.08971355531748161,-0.48283363267089646,-0.8630419409871162,0.20655364612881805,-0.6791076106493821,-0.5043447113771513,-0.35317509885015985,-0.5425254384123332,-0.4872237163551452,-0.363636675223131,-0.14166518282439639,-0.2699482282344492,-0.05922913909283401,0.1145009460538366,-0.5428872014405719,-0.16544033337279043,-0.25351939487411973,-0.1012478294826593
49.6,-0.20331996159952992,0.3111638539765921,0.10172279596053597,0.3090307835356896,-0.008257904834888398,-0.05126013087574051,0.2655771963391782,-0.05734128540542763,0.03401983290709385,-0.22557766615057612,-0.32970443996640814,0.047658228904389935,0.23109557648503642,0.11390542237538546,-0.08063388487350667,-0.47430339508594777,-0.8711864402239696,0.191150651722947,-0.6806146717009359,-0.5053143071993796,-0.3604422979081036,-0.5476232608378303,-0.4842632733984752,-0.36692836274434804,-0.1506621440115721,-0.2731363052006239,-0.058391080190233424,0.10194097575058314,-0.5494020603970902,-0.16904678896532316,-0.25532690287263843,-0.10981692794630994
49.7,-0.20377994943432334,0.2925022257962691,0.09202478928240826,0.3106845438788458,-6.479579389739823e-05,-0.04552125364850892,0.2654495270629736,-0.05514413307541132,0.03718272411464413,-0.21939997908591555,-0.32270600780636594,0.03766911136871179,0.22430990976020862,0.10139159153798935,-0.08529709507118408,-0.48169540000133176,-0.8686596513884665,0.17872135179269574,-0.6797373273600752,-0.5075326051479822,-0.3657162992409246,-0.5629232476403935,-0.48300713154794706,-0.36707912624232747,-0.15946987433696497,-0.27658525928257677,-0.06397779703191288,0.09532235804556725,-0.5457267939199072,-0.17409497563112572,-0.25852474881657755,-0.09569419116369207
49.8,-0.21559093109148905,0.2920144984080581,0.09368326230304112,0.313899657311773,-0.0014582013135046891,-0.03850076807835124,0.2583917388065518,-0.062090923972590945,0.027431545995990056,-0.2267641655046684,-0.3227204604848424,0.04470572616696213,0.2141152162691169,0.10130282338496467,-0.08872661172755153,-0.485065000761268,-0.869534089188098,0.17911257759413615,-0.6841658539596459,-0.5088858399698981,-0.36334492699664944,-0.5737110536842605,-0.48788962588046725,-0.36811052181442316,-0.1682334292306172,-0.2815882388648329,-0.06905001730441519,0.09213569047758872,-0.5446824963866437,-0.1688011682242367,-0.26101629161536083,-0.09797650495962874
49.9,-0.23202841332086194,0.28664969281417674,0.09642885053605235,0.3146427526816848,0.002078193373349828,-0.037597503139149106,0.2579572650614553,-0.06966347654324359,0.04157917294484309,-0.23445276645467,-0.31760405581304396,0.061728492963861584,0.21906398637522856,0.08756451174800398,-0.08624660732643008,-0.48910906529791714,-0.8769175056742222,0.15467025121883524,-0.693504950911019,-0.5093923114801444,-0.3667382607162734,-0.5786486463677291,-0.48260360133845204,-0.35842991475266384,-0.15522517818121934,-0.286058654931578,-0.0681805269108667,0.085344329634323,-0.5486577803830517,-0.17060544118864063,-0.26203194651025874,-0.09884403681907061
50.0,-0.2360988842206528,0.2832614540679708,0.09348353483663914,0.3076930723892367,-0.004862244722851131,-0.04722839410040664,0.259366159744296,-0.07264686262262587,0.03192527266071067,-0.24716583525259223,-0.32001107111910215,0.06932373537835682,0.2221824447639327,0.0892705906488262,-0.08908239095553945,-0.4947172969683335,-0.883354462949471,0.13148073228079832,-0.6942832535753715,-0.513914901440908,-0.36717445231937207,-0.5842867522989191,-0.4763229028606193,-0.35819451768031535,-0.15708772801460688,-0.29258396980854806,-0.06292468658520207,0.08085778581265231,-0.5565707635446663,-0.16607998984637531,-0.26122819245165696,-0.09414134867821476
50.1,-0.22468213563341993,0.2782591499733326,0.0830275947359382,0.30094863426210655,0.005895692641840782,-0.043750644327526726,0.26144207547259685,-0.08081411552816878,0.038082299815011385,-0.2515729212374729,-0.31792856068343506,0.06759086057485694,0.22790258740327252,0.08469938024284297,-0.08606841352139005,-0.49709758439040097,-0.8813598350679097,0.11593733832541418,-0.6959579961372763,-0.5198177382232468,-0.37278115343567614,-0.5992141985077833,-0.482337356169286,-0.3625969597107145,-0.1571692497923866,-0.28298164254941144,-0.061171525017245994,0.07552438762362744,-0.5606033048682496,-0.15459767816827719,-0.26606854518355494,-0.09616094415926381
50.2,-0.22698810199748987,0.27031093458495004,0.08722087204056016,0.29308747012387,0.008259882256337336,-0.04039330523863248,0.2639280685578942,-0.08708292635080564,0.0460770549293864,-0.24815629552122642,-0.3155720252958476,0.07910453636222115,0.21946446570282063,0.07883686765784212,-0.09042231221959388,-0.5046874048998334,-0.8787616088452502,0.09967755280801463,-0.6929437098438139,-0.5361328166905225,-0.37975425421084724,-0.6144632241607667,-0.4918454105453412,-0.3579520544301534,-0.15537888891584284,-0.29615176615271527,-0.05541381558634682,0.05635869664786332,-0.5657963099655612,-0.15234212302527883,-0.26624380961968036,-0.08816816665797063
50.3,-0.22195853470482457,0.265782149851185,0.10156755996963343,0.2928488450410377,0.014707913209967461,-0.03225705514551647,0.2584650214841768,-0.09504767814048823,0.05148685910829599,-0.25752477511623606,-0.3093421752229486,0.07372633402997242,0.2238826428561939,0.07273887502070234,-0.09861248801147458,-0.502773230207466,-0.8689019935770239,0.09730629392061867,-0.6934640384059749,-0.5392401420595025,-0.38173931639541,-0.6244046830366946,-0.4907033270877259,-0.3683352774341709,-0.16103465804184575,-0.3052519495478448,-0.05668835511666369,0.06269007500556756,-0.5781971152932655,-0.1546332303925549,-0.26158718904735573,-0.08489211845105646
50.4,-0.22735368240435508,0.27253626611832116,0.09585314341743861,0.2910883991515283,0.018599823110681306,-0.031806828137922065,0.2594739303442996,-0.10797652492942321,0.0672936938878388,-0.26796172249860695,-0.3118170775122057,0.07671079866871529,0.22042818756429622,0.07354069882979951,-0.10084073126079225,-0.5131024552696594,-0.8694168235630262,0.08697629039321839,-0.6934660359667296,-0.543012022840939,-0.3834606056534928,-0.6151630692405337,-0.486925421506243,-0.35401534128795153,-0.16844255390528304,-0.31100748438524495,-0.04550476484822329,0.06987906948793796,-0.5836357943857804,-0.15582176976047657,-0.2554991220116296,-0.08601402008016523
50.5,-0.21465103775730413,0.28692917907327914,0.09248782540068268,0.29885851738849756,0.021774190503466073,-0.03372312038151119,0.26011113335231056,-0.11660845304438254,0.0684494012166674,-0.2691060800853142,-0.31054435284598764,0.07003047207574643,0.22866538678468223,0.06761142887500017,-0.09799079516097221,-0.5137228909470418,-0.8627997561402685,0.08647119269159534,-0.6988427091415537,-0.5428416146843642,-0.3739490473395515,-0.6003444118293191,-0.4875034274359529,-0.3496840132410745,-0.16798993635449025,-0.3204892437379974,-0.04194689879633472,0.07575106349355748,-0.5888912915955222,-0.15581976153118637,-0.25963521206942836,-0.0880128205841677
50.6,-0.21860311893021345,0.28447273960652447,0.0949074622484348,0.3072392122010498,0.022387571567142082,-0.030559384310360198,0.2588557705506749,-0.12499318183096003,0.07176490246371134,-0.2768889061117032,-0.3145764873737088,0.0634324138114965,0.2312860557079832,0.06394306446357295,-0.08865511786033885,-0.5161627789665347,-0.8668016576307803,0.09017239201389979,-0.6978892830877345,-0.55153642248495,-0.38996436097897874,-0.6245620822928749,-0.48803896335481134,-0.35358003282940564,-0.17286352245400696,-0.32164199008092914,-0.036365391225756244,0.07577328159242162,-0.5933337594971467,-0.1659584660291783,-0.2662278168474106,-0.08440870652557388
50.7,-0.20487184976545855,0.28936513133914704,0.0957183786552501,0.30819003698394554,0.02012488249695498,-0.03345948175848585,0.257381311386081,-0.14062757826105649,0.06738497261349446,-0.2730837418000839,-0.30573869280498506,0.06654655968048614,0.2396319993299612,0.06256401386760739,-0.091191260548686,-0.5164113673155163,-0.8646672903553362,0.09545462929077492,-0.6931998367602354,-0.5580160053710792,-0.3950097747406851,-0.6267344426023645,-0.4857328084227091,-0.3336386685658643,-0.1803677890986496,-0.32771313534933694,-0.0381469766904964,0.06402413290830113,-0.5946706546924548,-0.17263181072623512,-0.27003043511414726,-0.09033956569226924
50.8,-0.20422593650426482,0.28315913494129663,0.09611834852589099,0.30770867894721554,0.024527037245450273,-0.03345148977958934,0.2682764100297707,-0.15288797462205278,0.06182085060006135,-0.2777645119541361,-0.31853277628493476,0.047003780554336565,0.24242858732022463,0.05667054323978161,-0.08822055719301636,-0.5230715733118542,-0.8575653630884612,0.09733937625495598,-0.6955170092429896,-0.5549817597060817,-0.40374188480683454,-0.63086623129796,-0.4914733229953985,-0.33385585414709806,-0.17797759128779092,-0.33170816401816994,-0.03863694196018638,0.07022630694755802,-0.5964441941508574,-0.17609413413327418,-0.26540017029371166,-0.09401466839237764
50.9,-0.20431276891922026,0.28451201712667673,0.09505152338053198,0.3088222703496229,0.02277518442839899,-0.04058411603808495,0.25798201161031953,-0.16163087551634725,0.06074810333284123,-0.28370581736078093,-0.31424128810215957,0.0457483507076155,0.24539875857334234,0.05385811512502598,-0.08851615815104136,-0.5355883008654305,-0.8551368230217125,0.09673427760604263,-0.6995037217382564,-0.5587779949178019,-0.4079284313989809,-0.6428590219412783,-0.48795732502933337,-0.3347297292301926,-0.19644933952416171,-0.3388172932667612,-0.04433604064063214,0.07370506264041686,-0.5854147844207885,-0.18314901534330272,-0.2616126254336268,-0.11366968807519211
51.0,-0.20767163322979992,0.2850710704948286,0.0920400110602359,0.30941373296155694,0.024817902098942676,-0.042853104863980765,0.2626801077178804,-0.1806972525299035,0.05392739640722978,-0.29268234852057695,-0.31653341909132887,0.033156749347902165,0.2479585665094715,0.045099717242108255,-0.09067744244563787,-0.5452264211483243,-0.8528539032683133,0.10084098079505531,-0.7044668643538033,-0.5639288247616674,-0.4224053774736367,-0.656544783109788,-0.48504256737463947,-0.33484541020875025,-0.18190373033617488,-0.35545704148682716,-0.04575446475372737,0.0709368306550782,-0.5832377080518462,-0.19496837117185306,-0.26455150268684036,-0.11356465871120712
51.1,-0.20934343576894,0.2824751233828874,0.08587788760201996,0.29788949247315993,0.02055221782657459,-0.036857465489881634,0.2536773215551156,-0.17566763766229226,0.05150199366134956,-0.29401912351647924,-0.31898608573844806,0.03676565901367367,0.24895353113855634,0.04943557471837428,-0.0920023561593753,-0.5514469139461059,-0.8650828418552242,0.100655973990512,-0.7072451369016868,-0.5672730591594115,-0.4303783632357838,-0.668155845938593,-0.4821973002912624,-0.3316786489173617,-0.1864806888303213,-0.3515675050440942,-0.03917784890923141,0.07476119942001018,-0.5848954538124445,-0.19906014551493548,-0.253778575010849,-0.11494777647581869
51.2,-0.21786428230234917,0.2816968356331797,0.08728409219632953,0.2966302452106974,0.015997915714970265,-0.034321840888566935,0.26204243228468443,-0.18901354978798782,0.04592988723035784,-0.2922512482094975,-0.3143599715549416,0.03187946371682021,0.25925083748222283,0.0313615767768929,-0.08481625272956438,-0.5464425712865412,-0.8730529923669916,0.10229671304996939,-0.710878586439434,-0.5712908309672434,-0.4371002270269076,-0.6758324465314912,-0.48407583927481307,-0.33458542409870623,-0.18120350812633654,-0.34365841277765213,-0.049842439449792275,0.07148092823953646,-0.5841461556310624,-0.21432557551421996,-0.2525433637405342,-0.11299411833271752
51.3,-0.2050526250658047,0.27307446508095934,0.07971844079292152,0.2836843759615772,0.008522269742277114,-0.034598007398206274,0.27132619251456846,-0.1937677764598367,0.03975805505769227,-0.2912243333813269,-0.3201558649077038,0.030903627944473683,0.2682967547291016,0.03143977183036287,-0.08738718450706512,-0.5522810275724289,-0.8829791949420279,0.09772180519357467,-0.7093371584750858,-0.5800859343957732,-0.4387994115459574,-0.6850587429970695,-0.488151990377244,-0.33161446219634005,-0.1786981940903385,-0.34052393048932794,-0.058268740315092264,0.07513667564514745,-0.5937210738574803,-0.21720139004481254,-0.2578677985289507,-0.1115898265894188
51.4,-0.20465601737445008,0.28438357543440534,0.07915910007503048,0.2875907365284133,0.0020008283615461646,-0.041468342020253124,0.27495976934627453,-0.19839309561024862,0.03854631536635324,-0.28581872397994934,-0.3216101627505081,0.026926757407361147,0.2689633986749331,0.020453000648286198,-0.09060838122107978,-0.5629291727104329,-0.8872977768816379,0.10144303705278533,-0.7102551446814419,-0.5835242666340941,-0.4572986417407155,-0.687136903562871,-0.4917051396139673,-0.3367890414517629,-0.1683551050846583,-0.33825216131264935,-0.0648983919041877,0.07026052528490766,-0.6022563923076745,-0.22258946490841294,-0.25849002357206124,-0.10933915937733701
51.5,-0.20921109212170125,0.2750125695676217,0.07339217236368559,0.28516887778581207,-0.005102449744504855,-0.043276501327774865,0.2876744917824369,-0.19495668024626722,0.033467336883893514,-0.2908258175889765,-0.323183284721889,0.02934287770101391,0.2777264343429498,0.016748838182894066,-0.09496970860861163,-0.5789463101676536,-0.9126450279227998,0.09892486849429255,-0.7095751332356344,-0.5904906846079598,-0.45323010805525105,-0.6862935476291004,-0.47194070483969786,-0.3443012678688589,-0.16740923093107168,-0.3316809303166617,-0.07193615648228982,0.0729913564030907,-0.5994382057989643,-0.22326007304685538,-0.2543290097431493,-0.10722289672758128
51.6,-0.2106920015877848,0.28440144576310317,0.06487887689806772,0.2778106283792302,-0.00814921815061916,-0.05560013321981674,0.28664187305277145,-0.19803221406482496,0.040223550726299684,-0.28983975386974575,-0.3264154373756333,0.029536388527915267,0.26711695694839466,0.023644022959476565,-0.09226385473783859,-0.589773233416638,-0.9224255760593433,0.09140251525419989,-0.7114057609895748,-0.5960453767910723,-0.4564557095196084,-0.6905484822197936,-0.4821713714756235,-0.3423582837401221,-0.17035193505348498,-0.329469590151309,-0.06993515853038833,0.06680110428039103,-0.6002374287115227,-0.2222003975193674,-0.25389177472540236,-0.11126483335270028
51.7,-0.2106669403389519,0.28977045364749116,0.057988587560200186,0.27616743545322936,-0.026198782122450526,-0.06268274760537637,0.29352895810333857,-0.19659195666305024,0.04530475204930387,-0.2977083851709951,-0.325065617910097,0.029591107970450115,0.26190864606051606,0.009434541479111276,-0.09658071379464146,-0.5903124785477933,-0.9288930042541061,0.0970849778384707,-0.709820966579909,-0.6007904853019131,-0.4626831758431559,-0.6994157388369391,-0.47742574807658333,-0.34471183829626134,-0.16448528172202462,-0.32516213382924253,-0.07114243934110037,0.06985645178718203,-0.6063076167342222,-0.21583527409695918,-0.24892595682256372,-0.109433112746933
51.8,-0.18974283079175536,0.29350863588494025,0.05355392213664991,0.2762046916468827,-0.021236950536196154,-0.0730821650527617,0.29360281183374465,-0.193472467888079,0.047970016632049674,-0.2971550211842569,-0.32846182452308137,0.028153252491963526,0.25489285623848756,0.018898248008318103,-0.09188460104134358,-0.5871301382501176,-0.9348176860288167,0.10580520268085813,-0.7017216601330082,-0.5999960837762411,-0.4716361313236542,-0.7037842687695016,-0.4699966654764962,-0.3484211618441019,-0.16094433827582297,-0.32441981982791274,-0.07291382587369907,0.07785783970875082,-0.6157554571168772,-0.2183121728105583,-0.2485515681574945,-0.11347099566510983
51.9,-0.18920469615774654,0.2891020414982002,0.04346111859765558,0.28583559744508386,-0.01951603449772222,-0.06814128551345237,0.29908156853466994,-0.1850441179143373,0.036476991364243795,-0.2935711114855713,-0.3282766782280075,0.02733096372071811,0.25183994367556717,0.0323315090316493,-0.09957422117049436,-0.593387595605832,-0.9368037107136514,0.09819937783699001,-0.7057317413260302,-0.6053935249940449,-0.47184692186474314,-0.70566125712541,-0.47547808926365465,-0.34837078007806255,-0.1549692714524469,-0.31721396558679854,-0.0687654616688189,0.07929194226729797,-0.608782540015274,-0.2241461919540663,-0.25106028421645976,-0.12329209858603991
52.0,-0.18051155056594134,0.2909246372822449,0.039504842530197544,0.2846099425739872,-0.027366981504645192,-0.07808633177752733,0.2946958812860204,-0.17889855535650068,0.03136324081820401,-0.29236098434597896,-0.33490037075063583,0.028192959921035318,0.25760996438935263,0.05644962326580114,-0.09642689878633379,-0.5903923883583719,-0.9448594588941412,0.0995737611411514,-0.7048319660794289,-0.6089399926102633,-0.4653411505875298,-0.705858777826834,-0.47656290196248485,-0.3525568262054914,-0.15263666689479044,-0.3130226968688353,-0.07170463497713826,0.07626438562347466,-0.6123647856012717,-0.22203787189315985,-0.25897597542668516,-0.13010403274819266
52.1,-0.1761339921112645,0.2835197327867358,0.0318723686929073,0.2909900372750924,-0.03692480726429517,-0.08161428255351609,0.29736095415755426,-0.1707262298750344,0.02180259113345342,-0.30242438289324824,-0.3421268397801742,0.011293860270154237,0.25289867599306126,0.06189962158668291,-0.10004435481949368,-0.5892443789823539,-0.9514363673989409,0.09387052071620597,-0.7156485432505032,-0.6158019377551883,-0.4683953638896682,-0.708398749004661,-0.48057140867568776,-0.35115432959530996,-0.16213685915062037,-0.31748597563518133,-0.06530953612285792,0.06373782218526666,-0.6211899900634575,-0.22284196542609463,-0.2648212195639342,-0.1366422784834787
52.2,-0.17630546270785916,0.28610635483234614,0.032220147629446756,0.2856028818518645,-0.0406530498307268,-0.09148733482385805,0.2855151816686585,-0.16934710950262957,0.018685207343607697,-0.3055457905483743,-0.3558206196239228,0.014403036782542216,0.2557371944145963,0.07225612430583535,-0.10271103343579138,-0.5896141694845474,-0.9500317409369844,0.08894507839469733,-0.7265939731270591,-0.6172740132723964,-0.47618744839727445,-0.7120594164146911,-0.47909100172306335,-0.35517286004405535,-0.16231856182648882,-0.3332594715889213,-0.06603728310337897,0.05848166120133018,-0.6339800102504222,-0.21981027957787644,-0.26790705011883487,-0.14238274160867612
52.3,-0.1866947453664664,0.2862078913922382,0.03716619161087635,0.2941628169220104,-0.051671853404332196,-0.09212341058826602,0.27939013031537085,-0.16077080306313593,0.010362647526071292,-0.30432601389757324,-0.3374388280469132,0.006366219965243799,0.2579368133356285,0.07163430008676036,-0.1067830725766217,-0.5842425527662696,-0.9589450183216205,0.08081982439580022,-0.7277543487540057,-0.5935794993771679,-0.4812420202435349,-0.7176327927044482,-0.48652188604808827,-0.361905089229536,-0.1690690504376938,-0.3359363864611748,-0.06346307587500935,0.052853676867502745,-0.6461386479709709,-0.22607388363169434,-0.2720974976636246,-0.16107996736095787
52.4,-0.17603186304644966,0.2814217057264259,0.03621537271800808,0.2911642702782276,-0.06390925107429947,-0.08549078235928728,0.28154401587800726,-0.14849265237927373,0.007243606638070394,-0.307570846857092,-0.3267289978848921,0.012359810744609475,0.24643478603105057,0.06933786668412012,-0.10701855534321536,-0.5791564187448656,-0.9694652176148906,0.059284392152766895,-0.7286856685632708,-0.6040517716771369,-0.4792204799038241,-0.7308806534149064,-0.4756155151144821,-0.3710327103856777,-0.17007802488107943,-0.3355772433605658,-0.0672499653729246,0.052911676273679716,-0.6531398483814409,-0.23845930646632293,-0.2763976816577658,-0.1598466915707944
52.5,-0.19097177691832337,0.2749912419364288,0.0450178072055571,0.2899540762695476,-0.06889683574511765,-0.08768797610155364,0.2798212841094908,-0.15330975610654493,-0.009144515830946286,-0.31478281088138343,-0.3276908909221249,0.007119182685383975,0.24300943316229262,0.06447533620175332,-0.10147543197829428,-0.588395441364834,-0.9699239965798393,0.04468063054570904,-0.7334817104453519,-0.608014676807142,-0.4911929671492871,-0.7396659130383235,-0.475093583674242,-0.3710913176220679,-0.1716527687864479,-0.3345005120330578,-0.06971258712412391,0.04810734881907614,-0.6614572864671964,-0.2504253778305064,-0.2802978574819749,-0.16359842041038364
52.6,-0.19960686675039546,0.25884368307503497,0.03821692540487522,0.28809325787259954,-0.08456261955660621,-0.07895063135747728,0.2777060634385412,-0.14639068710270628,-0.013384143201616084,-0.3202774380922391,-0.31779070399149645,0.009459119735075294,0.24255116405595012,0.06454770444780043,-0.1024455594942334,-0.5871491218109849,-0.9697870782372061,0.02831927883270082,-0.7391962074888366,-0.6150201768086139,-0.4923742759542084,-0.7409140209266823,-0.48097351227114693,-0.37478529614364303,-0.1727079723555336,-0.33252357284599837,-0.07444312184285361,0.041347094580038685,-0.6641499706746838,-0.2480007087949088,-0.2866998867573978,-0.15099057108681424
52.7,-0.22617101104287146,0.25835928354824284,0.051057669555533786,0.2848530671420362,-0.08455235629679556,-0.0802165313492616,0.27199810082369325,-0.15238722893292966,-0.018660416972360098,-0.33456830649570324,-0.32253450299974834,0.013857599583315925,0.24160822764627934,0.05838095327515131,-0.1054319580665973,-0.5910837389006082,-0.9782074754242849,0.013582738763615447,-0.7472994536186482,-0.6248128347070521,-0.4972964184492901,-0.7507239069453093,-0.4815010548769045,-0.38045757478131564,-0.17188807075119397,-0.3245348773613471,-0.07267092305389898,0.03435218865980025,-0.6778698510830145,-0.2414733118118451,-0.29166022473482667,-0.15507118626580169
52.8,-0.23402158477753018,0.2540285042869393,0.06162360619594746,0.27712712253879546,-0.08705133602544797,-0.07309622307242862,0.27378126213506904,-0.14986348015651388,-0.015292520105598815,-0.3445303894529229,-0.3230217167095114,0.015800217061872446,0.24645534284160692,0.052016116186455914,-0.10644272621367099,-0.5895113988289307,-0.9837281493260469,0.0030796918214964566,-0.7545319913901525,-0.6299520445261649,-0.49798294012236305,-0.7605574950017642,-0.4798978411551792,-0.4006631624530505,-0.17495546383922214,-0.32672789425507487,-0.0696280057293432,0.025565266078921883,-0.6932286732349751,-0.24032121076475577,-0.2963250480411822,-0.1601625772175445
52.9,-0.2396576975388022,0.256561444280331,0.061642855686654584,0.28231279281769184,-0.0889529149626072,-0.0696235265199035,0.26762982632105925,-0.14836802004031854,-0.014823729344260518,-0.35366798135616384,-0.33543796874756904,0.01649732830180188,0.25157005408947586,0.05876157594750174,-0.10326314682160866,-0.5931749610236774,-0.984579479502985,-0.0077785582549288485,-0.7536290639367103,-0.6357713844615682,-0.49801250560380494,-0.7710040063605471,-0.4845481429907082,-0.3862406408905927,-0.18115949113061294,-0.32745282742029386,-0.06523749461556505,0.013212245948052065,-0.6944472562024004,-0.23469437492209028,-0.300891929262277,-0.16065641699879554
53.0,-0.23204678119693117,0.24864684307455406,0.0642242339186109,0.27957721179367107,-0.0808503729270346,-0.04766669559351635,0.2743832987182075,-0.14289731677014197,-0.007276800607546329,-0.35632146252776803,-0.3331442008749549,0.008518559651212497,0.24685840958430114,0.05155142092965475,-0.10629330762632629,-0.5973949854302738,-0.9751771731026807,-0.014507458948861627,-0.7520501413543441,-0.6407450584625479,-0.5027561900098114,-0.7743277791331257,-0.48578593900450767,-0.3862845271465729,-0.1901477119421168,-0.3292951614712471,-0.06794890630641554,0.008695852644038776,-0.7002070543152732,-0.23009132035186808,-0.3115134084695384,-0.17111745576783352
53.1,-0.2320061777187488,0.2555467100214332,0.08362386635980638,0.28693689081676493,-0.07885045262166451,-0.046412260545577455,0.27167224358451175,-0.1511221397903996,-0.0010665002669467312,-0.3611365527166849,-0.3377213915959717,0.004565692824058258,0.24443397679040896,0.055980778999742416,-0.11263001575214857,-0.5954074302387387,-0.9669982779053327,-0.017112999502893005,-0.754128859140055,-0.6466924280262185,-0.5098826565613391,-0.7790497122433057,-0.4854889401435502,-0.3847408482216135,-0.1863643305148907,-0.3324264746790868,-0.0639103677816434,-0.0012920003804082069,-0.6995976446629177,-0.2409889961338835,-0.31692260860379207,-0.173002544328837
53.2,-0.22998718609551969,0.25126698173138184,0.09057912326150061,0.2919662324200052,-0.08935635461623122,-0.03785374400453852,0.26944545916469753,-0.1557218773291235,0.009692746143104895,-0.36185051223169273,-0.3465742339219069,-0.0038422935968498075,0.24347138145820624,0.049828747317621304,-0.12242309847500805,-0.5958977127887933,-0.966452975937096,-0.017632314108433984,-0.7564973502893587,-0.6446316125389268,-0.5112499716655656,-0.7779527924984228,-0.48333436800807966,-0.38662227282407874,-0.1976670424230206,-0.33982420219666637,-0.05888553205435184,-0.00011015954501132137,-0.7114934433818788,-0.23951386561335875,-0.3243768634036776,-0.17848598393193083
53.3,-0.22982672752963954,0.25837526384266174,0.08984532525135895,0.29729549552891665,-0.08769220135538752,-0.03448062877845948,0.25607893010435806,-0.16418724069429966,-0.0008784331079972324,-0.36143056057461886,-0.3495516738598672,-0.009822113879172365,0.24499881478770488,0.06021538020037939,-0.11919744079257132,-0.596488813566085,-0.9660678635931799,-0.01744331567164784,-0.7545451206554787,-0.646129365750862,-0.5125565419473816,-0.7778650636022925,-0.4801772096561477,-0.37527408272230456,-0.20571376192882285,-0.3479961782495199,-0.05648537256848055,-0.00558478782342524,-0.7125417911210098,-0.24132266080285616,-0.3453270229004636,-0.1926417418621489
53.4,-0.23000224757231763,0.23911146704207575,0.09478425538165357,0.3092401353843043,-0.08547665696547287,-0.023255711245409406,0.25604194041979134,-0.16869290666257902,-0.01652172622200379,-0.35506989135738926,-0.3538085114531057,-0.015103947044360922,0.24674546070751932,0.05394222165600352,-0.12171310774013924,-0.5958888784422826,-0.9550830378321583,-0.015902725104676517,-0.7587330254342532,-0.647229545627781,-0.5146091747801605,-0.7776492233664782,-0.48506278062425573,-0.38229483893463173,-0.22085571332466544,-0.3569154288007341,-0.06086167127305915,-0.008872882465885908,-0.7173236288547742,-0.24451409202270077,-0.34759092517762574,-0.2009898335077858
53.5,-0.23939808451796352,0.24817395185172741,0.10358257370412416,0.3038979347162497,-0.08544290257236006,-0.0184866734086207,0.2567060447689504,-0.164266378350084,-0.00942495445984167,-0.3506331150472899,-0.35387899136036555,-0.012838431737645274,0.2423882553319836,0.05275656577854394,-0.13250292882117903,-0.6039021255888716,-0.9533054151645046,-0.015976914973978098,-0.7587837173317251,-0.6481352703393363,-0.5269849641929591,-0.7852347289543358,-0.4826089120846239,-0.3774689003978055,-0.22710437133300823,-0.3613226768026648,-0.06568249440359401,-0.015257151115372874,-0.7184714349159846,-0.25290094692695325,-0.3521589454464277,-0.20863271942684108
53.6,-0.24325452624072316,0.24823080683632062,0.10519829465450985,0.3064991483984032,-0.08514947856956066,-0.01439930518956434,0.2556851746250234,-0.16969209861430126,-0.006542908505944198,-0.34077405425661933,-0.35092158785593125,-0.02687287118118716,0.24313743109708916,0.04660671042423303,-0.14124643058000474,-0.605248692016991,-0.947736171913793,-0.025268191821092308,-0.760177898783829,-0.6444177361520032,-0.5235049611983448,-0.7879077987022086,-0.47495160743031783,-0.36904092297275,-0.23149538753906232,-0.3761434278888691,-0.06927981827885511,-0.020380425230910156,-0.7233559617019238,-0.2572011012121456,-0.3483231799101643,-0.2222323235222379
53.7,-0.2464130467954237,0.24133975338418165,0.10368482787038988,0.2955485452877671,-0.08578611601707246,-0.011091977266780557,0.25962495791174006,-0.16818315255574193,0.0005018804203962572,-0.3438405111312961,-0.3647037104143244,-0.029345398067428623,0.24172357254214613,0.03977822215651746,-0.13158767719553513,-0.6052471144312899,-0.9382215026915196,-0.028963711399919295,-0.7636326662936249,-0.6461812059771356,-0.5236938716182374,-0.7990662816523134,-0.4732684358398078,-0.3732712411813526,-0.24158277970550115,-0.3874421790308895,-0.06822915293471381,-0.024950847420395494,-0.7255964563444234,-0.2532536465007837,-0.34819005412265924,-0.23277654278395846
53.8,-0.25302819189323816,0.24317590605997652,0.10316308727834646,0.2954637373401399,-0.08289865284656409,-0.008033912295840875,0.24797802841826047,-0.1686649451109058,0.005651556912186816,-0.3462751201395578,-0.3641274848821155,-0.03477036591293291,0.24366905073964465,0.022835947923539407,-0.12815575952399616,-0.6043902165072172,-0.9292289185316732,-0.03693307709537095,-0.7631961298376457,-0.6516867053484632,-0.5264194157414669,-0.8046694670227227,-0.45908399142808964,-0.37491683221368466,-0.2539863486030709,-0.39630105194151777,-0.08567249670326928,-0.02487348142122842,-0.7296767477773448,-0.2578163499481935,-0.3526157832869969,-0.24536477470181547
53.9,-0.24840413539202372,0.2299469747260381,0.10376096413282744,0.2782470680554928,-0.08436968935228681,-0.0007923464443358104,0.25611626528013776,-0.16550701276402863,0.017369376550248877,-0.34633815207899665,-0.37088713481224417,-0.039286515623564465,0.231973380179688,0.01720033044601822,-0.132433422696607,-0.5991948943100694,-0.9442881774184864,-0.0419788099980204,-0.7712514186275745,-0.6536617897955794,-0.5359768800195387,-0.8080180523763048,-0.4597952449744297,-0.37938764539260306,-0.2435476146833817,-0.3978261528961147,-0.08178590516598448,-0.028191522211700768,-0.7487746568608062,-0.2603860096055801,-0.3557456787781348,-0.2343122449388368
54.0,-0.2546771842241778,0.2367319484171728,0.11110001897563446,0.27998818995160274,-0.08792398824154325,-0.0013643080173854484,0.24680159784550185,-0.15972043472157044,0.02496969719971906,-0.34669912798576985,-0.3840360757191347,-0.03320051809390205,0.230032242608156,0.0027012966769166514,-0.142286172797036,-0.5969609101035316,-0.952615547751336,-0.051989940971546675,-0.7682395016700065,-0.6492209297313976,-0.5451045611367465,-0.8069653773563924,-0.46144077281177764,-0.37804784128413216,-0.26547819301020853,-0.3891894039686065,-0.08005184917794825,-0.028868846095792034,-0.7439697095560276,-0.2611799852459149,-0.35273987222867276,-0.2456298230111478
54.1,-0.24788983293089104,0.220065628201173,0.11418899805447955,0.29223995957128557,-0.0947040890501198,-0.0010532947400714384,0.2576247236040545,-0.16142628978633497,0.028136385628646256,-0.35417425063794744,-0.38234472095671174,-0.03331956016545136,0.23305728175718568,-0.019218471756035554,-0.15219540949892546,-0.5989256413061304,-0.9474513396702899,-0.06085820472323536,-0.7633189609902833,-0.6476180414383795,-0.5525369860526069,-0.8070403303418426,-0.4646830416930517,-0.38146096815100716,-0.26547641011313966,-0.3868233491656438,-0.082444589702867,-0.035310228832458684,-0.7364238220793503,-0.2666743883366951,-0.36241747035605937,-0.24096026795013506
54.2,-0.2536386717034867,0.22748018873970371,0.10658240182868245,0.3072367599472243,-0.09338689685750295,-0.0054867546319321715,0.24860385437561291,-0.1576306443107524,0.029556831712076334,-0.3659945339747742,-0.3844749919809207,-0.027593358519130896,0.2500279794649785,-0.021353224523389547,-0.15499865667249785,-0.6055092677714694,-0.9389199983343929,-0.06833688107720827,-0.7666424523189851,-0.651774103266122,-0.5620049190011303,-0.8169986965734151,-0.4673222466046413,-0.38352734510833786,-0.27313980970706125,-0.391396054734037,-0.07931970692967694,-0.039692826902795346,-0.7353786635061252,-0.2607976611446974,-0.3631512932570369,-0.24403172036985005
54.3,-0.2662882294270846,0.22435248033103022,0.09956732779384815,0.31127389823279944,-0.09573641404610227,-0.004239855884161517,0.256307239353234,-0.15042619809965282,0.030943422666828525,-0.37037146814934313,-0.37811384690305055,-0.03331563884518727,0.2493609681755453,-0.031763122408641146,-0.1648309454991683,-0.6129968075946418,-0.9558372124257449,-0.06740415179913509,-0.770956244044851,-0.6447833839389698,-0.5750818509399299,-0.8221893718916595,-0.45980689286608195,-0.39295347992167867,-0.27530855317639386,-0.3997074500715736,-0.07717872658039668,-0.04319805409082073,-0.7284361897523371,-0.263485653381069,-0.3596125085449984,-0.24030002011384588
54.4,-0.2687700250192836,0.22267019944642755,0.09852473583187657,0.31458416807302064,-0.10408731073906569,-0.012533783207979148,0.2514576647218661,-0.14537112134592792,0.03387435083551174,-0.3785359717103038,-0.37501273395211415,-0.02069198560746256,0.2572085094646184,-0.028429898015491447,-0.17019007244104226,-0.606867753173922,-0.9665936893145387,-0.07174979825452103,-0.7764330830185682,-0.6382456826266638,-0.5839761037340034,-0.8214487814669171,-0.45526681471374847,-0.3943158197644356,-0.28187330947541284,-0.40432196927315994,-0.07896159338524744,-0.04524072314321917,-0.7162930708837434,-0.2610022022679031,-0.3630455410540193,-0.2348062758089672
54.5,-0.25860529723464476,0.21549670488197933,0.10214452587369655,0.32423834697093995,-0.08630354212680019,-0.01816602368539151,0.24919620116710292,-0.14344029140217152,0.03703679372816067,-0.37749070786326894,-0.3619405515868109,-0.02384465222075542,0.25000512864279895,-0.03580112657468949,-0.17592682750142286,-0.6133795357004503,-0.9657584261763378,-0.07181001494014687,-0.7804721744804849,-0.6343017851427293,-0.592560113923153,-0.8099009597915454,-0.45173027314542,-0.3904596377597821,-0.27781531836346907,-0.4165812156519512,-0.07947621204804903,-0.05500934779215018,-0.7096970344092689,-0.2534188358542429,-0.36152242426989567,-0.2255247052302376
54.6,-0.2569899322499985,0.2170786805451554,0.10418507891432335,0.33287099799082387,-0.08164581524715266,-0.027318598291766076,0.2540838594533074,-0.133882337352712,0.03511457591196755,-0.38319404209104607,-0.3615381734695308,-0.013807922010690631,0.25130048565734037,-0.04382313844144277,-0.17882652025370505,-0.6049179727074864,-0.9765540165610799,-0.06986764953333001,-0.7832813054276725,-0.6258859784959753,-0.5861297387859397,-0.8050233072737659,-0.4497448944176764,-0.3970533209675852,-0.2825649758268296,-0.4180169151828021,-0.08080142638492664,-0.05529364077572471,-0.7082417282120893,-0.26241312371484654,-0.3595616595124567,-0.21786725255133063
54.7,-0.2524688261320983,0.2158833687414129,0.10566096943594894,0.3468771321319992,-0.061325387149248727,-0.026597957520924528,0.2437072430251126,-0.12596977471964382,0.0286218892943234,-0.3823459444368771,-0.3582571095719564,-0.0156011043766936,0.2563921111823589,-0.0371703923647537,-0.1812558004783207,-0.609371114127511,-0.9778286876857447,-0.08559265936391404,-0.7809769060807162,-0.6366335350249412,-0.5976674700459464,-0.8017134835965264,-0.45340701149687856,-0.399351273018056,-0.2836859147136022,-0.4223616454253084,-0.08109802499632306,-0.05618013143150719,-0.7015307643343356,-0.27321444003894607,-0.3583551073999112,-0.2226203792145982
54.8,-0.2742820627747947,0.2157187743093946,0.10838620691861889,0.35429015453142,-0.0682070630693115,-0.031632006701268416,0.2424615123906376,-0.11783896017752067,0.01923559819751318,-0.38247266941861086,-0.3513856951800789,-0.00706733732800391,0.26117330485869866,-0.021708107847439848,-0.1872499681418477,-0.6052079365059978,-0.985742222045184,-0.12296766216377888,-0.7879894431827813,-0.6451553803015688,-0.6040234376096102,-0.7964099538298892,-0.46173587253172915,-0.399721022176466,-0.28623089963076964,-0.426041454915583,-0.08147900599505242,-0.06359881379770894,-0.6909131549360958,-0.2771254529579213,-0.36741567582479023,-0.21997035870649276
54.9,-0.26621516508434095,0.21499705180973444,0.1052920223434025,0.3594428495335207,-0.08259290316877158,-0.04511109747087455,0.2320212625403129,-0.10926859364643178,0.017954675374749717,-0.3840701949936602,-0.34932530977377163,-0.010404519530070506,0.26007697868895485,-0.017110099549216478,-0.193092667564031,-0.5961333306805304,-0.9835470029077352,-0.1222303358326594,-0.7892822411941817,-0.6479478882889905,-0.6137947809314073,-0.8009346773206226,-0.4666139241011475,-0.41624226028768546,-0.2881359772840651,-0.43019736123185687,-0.09553064019241858,-0.07619540209244823,-0.69454884894005,-0.27814066159276357,-0.374904208646784,-0.22440201121292774
55.0,-0.2704378078862894,0.20954875367529333,0.10424853019281863,0.36372366221570296,-0.09421680738907824,-0.05244880351965511,0.23675326223148585,-0.09469003042839545,0.015483095658088648,-0.39865566336529273,-0.34691856683041605,-0.013955169153797596,0.2563783434992763,-0.024072757458887952,-0.19295497015382576,-0.5966587330933595,-0.9949351996767802,-0.1391844619171908,-0.7914009661059044,-0.6565793930031399,-0.6291578222027936,-0.8075787950009858,-0.471595884903273,-0.4031512044404129,-0.29405852174433933,-0.4362199995271181,-0.09760584174928723,-0.08310201248094164,-0.701859053413459,-0.285268548559123,-0.36788144982430243,-0.22257238947472174
55.1,-0.27465702623937194,0.21117182472609577,0.10246602483834207,0.3714012236791394,-0.09291943216101634,-0.06133610284497657,0.22746697899295482,-0.09020687538120281,0.019193412733133255,-0.39732790943680807,-0.3342393726982411,-0.006376455166787466,0.25507399921041585,-0.028881672288389226,-0.19053036269758747,-0.595445473907762,-0.9956706191385525,-0.14834490409939946,-0.7969798539606298,-0.6628849262610319,-0.6431543503698733,-0.816135944982422,-0.47400738294404277,-0.39996960789809055,-0.295865593005961,-0.4340044895083024,-0.11146105651203328,-0.08565887951046079,-0.701611521014878,-0.2963374216859442,-0.3638171455194228,-0.21740862213112583
55.2,-0.2903779588925555,0.2008241595054014,0.1113295197637781,0.3736122824451785,-0.09383652731142914,-0.05456484600830158,0.2392663750673032,-0.07167444562953151,0.02314880950933322,-0.4023310243101013,-0.31156355290818305,0.0018267583525899246,0.25328575449198115,-0.04054715329838628,-0.1853139359070334,-0.592203248058846,-1.0047065576995473,-0.16094590009158885,-0.7905822789315968,-0.6631910354726699,-0.6564081296083034,-0.8238431497482074,-0.47985631799898887,-0.40486887707235875,-0.3092753014921052,-0.43083923906928057,-0.11248631904951734,-0.09605529514039632,-0.7041509071649366,-0.30553801202901537,-0.357563853960085,-0.20926554614125462
55.3,-0.2909031016227374,0.20228321678290093,0.10290410905138864,0.37795957339029007,-0.08962874055675876,-0.061740685257344066,0.23558863102806063,-0.07516918555930725,0.023031936812465296,-0.4093161297983949,-0.31504801698870394,0.011746747655480727,0.2497382750489287,-0.04363085710886778,-0.17908165163034873,-0.5847524181918765,-1.0041556939232674,-0.1650765990762876,-0.7899546409026752,-0.6736498498904429,-0.6606388051774194,-0.83315460249916,-0.47081294552928354,-0.41050348920578955,-0.2979942801039832,-0.43349834974404766,-0.11759730872965551,-0.08391009779371937,-0.7051866612499949,-0.31537212805103876,-0.35518899141617305,-0.20348649733689686
55.4,-0.30953418915809255,0.1925191070837973,0.08351224144015203,0.3799892493807007,-0.09234956363705175,-0.05303754506058482,0.22909396285765526,-0.06462856032198733,0.01868898313602411,-0.4130815521140323,-0.3148244713326477,0.008729074306844617,0.24225175618981415,-0.05143328434936032,-0.17885735481580242,-0.595041570831737,-1.0054893681300872,-0.176289338737937,-0.7880977742193753,-0.6738099324161285,-0.6669567183053948,-0.8348309552601095,-0.4895842264480607,-0.4132681367866841,-0.2955042592452865,-0.43052931356841795,-0.13971149100470218,-0.09290309922496087,-0.7090978106400253,-0.31305797233136695,-0.3496954719776896,-0.2076850120591926
55.5,-0.3136910907024137,0.20051223427859838,0.07306402030704968,0.3808883293359211,-0.0901129697520468,-0.05270442354761895,0.22088532084025325,-0.0491314394659415,0.029150321188795937,-0.419254693842929,-0.31508657594828227,0.023151226991989023,0.23968997611868617,-0.049870837709579154,-0.1685738620335609,-0.5965311396028622,-1.009452178796026,-0.1764422675678043,-0.7823410291851144,-0.6803397516467713,-0.6668248973028001,-0.8372895292319863,-0.4923578658287092,-0.4198176458238418,-0.2882576065703917,-0.43150942808247034,-0.1412685677415678,-0.09334059860334841,-0.7126385800657054,-0.3103777936016505,-0.34029841255440874,-0.20946595161997766
55.6,-0.33025793378077717,0.20072756850074036,0.07265275565852068,0.38542282846099457,-0.08903354492260813,-0.0554578629790841,0.22123840488275578,-0.0474967123510024,0.02334185378478935,-0.41342683907859845,-0.31907403723918915,0.023567247482716304,0.2367946598645314,-0.06074110581529622,-0.1677005655511218,-0.6057980100375733,-1.0160466955207992,-0.1752077959629338,-0.7726881563185102,-0.6785604609798734,-0.6752156688466354,-0.8564979807558261,-0.484022850755162,-0.42474294356189823,-0.2795633364828853,-0.42721316091684,-0.14447313795653768,-0.09469853840880538,-0.7093164313075411,-0.3143714646742557,-0.3425431892530178,-0.20077064005492654
55.7,-0.3311479740292872,0.20560315815348953,0.0813855188561296,0.3844925941483379,-0.0817988242654914,-0.05565907104390999,0.22053190845046208,-0.03482340112201585,0.026234713713436584,-0.41706792780650803,-0.3277652807114716,0.03509957242046911,0.23691470978926077,-0.047745925314120356,-0.15954875031199894,-0.6100967047112139,-1.0221880525346272,-0.1831544356911827,-0.7756266159519921,-0.672856230527237,-0.677529802892708,-0.8638984425151303,-0.4817220308878248,-0.42869332090585277,-0.2756648035363832,-0.43685208976554846,-0.15233481464041945,-0.09903749006890118,-0.711003441445371,-0.31335005060045695,-0.35024524546152835,-0.20913557858857845
55.8,-0.34082159714487736,0.20331169439874197,0.09766042783350372,0.38072557164970605,-0.0852813186913238,-0.05976059667014327,0.21453738846928275,-0.026317985144522955,0.027474633814431174,-0.41070138333192435,-0.3322172218900192,0.031023044948535115,0.2298589021508561,-0.049242390297762485,-0.15517418281616718,-0.6236124243041229,-1.0212919815192518,-0.19660876808105834,-0.7814994038330317,-0.6710333573875107,-0.6844695956972648,-0.869497381725775,-0.48314725494416194,-0.40988544545780703,-0.2712082974775178,-0.44288670214868975,-0.15732317077788982,-0.10247432095439789,-0.7068657990477684,-0.31360400496144175,-0.3505302114897648,-0.21872847127392472
55.9,-0.3273569979216481,0.2041522491097498,0.10018827596294522,0.36779851297680993,-0.08502601141295713,-0.06889758310322983,0.2166712311555242,-0.01726708100020626,0.021736017438346397,-0.41113396665361235,-0.33032178032603093,0.02911422568405169,0.225466350144677,-0.039938669700232896,-0.15968947529811478,-0.6285429026100521,-1.0183766802828988,-0.19819208143586567,-0.7877701496949557,-0.668080122511393,-0.6868892282158743,-0.869666361644713,-0.481335915335528,-0.43286218874849697,-0.26886708406709886,-0.45066931592520365,-0.1632246695387265,-0.10313055130481016,-0.7121210171161958,-0.31305876681548955,-0.3572528108312422,-0.23201725807690202
56.0,-0.33051796079070045,0.21640624274225698,0.10901306203842702,0.36577002232978356,-0.085888176282029,-0.0731627492833122,0.19971802010051573,-0.01917108357812564,0.014782053368162094,-0.40508020732595634,-0.3337077987283455,0.027398964377808373,0.21324624742128534,-0.035597822273531775,-0.16508603905022215,-0.6391215122909185,-1.015408041623866,-0.2024745486117813,-0.7909888918282839,-0.6705367592023976,-0.690586672789341,-0.8729411222680321,-0.48958345060287894,-0.4437494461772386,-0.26881563889545307,-0.44921771325076965,-0.17349057113546026,-0.11472309709847907,-0.7150430480906872,-0.32150073563954934,-0.35933703451407717,-0.24342966548125866
56.1,-0.3283576391464701,0.211111582615694,0.11991415723551517,0.3540429340719285,-0.08825677911450416,-0.07638665815260136,0.1930248633369678,-0.011101663698975927,0.005586691436983308,-0.4056848150863878,-0.3400319389011351,0.025277317400748404,0.1967373296998736,-0.03495487740057309,-0.16416770210966472,-0.6453896861558934,-1.0178166854328838,-0.1984359988103613,-0.7898211541443576,-0.6683918310805405,-0.6860725941589999,-0.8728321393703428,-0.492183448203895,-0.4519546902069827,-0.2801010028203029,-0.45509035229186506,-0.17932125933962026,-0.12353463981025446,-0.72317118886716,-0.3207702641465117,-0.3738420696263438,-0.2550017913414772
56.2,-0.3235946853660256,0.2181655887800854,0.12772328634374155,0.358431500632673,-0.07379716169554255,-0.08343531570053894,0.18852389448710863,-0.014771226480446176,-0.005414814063114782,-0.4056982177550854,-0.340790616369471,0.02486381880520249,0.187637142598759,-0.031474868438971494,-0.15816877299352916,-0.6480423762499025,-1.0148756074326137,-0.1943619863566718,-0.793972434968602,-0.6690533410895907,-0.6862490094626487,-0.8798415637633549,-0.490015328799606,-0.4627050553297493,-0.28223189673469795,-0.46833837170195386,-0.18219357173304776,-0.1283020222039423,-0.7228266222125117,-0.32061811447692445,-0.3810251672673301,-0.27025161984278584
56.3,-0.3279451023867873,0.22022000299755262,0.1373523282888377,0.3431639573101266,-0.07082839342987511,-0.08276885121057051,0.19605486935995434,-0.008530235317103032,-0.006401593788841718,-0.40631538688670576,-0.34103848605225745,0.02073432690215468,0.18079183112144986,-0.03158643412903536,-0.15133335485583718,-0.6544393722532887,-1.0088655180981139,-0.19979371803632023,-0.8000272238725502,-0.6673812771153159,-0.685132789705411,-0.8846167332196629,-0.4935540616390641,-0.4624932657426031,-0.2917998558228971,-0.4612110269298131,-0.18155341084732837,-0.1380352086349152,-0.7529409549918554,-0.3211990925708694,-0.38556518047561833,-0.2812531835723926
56.4,-0.33011634127539785,0.2374008623153198,0.14769352574141875,0.334624404470464,-0.07219330497166837,-0.0882496796413548,0.1921400519576014,-0.008383238937522118,0.009302960158239514,-0.40533845514229716,-0.3434579941482481,0.015545718743314969,0.17228952404121683,-0.032544477340171164,-0.15870208219651627,-0.6707490382601221,-1.0057143737419008,-0.2019085553443529,-0.800367776394796,-0.661409940424032,-0.6770944709126098,-0.8924459950050656,-0.4927818074498149,-0.4759668400140088,-0.2906651941589754,-0.472573467480876,-0.1883715291526948,-0.1459671450253946,-0.7695435436408238,-0.3313737788743829,-0.3846248463738196,-0.2907056413048649
56.5,-0.3300905532275679,0.23080666166197608,0.15213803533726752,0.3259495353693836,-0.07445133529030391,-0.0878843865291948,0.18754290838802856,-0.019535075549809294,0.018964452852481127,-0.4086351550604963,-0.34328139538360886,0.012613183649138597,0.16766683385073902,-0.03783682311810278,-0.15329465971395473,-0.6762729682956976,-0.9955142084311102,-0.2054047493617915,-0.7985895987507552,-0.6631433687278702,-0.6757673350361155,-0.9033473596974163,-0.4898112530595252,-0.48337885422673904,-0.29678060800453043,-0.47717201074250837,-0.1969553644593383,-0.15458970897252555,-0.7672406968107915,-0.3161674451755742,-0.38358685245719726,-0.303259320286566
56.6,-0.3151397679785384,0.23479853295504152,0.15794453194071092,0.3164868623619921,-0.06778357588344948,-0.08964451845252223,0.18228114687979274,-0.016445853158152175,0.03269270145510285,-0.400925456271261,-0.34949444491647447,0.033919444454115676,0.16351285207684027,-0.044034493354496634,-0.15095612216161303,-0.6835388621919709,-0.9866426539351242,-0.19917671526787967,-0.8061370771794231,-0.6636797170376955,-0.6808360639167403,-0.9036940077496779,-0.4990055119190558,-0.487799337152054,-0.3135709203095231,-0.46875026673400905,-0.20737499165786366,-0.165426877184536,-0.7691164158058135,-0.3087464254672765,-0.38568338415838527,-0.317442231163324
56.7,-0.31779580202724156,0.22707112100086652,0.1727442232235028,0.31808706642507273,-0.07098479662167634,-0.08130457052896997,0.17448136943127046,-0.028446821392810392,0.03916796049590266,-0.401604021720766,-0.34422337787063867,0.03130303038434883,0.15442891051178145,-0.03476240342865739,-0.16082832462085345,-0.687497146235736,-0.9809370943730795,-0.2028333779328737,-0.8038136688284752,-0.6638753727232577,-0.6954382815050975,-0.9048366357631132,-0.4976104384309691,-0.4902963711942231,-0.31717722682004756,-0.47173685988285663,-0.21557367218851342,-0.16448137270367305,-0.7712764278316417,-0.3110707782522437,-0.392064806452061,-0.3288131645546491
56.8,-0.3067100352772515,0.2309323011119862,0.18544934545752922,0.3128441463788082,-0.06962933504048151,-0.08256119818699999,0.18057830931804936,-0.033313575525824,0.038434562595715996,-0.4049517412964277,-0.3541207992983691,0.04256842447939819,0.15360746411648882,-0.02699325266714627,-0.16935329923781503,-0.6911153931581472,-0.9790236999203935,-0.2085600045166668,-0.8057321215957328,-0.6619423677076001,-0.6994453232577579,-0.9144334067161481,-0.49828033230299285,-0.5043848985055343,-0.3287709388906908,-0.4774019049287749,-0.20241186013594045,-0.17745350179150987,-0.7690509124151205,-0.3080323949135575,-0.3967089090242218,-0.3456697099220713
56.9,-0.31596227828664336,0.22326139462092395,0.19283792830162713,0.32722395872945365,-0.07370352478406307,-0.06850213876667566,0.1730841336732225,-0.04853816970387624,0.03201300076533244,-0.40630243113298925,-0.3512121217844315,0.044967784269973575,0.15796470737653984,-0.019850018665749838,-0.1812421448305617,-0.7026315433596937,-0.9679829779413066,-0.2191459216930998,-0.8018589245611598,-0.6575947896096653,-0.69645108105829,-0.919768809603278,-0.5017449831156888,-0.5145848782239552,-0.33599340388799437,-0.48509717120782514,-0.20893657805314972,-0.19079214400438932,-0.7473467491984349,-0.30205144003867856,-0.4030705129339807,-0.3570082635065465
57.0,-0.31454300866666746,0.21872219850528699,0.1995509142607305,0.33040444160188415,-0.07400413312582078,-0.07267674899483484,0.17928388847073556,-0.052918411722219984,0.031218361130536283,-0.4167238926819615,-0.3444694485420443,0.03456770112522721,0.170313819576298,-0.005943468848427731,-0.17734435535871784,-0.712734920176686,-0.9532758511000238,-0.22471826241463017,-0.8065378913403822,-0.6584319226640516,-0.6898005976216424,-0.942950144378329,-0.503581142153971,-0.5226344764395112,-0.3403051585789338,-0.48387870094783847,-0.2112134335028115,-0.19576782110407956,-0.7465281765618077,-0.30205761713251134,-0.4145181152021017,-0.35046320518530216
57.1,-0.32305307934860056,0.22583271830450588,0.2015213017076052,0.33427495742480023,-0.07545802784675382,-0.0706555727386649,0.16694073377358476,-0.05915123100274903,0.031372740228462266,-0.4096202443777676,-0.33820692450071205,0.029506482537575617,0.17786113429901948,-0.0023256588776202343,-0.17669729531685177,-0.7166215510105787,-0.9550344296939014,-0.22862578743689835,-0.8165948128766031,-0.6726487842502429,-0.6954262804949589,-0.9401388365067413,-0.5016075695451899,-0.5311459703142717,-0.34640317515458247,-0.49641335536259285,-0.21111303735329331,-0.2044893488509526,-0.7501270238531562,-0.3005745397397822,-0.41661327236256995,-0.3543429952507985
57.2,-0.3191065233389888,0.2266913376031084,0.202758059607299,0.3299645523167681,-0.0735507939458877,-0.07186989491706172,0.18422134740633225,-0.06080654093292065,0.025965490353644233,-0.4096501607759814,-0.33819446426978267,0.027263169148274747,0.18021442347562946,0.009435960292504956,-0.17955176637127268,-0.7243623204388647,-0.9740490313899195,-0.23949410467281623,-0.8181543186063726,-0.6510574165009485,-0.6945003905982847,-0.9352721966688103,-0.5056197604160053,-0.5430923441495028,-0.3507674386353184,-0.5039759379459663,-0.220382628288475,-0.21031444138819624,-0.7510561383988019,-0.2889665437754383,-0.4299570969921878,-0.35567766304837534
57.3,-0.3253869449536277,0.23617224409688012,0.21582428880044807,0.3366404635709482,-0.07696307320940139,-0.07133590485456896,0.17068338420525295,-0.06557905394713617,0.021924535595910725,-0.40482786099428286,-0.33829636822330755,0.028054007971142533,0.17791481770207257,0.014702663481912065,-0.17619747626429094,-0.7294331784676152,-0.9769932112358751,-0.25401129140636713,-0.8162433696512336,-0.6474571067877789,-0.6944188779690545,-0.927112650428011,-0.5063792858675678,-0.5518143670770097,-0.3570048477446076,-0.5086528755189718,-0.22705855023683524,-0.220864026238383,-0.7488063788387935,-0.2864698471766248,-0.44135835828915443,-0.35144822120357666
57.4,-0.3222694626123439,0.23526281461466683,0.2249043433436537,0.3321788618132432,-0.06674993400748953,-0.07317194162820702,0.17834197116619607,-0.06082354695606267,0.010465395375821451,-0.4008026040486805,-0.33993542535543714,0.024637261496405764,0.17695956602324822,0.0158834402262854,-0.1690986908753865,-0.7348209074173745,-0.9768016753643891,-0.285513304146114,-0.8198160369942242,-0.6543482131079436,-0.689573099044088,-0.9214869179020201,-0.5117297619133814,-0.5660780761093485,-0.3708478490859063,-0.5192248139029251,-0.24862919376857223,-0.22245891624712885,-0.7513022390763832,-0.28727196432056373,-0.44466902972234557,-0.344534236973711
57.5,-0.3311040081072106,0.24216575078540792,0.2243498527720527,0.3390256346766907,-0.08538366446429278,-0.07848336912169881,0.17666896892480105,-0.060169806553916065,0.007596272332906733,-0.40106613754704035,-0.34472333742110645,0.02578878708631281,0.17353085444067823,0.01987200482045,-0.16403201404077658,-0.7208147609630369,-0.9870900765481437,-0.28236170144434863,-0.8107600373357027,-0.6569677108080141,-0.6900084707581345,-0.9350688540289216,-0.5175744695832958,-0.5814388350993813,-0.3743608933377496,-0.5172592038473833,-0.24688188156140894,-0.22845961943129953,-0.7494571024094332,-0.2950487738706251,-0.45320860085622894,-0.3429700725123691
57.6,-0.32494975339620646,0.24273142835692574,0.21875203953230732,0.3389452783680554,-0.08629080951157701,-0.07193663719659343,0.18049724513377405,-0.06150885811927731,-0.0034362375647640935,-0.40341239619704666,-0.3383965744502447,0.021452609638488034,0.17526512963485738,0.020842271042633635,-0.1693714722257098,-0.7229939453156972,-0.985359808244432,-0.29677934606028966,-0.809423116930297,-0.6714789210657925,-0.7140451045588143,-0.9335089992544283,-0.5429139879140987,-0.5928955385079364,-0.36654184053782674,-0.5231446061645899,-0.2373534497985188,-0.2476494628920672,-0.751410566983855,-0.2914655899199244,-0.4659954145785551,-0.35148893369867323
57.7,-0.32866944907426665,0.2505583346426926,0.21464867287706912,0.34759508435248226,-0.09850640814251689,-0.0738307366534084,0.19120245821015042,-0.06428461169804542,-0.0143297475506348,-0.4060685380679148,-0.332730394536516,0.027372699641604332,0.17632446681490818,0.02424147541032793,-0.16763181612957614,-0.7090873533634561,-0.9903257666566646,-0.3109896160797506,-0.8140512688906818,-0.6758597679907946,-0.7239696284483585,-0.937252753655428,-0.5346213259226014,-0.5955532701549409,-0.37672178921010224,-0.5244558121523624,-0.23344801423282957,-0.251011852734215,-0.7552418268734687,-0.30226943599170997,-0.48179953310501084,-0.34951999089184466
57.8,-0.32459523456733147,0.24778655375536873,0.1986616373159912,0.3428487624801171,-0.10539875884761951,-0.06906657962351775,0.19605394398606096,-0.06829082904288292,-0.021376505681830405,-0.40587149870340006,-0.33577766773225354,0.023183834489914137,0.17438763157902137,0.023373409519207654,-0.1706629911858712,-0.7076111167730385,-0.9907830765282671,-0.30310575401109163,-0.8177221444419187,-0.6799149192295236,-0.7290776144103114,-0.9472574987913803,-0.5320517343560943,-0.6067456715496865,-0.38656972157593206,-0.5277927248765147,-0.2336337786155657,-0.25118225883619644,-0.7565543464431185,-0.3100129282723503,-0.4787291098754271,-0.3508189773918058
57.9,-0.33597869854889584,0.2542072490439817,0.20157750358205784,0.3499130005877503,-0.10629986818150214,-0.06792979074727876,0.1999824238676155,-0.06400542482083749,-0.020655795889738295,-0.4073700337914525,-0.3352988282514196,0.02729315190192558,0.17827876859671338,0.02616346529682332,-0.1648057226449443,-0.7071019339357834,-1.0042368396186416,-0.3179572317457965,-0.8196006570345712,-0.6847298286556578,-0.7345003920123646,-0.9531891161178131,-0.5298659095519239,-0.5931442749927343,-0.39401785075899687,-0.530638434966841,-0.21870686972893585,-0.2457459132186545,-0.758321177181637,-0.31702283927338165,-0.47607481677946356,-0.340738594854629
58.0,-0.3458662684906429,0.24487758671812704,0.19992418449483101,0.35225133186821844,-0.10451423199955118,-0.05671137318417992,0.19477509146477417,-0.06615342712645582,-0.025024135857815117,-0.40471068816917055,-0.32241342231046244,0.03260319728864447,0.17819136461754967,0.020786289087930426,-0.1661252655175259,-0.699564457763276,-1.0019737583227726,-0.3278806938828553,-0.8190555923482601,-0.6840940045479007,-0.7417994360877417,-0.9541817819542285,-0.5274349984961602,-0.6066741086965391,-0.4041750541196002,-0.5260563717290345,-0.20886753965061594,-0.24354391712874573,-0.7585375488959027,-0.3155630790659722,-0.4798059589287773,-0.34076518817183565
58.1,-0.36673972673015554,0.2505798868570716,0.19118652998994837,0.34980327007696643,-0.10929265743797018,-0.054800470340017005,0.1940529322508793,-0.05652601478141615,-0.02405136311522606,-0.40432880169441027,-0.31881787396617856,0.04153196264945754,0.1824222297879453,0.019111356802539333,-0.1650378487684496,-0.6993461180455307,-1.0110107231177645,-0.34806171897244215,-0.816266915528153,-0.6852129850174657,-0.7495653419458707,-0.9534345856573538,-0.5181168816595949,-0.6178032336909467,-0.4061510831306239,-0.5216937512322777,-0.20559027235245875,-0.23551688633721776,-0.7587812593964552,-0.32082444414733086,-0.4814489431735493,-0.3405778723053764
58.2,-0.36053693276623844,0.24920617557625827,0.17177520391640755,0.3636687511042046,-0.10677705792873053,-0.056158567470383294,0.17918389780029678,-0.06240923397312455,-0.030015020202360847,-0.40982447213307716,-0.3149283377818831,0.0391704221754177,0.17493714905615587,0.021852117521214125,-0.17352083015979125,-0.6955232562175279,-1.0117498628696537,-0.3586272099300221,-0.8164946150780072,-0.6847949693633774,-0.7511786065851731,-0.9552565723699015,-0.5180615100122958,-0.6266249518977384,-0.39161051538356506,-0.5278577215855739,-0.2087679173802461,-0.21994464614978984,-0.7575942723565295,-0.3285684792421101,-0.4861527721864498,-0.34394890636527126
58.3,-0.3620778312474793,0.2500253026887603,0.14985690652555902,0.3680788090083904,-0.11083201322117382,-0.05252545407247411,0.1796417913913227,-0.047084787529580764,-0.040258640128612,-0.4144941460877512,-0.3134482022828244,0.04025186263528091,0.1752705268024158,0.027089956453503056,-0.16653937370910832,-0.6971102386682073,-1.018637053359085,-0.37303456020039183,-0.8101400568001274,-0.6779930723683762,-0.7511072476622321,-0.9619919935256904,-0.5238191975617749,-0.6318038186173388,-0.3995806621167701,-0.526516472836666,-0.2126927687830431,-0.22302429714888822,-0.7627111499848505,-0.3387373717515466,-0.48927729211135457,-0.33585773079476694
58.4,-0.36877940232583156,0.26056383258163274,0.14690662545450597,0.3606452946996184,-0.11340874642550126,-0.05628079779460501,0.17568913956310003,-0.04726108706630936,-0.052081686448224335,-0.4195329547895105,-0.31296139732557765,0.04751732091799921,0.16116353438148262,0.021626469402423937,-0.16226453218241232,-0.6975627569996533,-1.0218023377461303,-0.3859713691326411,-0.8036397300183953,-0.674979708339398,-0.7576459523600385,-0.9686666091068669,-0.5114801746852057,-0.6391559054465489,-0.40226626980262886,-0.5335284812942019,-0.19958527186803965,-0.21926927728219953,-0.7620686127292066,-0.351615289128279,-0.4916726869218418,-0.3327248992128592
58.5,-0.37207057913755953,0.25783570759152724,0.1422461894067627,0.3610653068273831,-0.11741985950006685,-0.06470840963151227,0.17847904190092478,-0.04968935653317275,-0.06648323080737638,-0.4144705527624285,-0.31082780169195867,0.041954002379820415,0.16979709721466021,0.025188889089046356,-0.16782435241776694,-0.6986383693729702,-1.0302902266744107,-0.4010970299228218,-0.8133513064570245,-0.6663845059886743,-0.7636301004450667,-0.975638009056531,-0.5076957346110005,-0.6445416011204723,-0.40393526948068414,-0.5312623496355632,-0.2020245109939378,-0.21796413181369828,-0.7620253236263433,-0.3604013330396037,-0.5039552880944586,-0.3209523599466113
58.6,-0.3697877150954836,0.25719350177069056,0.15627291524671424,0.35344911363672765,-0.11715349563095771,-0.0686919266724341,0.16785557394393155,-0.04234191040806802,-0.06901171390241591,-0.40936276133388255,-0.3125199701237113,0.04473141343975808,0.1650817392709784,0.023255546438562823,-0.17889902818271114,-0.6985365256233041,-1.0346381812706877,-0.4183430362856651,-0.8292362645267208,-0.666461261112343,-0.7718321285342458,-0.972997774250462,-0.5129326594768955,-0.649481815122731,-0.4068085746796369,-0.5377701171156102,-0.20550925643890336,-0.21940384290871004,-0.7706267640887822,-0.36336071188809094,-0.5102516702050013,-0.3377302477767694
58.7,-0.3805211223339001,0.26058012422950844,0.14850786998813922,0.33406569480353027,-0.1292822774387411,-0.07455174561254013,0.16692052580186492,-0.038353153495649925,-0.075857876988326,-0.3954772200806425,-0.30265400510668405,0.04458002834200057,0.1672434593068754,0.00918354724939689,-0.1888768686633943,-0.703651451209141,-1.042798142326817,-0.43326149919211354,-0.8385622351647695,-0.6699713133034567,-0.780611485334342,-0.9677967480321906,-0.5126107415857403,-0.6525416774940933,-0.4108541221700609,-0.5312152871065453,-0.20492920812523946,-0.21257449261335767,-0.7708741385552531,-0.36624437179515296,-0.5079918228569104,-0.34356612541811893
58.8,-0.37277046042208145,0.25687124656786137,0.14013230319353864,0.3196054962368846,-0.12580625261065237,-0.07807937278750579,0.16601486619580194,-0.031903656654489417,-0.09734539126293835,-0.3859749578661025,-0.300298530346546,0.039439813288565745,0.1679916245087932,0.000920524515382369,-0.19214586972553993,-0.7031993432423183,-1.046228123469387,-0.4349324612017309,-0.8390065813193213,-0.6669558985186466,-0.7856713624596664,-0.9593740302762916,-0.5131420211309069,-0.660275729833023,-0.4215637240705277,-0.5339281540340438,-0.20362467422890934,-0.2176139513013067,-0.7799069867833709,-0.36675841480692545,-0.5123937329070181,-0.3493995703440898
58.9,-0.3679212463745837,0.2584483081063343,0.1295586687918215,0.31723897955534414,-0.12410337525098959,-0.08264159514452495,0.1655543955071588,-0.03256918806246933,-0.09969137566435443,-0.37442639694764146,-0.3000411132378384,0.03803612256503581,0.1580804332633281,-0.008813505687527836,-0.20151040838594603,-0.7066449924273729,-1.050454317190894,-0.44260672256915584,-0.8363266690668308,-0.6645253200354353,-0.7949465100132715,-0.9585352598644421,-0.5196333709334114,-0.6599884589406172,-0.4261761611069804,-0.5354862690166023,-0.21004758196990117,-0.22241760555833467,-0.784313990867275,-0.3798167775310005,-0.5147506376548722,-0.34797575185401397
59.0,-0.35981945374919894,0.25174462761373145,0.11845664083498353,0.3033504227447293,-0.11921309522292114,-0.08454271071932026,0.17678868249507307,-0.037741546430235744,-0.11562018191237153,-0.36266451763569635,-0.30507130895761786,0.03825012421950878,0.1578760375709382,-0.022312014836064566,-0.20135331271979715,-0.7043451608198574,-1.0516928668508192,-0.4489513707399567,-0.8417458010644187,-0.654752585612187,-0.8000207432559793,-0.9573309269194458,-0.5159457469032808,-0.6632958524707202,-0.43183450773550197,-0.544370586139259,-0.21364419557575437,-0.2285213586119883,-0.7957041080907812,-0.3896191880472081,-0.5167214119428195,-0.3452922527123795
59.1,-0.35644024588758666,0.25998432456603804,0.09989264561412449,0.29968671521575446,-0.11955662214573634,-0.08649830256948389,0.1782096147143804,-0.04124447910349056,-0.11244774484181021,-0.3608390824086313,-0.29622776639349235,0.04303004651042084,0.1590912779248926,-0.04188378511939447,-0.20498440019142128,-0.7018512415879998,-1.0531432059502914,-0.4599161390285104,-0.8492570053508011,-0.6564949430137789,-0.8085500201977956,-0.9540070133954092,-0.5137399940778372,-0.6575432796780921,-0.43647348409704395,-0.5475834291097488,-0.21493895023316092,-0.23674394734238624,-0.8097485758266908,-0.40057800554831113,-0.5198899873103227,-0.3454613567334838
59.2,-0.3507959531618412,0.2526366186284837,0.10031808524485447,0.27939220683591165,-0.10809438781863531,-0.08247676865108985,0.17997259379382657,-0.038445342811176855,-0.11898340167446542,-0.34787158735522566,-0.29720015957854534,0.040739083242638516,0.16475669069803583,-0.0454967164524217,-0.21283566202339024,-0.7157413096655681,-1.0461273558163133,-0.4681077588366466,-0.8465362701570089,-0.6455826644155682,-0.809990004264438,-0.9475910405448913,-0.5402963405289201,-0.6626192811700342,-0.4342780385705566,-0.5372109339480818,-0.22423850045276342,-0.2536199437920495,-0.8247544004061172,-0.4067155030260843,-0.5221713410856692,-0.3519517957547922
59.3,-0.35033931992164835,0.24515087124596655,0.08786903179296462,0.27564019688940883,-0.11833117545880589,-0.08858552877942974,0.1689982855721431,-0.041229981980891006,-0.09544524103423013,-0.3379906719133386,-0.29620274429106525,0.04251231704328705,0.15711742418663627,-0.054701482591322945,-0.22613974413901827,-0.7211929502093043,-1.0457177772793156,-0.4603222659016744,-0.8345103239254222,-0.6411327793726054,-0.8130240442929717,-0.9525520159776453,-0.540833465805688,-0.6655551969452601,-0.432022314195184,-0.5493054496968222,-0.2421284395829931,-0.25103291867553074,-0.8084943942531315,-0.4084496779502837,-0.5032557761245081,-0.3484742462871709
59.4,-0.34699847542656004,0.24441492365287024,0.09405175352902098,0.2637217599436971,-0.11244467918955146,-0.09186116684729469,0.1682357181868322,-0.03741814458348525,-0.10015217745865682,-0.3272278185505641,-0.302208464530352,0.04786301857961628,0.16483193696649237,-0.05613015215166278,-0.2268992003161973,-0.7224866520902375,-1.040307223268357,-0.48980913465254416,-0.8352728447734762,-0.6478032311548746,-0.8167619387337195,-0.9508769038841223,-0.5361936960640726,-0.6564905661050323,-0.4540395698441589,-0.5501233145614357,-0.2729445508794695,-0.24842737395563397,-0.7943645324185616,-0.39743813661193805,-0.503119619693607,-0.34830520062714715
59.5,-0.34735568281079676,0.23784498123005404,0.08367813105596672,0.26206765263619564,-0.11037891021297459,-0.08816301091035228,0.15852553918799955,-0.041149090989720916,-0.09630082927171343,-0.3150311348781663,-0.29947493805335296,0.051520679084012866,0.160988367123412,-0.05307081815897779,-0.23349212394729765,-0.7316026795048501,-1.0463837956449535,-0.4931408161574601,-0.8321506127977687,-0.6445381787807334,-0.8214664787067965,-0.9467018693620132,-0.5369412659663277,-0.6550390588393051,-0.46161981201234176,-0.5486171352138576,-0.27688348963167,-0.24754619696555338,-0.8006874635958002,-0.4099809761608872,-0.5033944420523615,-0.3537987968767243
59.6,-0.35193655102589283,0.23000654574407925,0.08604311809253365,0.2590440597973241,-0.10510244555486106,-0.08726310879944843,0.1666509901266325,-0.05223306669714196,-0.1099139644275625,-0.31370973947225045,-0.30144648304310434,0.040916399255930117,0.1689679322288075,-0.03911798776965049,-0.23879145761104625,-0.7362583198010177,-1.0485148129294186,-0.4973956735119711,-0.8287360399841961,-0.634415548158316,-0.823448508388202,-0.9455484350136731,-0.5346798955327733,-0.6523859430903233,-0.46313608573096765,-0.5546854631210183,-0.2775694853819596,-0.24549223471635828,-0.8016301205689809,-0.4082384076911478,-0.5058032177568308,-0.36408138292342673
59.7,-0.351178339901207,0.2307216250008335,0.08336615752154275,0.25306102791874147,-0.1041166173477901,-0.08832530172481308,0.15675980113246538,-0.055466112947370666,-0.10349936689403447,-0.3075392302752171,-0.29874504472263963,0.038515650876966595,0.16731525380403148,-0.04224676348434355,-0.2465178369884342,-0.7385336695064941,-1.0423883352458194,-0.49718269950484567,-0.8304366397225539,-0.6514292195664526,-0.8212432672627956,-0.9416949693379959,-0.5318644206150762,-0.650810772561617,-0.46574603742389314,-0.5574278077374174,-0.28013663685898715,-0.24609144617575332,-0.7998267618750391,-0.41000247718597876,-0.5035571284209851,-0.3714238802920219
59.8,-0.3606370283915154,0.21853456572968777,0.08723337713592771,0.24794492132553242,-0.1077692677181716,-0.0869799217307519,0.1589642012627558,-0.05974290261257432,-0.09504162866557404,-0.3107582365908402,-0.2949244954677268,0.026622225659495218,0.16066651087260012,-0.035587909901267825,-0.2468002492551456,-0.7451440132548306,-1.0256726535676517,-0.4999233798769471,-0.8299545159710667,-0.6494917350647876,-0.8169376896597851,-0.9583332563117282,-0.5394975166680006,-0.6462823389356537,-0.4689705112825034,-0.553155447242398,-0.27869833854492976,-0.2474171188333861,-0.8003222819299594,-0.4135446943915497,-0.5061293850549529,-0.3668260609675668
59.9,-0.3606370283915154,0.2185345657296878,0.0872333771359277,0.24794492132553242,-0.10776926771817158,-0.08697992173075188,0.15896420126275576,-0.05974290261257432,-0.09504162866557403,-0.3107582365908403,-0.2949244954677267,0.026622225659495218,0.1606665108726002,-0.03558790990126781,-0.24680024925514565,-0.7451440132548306,-1.0256726535676517,-0.49992337987694707,-0.8299545159710667,-0.6494917350647874,-0.8169376896597846,-0.9583332563117283,-0.5394975166680005,-0.6462823389356537,-0.4689705112825034,-0.5531554472423978,-0.27869833854492976,-0.2474171188333861,-0.8003222819299591,-0.4135446943915498,-0.5061293850549528,-0.36682606096756687
